key,title,year,month,day,journal,issn,volume,issue,pages,authors,url,language,publisher,location,abstract,notes,doi,keywords,pubmed_id,pmc_id
rayyan-637106413,Explainable residual ensemble modelling for EuroQol-5 dimensions-based quality-of-life assessment and stratification in patients with knee osteoarthritis.,2026,1,1,Digital health,,,,,Lee J and Oh S and Hwan Choi J and Taek Lee J and Ryun Kim B and Lee S,https://pubmed.ncbi.nlm.nih.gov/42370012/,,,,"To develop an interpretable machine-learning framework for supporting quality-of-life (QoL) assessment and stratification in patients with knee osteoarthritis (OA) by integrating linear and nonlinear modelling strategies. This retrospective study utilised de-identified clinical data from 1,102 patients with knee OA collected at a university hospital in South Korea between September 2013 and January 2022 and made available via the AI Hub platform. QoL was assessed using the EuroQol-5 Dimensions (EQ-5D) index and dichotomised at 0.7. A residual ensemble model combining logistic regression (LR) and a Random Forest residual learner was developed and evaluated using stratified train-test split and three-fold cross-validation. Model performance was assessed using accuracy, F1-score, ROC-AUC, and PR-AUC. Model interpretability was examined using LR coefficients and SHAP analysis. The proposed model achieved superior performance on the independent test set (accuracy = 0.88, precision = 0.85, recall = 0.83, F1 = 0.84, ROC-AUC = 0.93, PR-AUC = 0.91), outperforming individual baseline models. Key predictors included functional limitation (WOMAC), pain severity (VAS), and surgical history (TKA). Incorporating interaction features further improved accuracy to 0.89 without compromising interpretability. The proposed residual ensemble framework effectively balances predictive performance and interpretability, providing a clinically meaningful framework for QoL assessment and risk stratification in knee OA. This approach supports the development of explainable decision-support tools in digital musculoskeletal health.","RAYYAN-INCLUSION: {""Dhruv ""=>""Included""}",,,,
rayyan-637106414,"Increasing research on personalized alignment concepts, robotic-assisted surgery and artificial intelligence in total knee arthroplasty: A bibliometric analysis of the last 10 years in KSSTA.",2026,1,1,Journal of experimental orthopaedics,,,,,Onoi Y and Elsheikh R and Matsumoto T and Kuroda R and Huegli R and Nowakowski AM and Hirschmann MT,https://pubmed.ncbi.nlm.nih.gov/42305898/,,,,"To evaluate contemporary trends in total knee arthroplasty (TKA) research published in Knee Surgery, Sports Traumatology, Arthroscopy (KSSTA) over the last decade, with a focus on alignment concepts and surgical assistance technologies. KSSTA articles on primary TKA published between 2015 and 2024 were identified through Scopus. After exclusions, 856 articles were analysed. Bibliometric data were extracted and manually classified according to alignment concepts (mechanical [MA], kinematic [KA] or functional [FA]), surgical assistance technologies (manual, navigation, patient-specific instrumentation [PSI] or robotic-assisted surgery), study design and the use of patient-reported outcome measures (PROMs). Analyses and visualizations were performed using R (Bibliometrix) and VOSviewer. Alignment concepts shifted after 2022; KA increased to 40% (16/40 articles) and FA to 30% (12/40 articles) in 2024, whereas MA declined to 30% (12/40 articles). Manual TKA dominated overall (455/699 articles, 65%), whereas navigation (118 articles, 17%) and PSI (63 articles, 9%) contributed steadily at lower levels. Robotic-assisted surgery emerged after 2021, overall reaching 63/699 articles (9%) and peaking at 26/104 articles (25%) in 2023. Artificial intelligence (AI)-based studies appeared after 2020, reaching 6/112 articles (5%) in 2022, showing steady growth. International collaboration rates were higher in Europe and North America (up to ~58% multiple-country publications [MCP]) than in Asia (<10% MCP). PROMs usage remained broad, with a notable increase in Forgotten Joint Score since 2020. The KSSTA TKA literature (2015-2024) reflects a shift toward personalization (KA/FA) and precision (robotics), alongside the emergence of AI. The convergence of phenotype-aware planning, precise execution and data-driven evaluation outlines a coherent path forward. Continued methodological rigour and standardized reporting are essential to translate these trends into durable improvements in TKA outcomes. Future research should prioritize high-quality comparative studies to clarify the clinical impact of emerging alignment strategies and technological innovations in TKA. Level IV.","RAYYAN-INCLUSION: {""Dhruv ""=>""Included""}",,,,
rayyan-637106415,"Outpatient Versus Hospital-Based Total Knee Arthroplasty: A Survey-Based Comparison of Complications, Infection, and Patient Satisfaction in a Contemporary U.S. Cohort.",2026,1,1,Cureus,,,,,Woo BR and Khan MY and Patel KB and Persaud NA and Brecher L,https://pubmed.ncbi.nlm.nih.gov/42199571/,,,,"Introduction The use of outpatient pathways for total knee arthroplasty (TKA) has expanded with advances in perioperative optimization and risk stratification; however, concerns remain regarding safety and patient outcomes. This study aimed to compare postoperative complications, infection rates, and patient satisfaction between an outpatient surgery center and hospital-based TKA, while assessing the relative contribution of patient-level factors to outcomes. Methodology A cross-sectional survey of 384 adults in the United States who had undergone primary TKA was conducted. Individuals with additional joint arthroplasties were excluded to isolate the effect of the surgical setting, resulting in 305 hospital TKAs and 79 outpatient TKAs. The primary exposure was a surgical setting. Primary outcomes included any self-reported postoperative complication, infection, and willingness to undergo TKA again. Outcomes were compared using chi-square and t-tests. Multivariable logistic regression was performed, adjusting for age, sex, body mass index (BMI), diabetes, surgical technique, and physical therapy adherence. Results Outpatient TKA patients were younger (47.6 vs. 55.4 years, P < 0.00001) and more frequently male (55.7% vs. 40.3%, P = 0.0199). These differences reflect real-world patient selection patterns for outpatient arthroplasty and indicate baseline imbalance between cohorts. Diabetes prevalence did not differ significantly between groups (17.4% vs. 13.9%, P = 0.57). Rates of complications (34.2% vs. 31.8%, P = 0.79), infection (5.1% vs. 8.5%, P = 0.43), and willingness to undergo TKA again (82.3% vs. 77.0%, P = 0.40) were similar between outpatient and hospital settings. Among older patients (≥56 years), outpatient TKA was associated with a higher proportion of patients willing to undergo the procedure again (91.3% vs. 75.4%). In adjusted analyses, surgical setting was not associated with complications (odds ratio (OR) 0.83, 95% confidence interval (CI) 0.47-1.47, P = 0.52), infection (OR 0.41, 95% CI 0.13-1.27, P = 0.12), or satisfaction (OR 1.21, 95% CI 0.61-2.43, P = 0.58). Higher BMI (OR 1.07, 95% CI 1.03-1.11, P = 0.0012) and male sex (OR 0.26 for female vs. male, 95% CI 0.11-0.61, P = 0.0021) were associated with increased infection risk. Robotic-assisted TKA (OR 3.29, 95% CI 1.43-7.57, P = 0.0052) and male sex (OR 0.47 for female vs. male, 95% CI 0.27-0.82, P = 0.0078) were associated with higher satisfaction. Diabetes was associated with increased complications (OR 1.95, 95% CI 1.06-3.57, P = 0.030) and lower satisfaction (OR 0.47, 95% CI 0.24-0.92, P = 0.027), but not infection. Conclusions Outpatient TKA was associated with similar observed rates of complications, infection, and patient satisfaction compared with hospital-based TKA in this cohort; however, these findings should be interpreted with caution, given baseline differences between groups and the potential for residual confounding. Patient-level factors, including BMI, sex, diabetes, and use of robotic assistance, appear to have a greater impact on outcomes than surgical setting. These findings support outpatient TKA as a safe and effective approach and emphasize the importance of individualized risk stratification and perioperative optimization.","RAYYAN-INCLUSION: {""Dhruv ""=>""Included""}",,,,
rayyan-637106416,A 120° Preoperative Knee Flexion Cutoff Identifies Patients Likely to Achieve Postoperative Flexion ≥ 120° and Clinically Meaningful Flexion Gain After Total Knee Arthroplasty.,2026,1,1,Journal of clinical medicine,,,,,Kubo M and Maeda T and Kumagai K and Amano Y and Nosaka Y and Uenaka K and Fujikawa H and Horikawa S and Kawasaki T and Imai S,https://pubmed.ncbi.nlm.nih.gov/42194735/,,,,"Background/Objectives: In our previous study, we reported that postoperative flexion ≥ 120° is associated with better knee function after TKA, whereas flexion gain is associated with higher patient satisfaction. However, preoperative determinants of achieving these clinically relevant targets remain unclear. This study investigated preoperative factors predicting (1) postoperative flexion ≥ 120° and (2) clinically meaningful flexion gain after TKA. Methods: We retrospectively reviewed prospectively collected data from 221 primary TKAs (171 patients) performed between 2014 and 2020. Passive knee range of motion (ROM) was measured preoperatively and at 1 year postoperatively. Preoperative variables included age, sex, body mass index (BMI), Pain Catastrophizing Scale, Knee Society Score, and Knee Injury and Osteoarthritis Outcome Score (KOOS). Patients were categorized as the good-flexion group (postoperative flexion ≥ 120°) or poor-flexion group (<120°), and as the improvement group (flexion gain ≥ 5°) or no-improvement group (<5°). Variables differing between groups were entered into multivariable logistic regression. Receiver operating characteristic (ROC) analysis (Youden index) identified optimal cutoffs. Results: Postoperative flexion was ≥120° in 63.3% of knees, and flexion gain ≥ 5° occurred in 48.4%. In multivariable models, preoperative flexion angle was the only independent preoperative predictor of achieving postoperative flexion ≥ 120° (p < 0.001) and flexion gain ≥ 5° (p < 0.001). ROC analysis showed that a preoperative flexion cutoff of 120° best discriminated both outcomes (AUC 0.78 for postoperative flexion ≥ 120°; AUC 0.80 for flexion gain ≥ 5°). Conclusions: A 120° preoperative knee flexion threshold provides a simple, clinically actionable marker for predicting postoperative flexion ≥ 120° and meaningful flexion gain after TKA. Incorporating preoperative flexion into shared decision-making may improve counseling by setting realistic expectations for postoperative knee function and satisfaction.","RAYYAN-INCLUSION: {""Dhruv ""=>""Included""}",,,,
rayyan-637106417,Poor Sleep Quality Associated with Impaired Postoperative Outcomes and Frailty Incidence in Elderly Patients After Total Hip Arthroplasty: A Severity Matched Case-Control Study.,2026,1,1,Journal of multidisciplinary healthcare,,,,,Zhao L and Wu H and Wu Z and Li FY and Yan JF,https://pubmed.ncbi.nlm.nih.gov/42164073/,,,,"This study aimed to assess the effect of preoperative sleep quality on postoperative pain, functional recovery, and weakness in THA patients and explore its interaction with other health issues. This retrospective case-control study included 90 patients (45 with poor sleep PSQI>5 and 45 with good sleep PSQI≤5) matched by age, sex, and the American Society of Anesthesiologists (ASA) classification. Data on sleep, hip function, pain, anxiety/depression, and weakness were collected preoperatively and 6 months postoperatively. Multiple logistic regression was used to analyze the postoperative frailty risk factors, adjusting for age, body mass index (BMI), diabetes, and osteoporosis history, with ORs and 95% CIs. Patients with poor preoperative sleep quality demonstrated significantly longer hospital stays (4.79±1.47 vs 3.42±0.89 days, P<0.001) and higher pain scores at 3 months postoperatively (visual analog scale [VAS] 3.13±1.04 vs 1.87±0.87, P<0.001). Multivariate analysis identified preoperative poor sleep as an independent predictor of postoperative frailty (OR=2.44, 95% CI 0.97-4.20, P=0.002), along with age ≥65 years (OR=11.29) and osteoporosis history (OR=2.06). Two-way ANOVA revealed significant group-time interactions in PSQI scores (P<0.001). While both groups showed postoperative PSQI improvement (poor sleep: 11.89±2.92 to 6.56±2.39; good sleep: 3.31±1.57 to 2.29±1.14), between-group differences remained significant (P<0.001). Poor preoperative sleep quality was associated with a higher risk of pain and frailty after THA, possibly due to a two-way relationship. Although this study has some limitations, preoperative sleep screening could be useful in improving perioperative care and requires further testing in future studies.","RAYYAN-INCLUSION: {""Dhruv ""=>""Included""}",,,,
rayyan-637106418,Limited Femoral Joint-Line Alteration and Preserved Extension Lateral Laxity Enhanced Early Outcomes in Restricted Kinematic Alignment Total Knee Arthroplasty.,2026,1,1,The Journal of arthroplasty,,,,,Lee DW and Ro DH and Han HS,https://pubmed.ncbi.nlm.nih.gov/42162755/,,,,"Restricted kinematic alignment (rKA) total knee arthroplasty (TKA) seeks to restore native alignment while limiting excessive correction. The influence of alignment change magnitude and intraoperative gap characteristics on early patient-reported outcome measures (PROMs) after robotic rKA TKA remains unclear. This retrospective cohort study included 69 robotic-arm-assisted cruciate-retaining TKAs performed using an rKA protocol. Intraoperative medial and lateral extension and flexion gaps-extension medial gap, extension lateral gap, flexion medial gap (FMG), and flexion lateral gap-were recorded automatically. Preoperative and postoperative hip-knee-ankle (HKA) angle, lateral distal femoral angle (LDFA), and medial proximal tibial angle were measured using a validated deep learning model. Multivariable analyses of covariance evaluated associations between demographics, baseline alignment, alignment changes, gap characteristics, and PROMs at one and two years. All PROMs improved postoperatively. Smaller changes in HKA and LDFA were independently associated with higher two-year Knee Society Knee Scores (P = 0.001 and P = 0.013). Greater ELG was associated with a higher two-year Forgotten Joint Score (P = 0.001), whereas greater FMG was associated with lower two-year Western Ontario and McMaster Universities Osteoarthritis Index pain and stiffness scores (P = 0.011 and P = 0.002). Receiver operating characteristic analyses identified changes in LDFA less than 2.3° (area under the curve [AUC] 0.622) and changes in HKA less than 8.4° (AUC 0.541) as thresholds associated with higher Knee Society Knee Score. An ELG ≥ 3.0 mm predicted higher Forgotten Joint Score (AUC 0.658), and FMG ≥ 1.5 mm predicted lower Western Ontario and McMaster Universities Osteoarthritis Index stiffness (AUC 0.716). No revisions occurred. In robotic cruciate-retaining rKA TKA, minimizing femoral joint-line alteration and preserving controlled lateral extension laxity, along with mild medial flexion laxity, were associated with modestly improved early outcomes. These findings are exploratory and require validation in larger cohorts with longer follow-up.","RAYYAN-INCLUSION: {""Dhruv ""=>""Included""}",,,,
rayyan-637106420,Concurrent lumbar degenerative disease is independently associated with chronic post-surgical pain after total knee arthroplasty for knee osteoarthritis: a retrospective study.,2026,1,1,BMC surgery,,,,,Zhang X and Zhu X and Rao D and Sha L and Hao L and Jiang S and Zhang Z and Zhang C,https://pubmed.ncbi.nlm.nih.gov/42157032/,,,,"Chronic post-surgical pain (CPSP) after total knee arthroplasty (TKA) remains a significant clinical challenge. This study aimed to investigate the association between concurrent lumbar degenerative disease (LDD) and CPSP after TKA for knee osteoarthritis (KOA). A total of 348 KOA patients undergoing first unilateral TKA (June 2023-June 2025) were enrolled and stratified into LDD (n = 167) and non-LDD (n = 181) groups. CPSP incidence, pain severity, and postoperative knee function were compared. Logistic regression models were constructed to identify influencing factors for CPSP after TKA. At 6 months postoperatively, both groups showed significant improvements in knee function, mobility, and pain (all P < 0.05). Compared with the non-LDD group, the LDD group exhibited lower knee society scores, reduced knee range of motion, a shorter 6-minute walk distance, a longer timed up and go test time, higher visual analogue scale (VAS) scores for pain at rest and during activity, a higher rate of non-steroidal anti-inflammatory drug use, and a higher incidence of CPSP (all P < 0.05). Depression/anxiety history, preoperative VAS scores, and LDD were independently associated with CPSP after TKA in patients with KOA (all P < 0.05). Among patients with KOA with concurrent LDD, depression/anxiety history, preoperative VAS scores, and preoperative radicular symptoms were independently associated with CPSP after TKA (all P < 0.05). LDD is independently associated with CPSP after TKA. In patients with KOA with concurrent LDD, preoperative radicular symptoms, depression/anxiety history, and intense preoperative pain further increase CPSP risk.","RAYYAN-INCLUSION: {""Dhruv ""=>""Included""}",,,,
rayyan-637106423,Preoperative muscle health can predict distinct recovery patterns of patient-reported outcomes during 1 year after knee arthroplasty.,2026,1,1,Clinical nutrition ESPEN,,,,,Kamitani T and Wada O and Mizuno K and Kurita N,https://pubmed.ncbi.nlm.nih.gov/42128092/,,,,"Although knee arthroplasty (KA) generally improves physical function, the postoperative recovery process exhibits significant inter-individual heterogeneity. It remains unclear whether preoperative muscle health indicators can predict distinct longitudinal recovery trajectories. The main objective of this study was to examine whether preoperative muscle mass, quadriceps strength, and phase angle (PhA) of the operated limb can predict functional recovery patterns over 12 months following KA. A secondary objective was to identify distinct longitudinal trajectories of postoperative functional recovery using patient-reported outcomes. This was a prospective cohort study conducted at single center in Kobe, Japan. Eligible participants were patients with knee osteoarthritis scheduled to undergo primary unicompartmental or total knee arthroplasty. Functional outcome was assessed using the functional activities subscale of the Knee Society Scoring System (KSS) at preoperatively and 3, 6, and 12 months postoperatively. The skeletal muscle mass index (SMI), quadriceps strength, and PhA of the operated limb were measured as muscle health indicators at preoperatively. Group-based trajectory modeling (GBTM) was applied to identify the trajectories of the KSS functional activities score. Using multinomial logistic regression model, we investigated whether SMI, quadriceps strength, and PhA on the operated limb could predict membership of the trajectories of KSS functional activities score. A total of 1056 patients were included in the main analysis. The mean age was 72.3 years, 78.3% were women, 68% of patients underwent TKA. The GBTM identified four trajectory groups as follows: Group 1 (low start, moderate improvement), Group 2 (low start, high improvement), Group 3 (medium start, moderate improvement), and Group 4 (high start, moderate improvement). The multinomial logistic regression model showed that patients with stronger quadriceps strength and higher PhA were less likely to belong to Groups 1, 2, or 3 than to Group 4. The RRRs (95% CI) per 1 standard deviation (SD) increase in quadriceps strength, relative to Group 4, were 0.42 (0.36-0.66) for Group 1, 0.69 (0.54-0.88) for Group 2, and 0.84 (0.70-1.03) for Group 3. The corresponding RRRs (95% CI) per 1 SD increase in PhA were 0.52 (0.39-0.68) for Group 1, 0.65 (0.51-0.83) for Group 2, and 0.80 (0.66-0.96) for Group 3. In contrast, a weak association was observed between SMI and trajectory membership. The RRRs (95%CI) per 1 SD increase in SMI were 0.89 (0.61-1.29) for Group 1, 0.84 (0.58-1.20) for Group 2, and 1.01 (0.77-1.32) for Group 3. These findings suggest that assessing preoperative muscle strength and quality enables to predict the high risk of poor functional recovery after knee arthroplasty. It has important clinical implications for optimizing perioperative management and facilitating the setting of goals between clinicians and patients.","RAYYAN-INCLUSION: {""Dhruv ""=>""Included""}",,,,
rayyan-637106424,"The effect of suturing techniques on aberrant wound recovery after total hip arthroplasty : study protocol for a prospective, randomized trial (HIP-STITCH).",2026,1,1,Bone & joint open,,,,,Miedema BW and Vehmeijer SBW and van der Linden H and Hesseling B,https://pubmed.ncbi.nlm.nih.gov/42108806/,,,,"The Netherlands is expected to see an increase in the annual number of primary total hip arthroplasties (THAs), as is the expectation in England, Wales, and Northern Ireland, according to the National Joint Registry (NJR). In 2023, the mean age for a patient receiving a primary THA was 69.3 years (SD 11.8) in the Netherlands, while the NJR documented a median age of 69 years. Wound recovery is impaired in elderly patients, and poor wound recovery could result in invasive and costly revision surgery. Currently, there is no consensus in the orthopaedic literature on which closure method is superior to prevent abnormal wound recovery. This prospective randomized trial will compare the effect of Monocryl, Vicryl Rapide with Indermil skin glue, Dermabond Prineo, and Stryker Zip on the amount of aberrant wound recovery within 14 days after primary THA via the direct anterior approach (DAA). Secondary outcomes include occurrence of superficial and deep wound infections within 90 days postoperatively, costs of the suturing techniques, number of visits to a healthcare professional for wound-related causes, and patient satisfaction scores. Photographs of the plaster (day three and day 11) and of the surgical wound (day seven and day 14) will be assessed with a self-developed classification model. Patient outcomes will be measured by a questionnaire at 14 and 90 days postoperatively. This study will contribute to improving clinical care for patients undergoing DAA THA. Aberrant wound recovery was chosen as a proxy for periprosthetic joint infection since PJI as primary outcome measure would require an unfeasible number of patients for a prospective single-centre study. The classification model used is both a strength and a weakness. It has been developed specifically for this study, but its use has not yet been validated. Due to the nature of this study, full blinding is not possible. Only the assessors are partially blinded.","RAYYAN-INCLUSION: {""Dhruv ""=>""Included""}",,,,
rayyan-637106428,Intraoperative component size adjustment is associated with pain-free recovery and good knee flexion after patient-specific instrumentation-assisted medial pivot TKA.,2026,1,1,Journal of orthopaedics,,,,,Kubota M and Takahashi T and Shioiri H and Hiyama S and Nakashima M and Kubo T and Matsumoto T,https://pubmed.ncbi.nlm.nih.gov/42094929/,,,,"Predictors of achieving both pain relief and sufficient knee flexion after patient-specific instrumentation (PSI)-assisted medial pivot total knee arthroplasty (MP-TKA) have been insufficiently studied. This study aimed to identify predictors of achieving pain-free recovery and good knee flexion 1 year after PSI-assisted MP-TKA. This single-center retrospective cohort study included patients with knee osteoarthritis who underwent PSI-assisted MP-TKA and completed a minimum 1-year follow-up. The primary outcome was achieving both knee flexion ≥120° and a numerical rating scale (NRS) pain score ≤1.0 at 1 year postoperatively. Baseline characteristics, radiographic parameters, postoperative knee range of motion (ROM), anteroposterior (AP) laxity, osteotomy thickness, and agreement between PSI-planned and implanted component sizes were evaluated. Variables associated with the outcome in univariate analysis were entered into multivariable logistic regression to identify independent predictors. A total of 64 knees were analyzed, including 21 in the Good outcome group and 43 in the Non-Good group. Overall intraoperative component size adjustment was more frequent in the Good outcome group than in the Non-Good group (81.0% vs 44.2%). Most intraoperative adjustments involved tibial downsizing. In univariate analyses, overall intraoperative component size adjustment, greater patient height, greater preoperative knee extension deficit, and larger AP translation at 90° flexion 1 year postoperatively were associated with favorable outcomes. In multivariable logistic regression analysis including preoperative and intraoperative variables, intraoperative component size adjustment was an independent predictor of achieving pain-free and good flexion recovery (OR = 4.32, 95% CI 1.07-17.45, p = 0.040). Other factors, including patient height and preoperative knee extension deficit and postoperative AP translation, were not independently associated with the outcome. Intraoperative component size adjustment was associated with achieving pain-free and good flexion recovery after MP-TKA. These findings highlight the critical role of intraoperative decision-making in achieving optimal functional outcomes. III (retrospective cohort study).","RAYYAN-INCLUSION: {""Dhruv ""=>""Included""}",,,,
rayyan-637106430,Anterior approach and robotic assistance associated with shorter operative times and lower transfusion requirements in conversion total hip arthroplasty.,2026,1,1,European journal of orthopaedic surgery & traumatology : orthopedie traumatologie,,,,,Riley R and Lutnick E and Frappa N and Geiger J and Simpson A and Leininger A and Dyskin E,https://pubmed.ncbi.nlm.nih.gov/42090018/,,,,"This study aims to describe a cohort of patients who underwent conversion to total hip arthroplasty (THA), comparing surgical approach and robotic assistance. Patients ≥ 18 years who underwent conversion to THA between January 1, 2015 and May 6, 2024, were retrospectively reviewed, and additionally contacted via telephone for updated patient reported outcome measures (PROMs), including the Hip Disability and Osteoarthritis Outcome Score, Joint Replacement (HOOS, JR) questionnaire. Surgical approach and robotic assistance were per surgeon preference, with consideration for the approach of the previous hip surgery. Descriptive statistics were calculated, and continuous variables analyzed using the Student's T-Test, the Wilcoxon Ranked Sum Test. Categorical variables were compared using Chi-Squared Tests and Fisher's Exact Tests, and outcomes analyzed with logistic regression in R statistical software. 83 patients met inclusion (53% anterior approach; 26.5% robotic assistance). Conversion via anterior approach demonstrated shorter operative times than posterior (by 45.9 min; p < 0.001), in addition to fewer postoperative transfusions (22.7% vs. 53.8%; p = 0.006). Length of stay (LOS), and fluoroscopy time were not significant. When stratified by previous surgery 37 patients were converted from prior intramedullary nail, 16 via the anterior approach. Mean operative time remained shorter (p = 0.003) and transfusion remained less (p = 0.015) compared to posterior conversion in this subset. Robotic assistance was associated with shorter operative times (by 44.9 min p < 0.001), and shorter LOS (p < 0.001). Zero robotic-assisted patients required transfusion within 24 h postoperatively compared to 50.8% of non-robotic cases (p < 0.001), although transfusion risk was not significant considering approach or robotic assistance after multivariable regression controlling for preoperative hemoglobin. PROMs were equivocal between compared groups (mean HOOS Jr 11.0 ± 5.1, response rate 42.2%). Conversion THA demonstrates acceptable outcomes, with documented overall improvements in postoperative function. The anterior approach and robotic assistance were associated with significantly shorter surgical times, and less risk of transfusion, potentially demonstrating some advantage in this conversion scenario, although patient selection may have also influenced outcomes.","RAYYAN-INCLUSION: {""Dhruv ""=>""Included""}",,,,
rayyan-637106433,Impact of Acetabular Labral Tear Location on Patient-Reported Outcomes and Conversion to Total Hip Arthroplasty After Hip Arthroscopy With an 8-Year Minimum Follow-up.,2026,1,1,Orthopaedic journal of sports medicine,,,,,Woodrow JG and Mun JS and Allen BJ and Poutre RL and Chenna SS and Earla RP and Gillinov SM and Siddiq BS and Martin SD,https://pubmed.ncbi.nlm.nih.gov/42046834/,,,,"Acetabular labral tears are a common cause of hip pain. While larger tear size has been linked to worse outcomes after arthroscopic treatment, the influence of labral tear location remains incompletely understood. To investigate how labral tear location affects functional outcomes, conversion to total hip arthroplasty (THA), and patient satisfaction after arthroscopy. Cohort study; Level of evidence, 3. Patients who underwent primary hip arthroscopy were retrospectively sent online surveys at a minimum of 8 years after their surgery. Tear location was classified into superior, anterosuperior, and posterosuperior based on intraoperative findings. Outcomes included patient-reported outcome measures, conversion to THA, Patient Acceptable Symptom State improvement, and overall patient satisfaction. Unadjusted and adjusted logistic regression models were performed to identify potential confounding variables. In total, 138 patients were included with a mean ± SD follow-up time of 11.1 ± 2.5 years. There was no significant difference in all postoperative patient-reported outcome measures across tear locations, although posterosuperior tears demonstrated lower mean outcomes as compared with superior and anterosuperior. Labral tear location was also not found to significantly influence rates of Patient Acceptable Symptom State achievement. Satisfaction was similar among superior, anterosuperior, and posterosuperior tear locations. THA conversion occurred in 20.9% of patients and was not independently associated with tear location after adjusting for confounders. Age was the strongest predictor of THA conversion, and tear size was also significant. Acetabular labral tear location was not found to be a significant predictor of functional or clinical outcomes after hip arthroscopy. However, while labral tear location was not predictive of conversion to THA, age and tear size were significant predictors of conversion.","RAYYAN-INCLUSION: {""Dhruv ""=>""Included""}",,,,
rayyan-637106436,Differences in Capture Rates of Patient-Reported Outcome Measures Between Ambulatory Surgery Centers and Hospitals From the American Joint Replacement Registry.,2026,1,1,The Journal of arthroplasty,,,,,Morrell AT and Zaniletti I and Huddleston JI and Ilgen RL and Springer BD and Bugarin A and Duwelius PJ and Lieberman EG,https://pubmed.ncbi.nlm.nih.gov/42000214/,,,,"The Centers for Medicare & Medicaid Services is requiring patient-reported outcome measures (PROMs) to demonstrate the value of total joint arthroplasty (TJA). While effective PROM utilization offers major benefits, capture rates and outcomes may vary across practice settings. This study aimed to (1) compare PROMs capture rates between ambulatory surgery centers (ASCs) and hospitals and (2) evaluate relationships between surgical setting, PROM capture rates, and clinical outcomes. Using a large national database, we conducted a retrospective cohort study of patients who underwent primary TJA between January 2020 and September 2023. The PROM capture was defined as AJRR submission of linked baseline and 1-year PROMs for four validated instruments and then compared in patients who underwent surgery at an ASC versus a hospital setting as the primary study outcome. Analyses of factors predicting PROM capture, mean score, and the likelihood of achieving minimum clinically important difference (MCID) for at least one PROM were performed using clustered logistic regression with inverse probability weighting. Statistical analyses were conducted with significance set at P < 0.05. Among 1,264,863 outpatient primary TJAs, 70,677 had linked baseline and 1-year PROMS. Capture rates were higher in ASCs (30.6 to 56%) than hospitals (28.6 to 34%) for all instruments (P < 0.001). However, there was no difference in achievement of MCID between settings. Institutional characteristics, including smaller size, major teaching status, and location in Southern/Western regions, predicted lower PROM capture rates. Our findings suggest the surgical setting influences submission patterns to AJRR, which may reflect the PROMs capture rate, but did not correlate with patients achieving MCID on studied outcome measures. Efforts to improve both collection and submission workflows of PROMs are essential for compliance and quality improvement for ASCs, hospitals, and stakeholders to ensure compliance and optimize patient care. Therapeutic level III.","RAYYAN-INCLUSION: {""Dhruv ""=>""Included""}",,,,
rayyan-637106437,Machine Learning Using Preoperative Patient Factors Can Predict the Severity of Pain Following Primary Total Hip Arthroplasty.,2026,1,1,The Journal of arthroplasty,,,,,Ade-Conde AM and Ahmed I and Shah A and Hardisty M and Whyne C and Ravi B and Chaudhry H,https://pubmed.ncbi.nlm.nih.gov/41999790/,,,,"Persistent postoperative pain is a challenge in total hip arthroplasty (THA), yet a lack of accurate predictive tools exists for this outcome. This study aimed to develop and validate machine learning (ML) models to predict long-term pain following THA and to identify key predictors. A secondary analysis of 513 patients who underwent primary unilateral THA from 2000 to 2011 was performed. Hip pain was measured on a 0 to 10 visual analog scale at 3-years (T3) and 5-years (T5) follow-up and served as the target variable. The dataset was split into 80% training and 20% testing sets. Various ML models (linear, tree-based ensemble, and neural network approaches) were evaluated using (1) mean squared error (where lower values indicate higher accuracy), (2) buffer accuracy within ± 1 and ± 2 points of the observed pain score, and (3) accuracy in classifying pain severity as low (0 to 3), moderate (4 to 6), or high (7 to 10). Across 13 models, performance was the strongest for nonlinear ML approaches. The best-performing model, CatBoost, achieved low prediction error (mean squared error 2.70 at T3 and 4.11 at T5) and classified pain severity with 90.1% accuracy. Age, body mass index, history of back/neck problems, and specific items from the Western Ontario and McMaster Universities Osteoarthritis Index and Intermittent and Constant Osteoarthritis Pain tools emerged as highly influential predictors across multiple ML models. These findings informed an online tool that predicts postoperative pain scores using key features. Multiple ML models demonstrated improved performance over traditional regression approaches in predicting long-term postoperative pain after primary THA and identified key preoperative predictors. If externally validated, these models may help identify patients at higher risk of persistent pain, guide preoperative counseling, and support targeted perioperative pain strategies. III.","RAYYAN-INCLUSION: {""Dhruv ""=>""Included""}",,,,
rayyan-637106438,AI-assisted 3D preoperative planning in primary total hip arthroplasty for secondary hip osteoarthritis: etiology-specific perioperative burden and early recovery in DDH versus post-septic sequelae.,2026,1,1,Frontiers in medicine,,,,,Lu Z and Wang T and Wang X and Feng Y and Fan X and Xia Q and Chen J and Lin H and Lin C and Xu Q and Wang Q,https://pubmed.ncbi.nlm.nih.gov/41982535/,,,,"Computed tomography (CT)-based, artificial intelligence (AI)-assisted three-dimensional (3D) preoperative planning is increasingly used to standardize component sizing and positioning in total hip arthroplasty (THA). In complex secondary hip osteoarthritis (HOA), perioperative burden and early recovery are particularly relevant to older or medically complex patients, yet it remains unclear whether etiology still shapes these outcomes under a unified planning pathway and single implant system. This single-center retrospective cohort analyzed 95 consecutive cementless primary THAs for developmental dysplasia of the hip-associated HOA (DDH-HOA, n = 52) or post-septic HOA (n = 43), all performed by one senior surgeon using the same CT-based AI-assisted 3D planning pathway and one cementless implant system. The primary endpoint was the Harris Hip Score (HHS) at 24 months; secondary outcomes included operative time, intraoperative blood loss (IBL), femoral osteotomy, planning-to-implant concordance, radiographic targets, patient-reported outcome measures (PROMs), and complications. Planning performance was comparable (cup match 59.62% vs. 65.12%; stem match 61.54% vs. 67.44%), with similar Lewinnek/Callanan safe-zone attainment and a median leg-length discrepancy (LLD) of 1 mm in both groups. Intraoperative blood loss was lower in DDH-HOA than in post-septic HOA (212.69 ± 62.31 vs. 243.72 ± 58.64 mL, P = 0.015), while operative time was comparable (72.31 ± 14.11 vs. 77.91 ± 14.56 min, P = 0.061) and femoral osteotomy rates did not differ. At 1 month, DDH-HOA showed better pain and function [visual analogue scale (VAS) P = 0.035; HHS P < 0.001; Western Ontario and McMaster Universities Osteoarthritis Index (WOMAC) P = 0.004], whereas by 24 months HHS was comparable (P = 0.062). Two sciatic nerve injuries occurred in post-septic HOA; no reoperation or revision was recorded through 24 months. Under a unified CT-based AI-assisted 3D planning pathway and single cementless system, sizing concordance and radiographic target attainment were similarly high across etiologies. By 24 months, PROMs were broadly comparable between groups. Post-septic sequelae were associated with greater intraoperative blood loss and less favorable pain and function at 1 month, supporting etiology-informed counseling and targeted perioperative risk mitigation.","RAYYAN-INCLUSION: {""Dhruv ""=>""Included""}",,,,
rayyan-637106439,"[Comparative observation of analgesic efficacy between liposomal bupivacaine and ""cocktail"" therapy following artificial intelligence-assisted direct anterior approach total hip arthroplasty: A prospective randomized controlled study].",2026,1,1,Zhongguo xiu fu chong jian wai ke za zhi = Zhongguo xiufu chongjian waike zazhi = Chinese journal of reparative and reconstructive surgery,,,,,Zhai Y and Cao X and Zheng S and Chen Z and Hou X and Zhang T and Zhang C and Xia T and Shen J,https://pubmed.ncbi.nlm.nih.gov/41981425/,,,,"To compare the analgesic efficacy and safety of liposomal bupivacaine (LB) versus ropivacaine for surgical incision local anesthesia after artificial intelligence (AI)-assisted direct anterior approach (DAA) total hip arthroplasty (THA). A prospective randomized controlled study was conducted. A total of 120 patients who underwent AI-assisted DAA-THA between March 2024 and January 2025 were enrolled and randomly assigned to the LB group ( n=60) or the ""cocktail"" group ( n=60). Patients in the LB group received an intraoperative injection of LB 266 mg (diluted to 100 mL) around the incision, whereas those in the ""cocktail"" group received a mixture of ropivacaine 200 mg, compound betamethasone 1 mL, and epinephrine 0.5 mg (diluted to 100 mL). Resting and active visual analogue scale (VAS) scores were recorded at 6, 12, 24, 36, 48, 60, and 72 hours and at 2 and 4 weeks postoperatively. Changes in Pain Catastrophizing Scale (PCS) score, Harris hip score, and hip flexion and abduction range of motion at 4 weeks postoperatively relative to preoperative values were assessed. In addition, operation time, incision length, total postoperative oral morphine consumption, time to first ambulation, length of hospital stay, and complications within 72 hours after surgery were recorded and compared between the two groups. There was no significant difference between the two groups in incision length, time to first ambulation, length of hospital stay, or total postoperative oral morphine consumption ( P>0.05). Operation time was significantly longer in the LB group than in the ""cocktail"" group ( P<0.05). All patients were followed up for 6 months postoperatively. Both resting and active VAS scores decreased over time in the two groups ( P<0.05). Intergroup comparison showed that resting and active VAS scores at 60 and 72 hours postoperatively were significantly lower in the LB group than in the ""cocktail"" group ( P<0.05), whereas no significant difference was observed at other time points ( P>0.05). There was no significant difference between the two groups in the changes in PCS score, Harris Hip Score, or hip range of motion at 4 weeks postoperatively ( P>0.05). In the LB group, nausea and vomiting occurred in 3 cases, significant blood glucose fluctuations in 2 cases, superficial incision infection in 1 case, and local hematoma in 1 case; the corresponding numbers in the ""cocktail"" group were 5, 4, 0, and 1 case, respectively. No significant difference was observed between the two groups in the incidence of these complications ( P>0.05). No local allergic reactions, deep vein thrombosis, significant blood pressure fluctuations, deep incision infection, skin necrosis, or pulmonary embolism occurred in either group. At last follow-up, satisfaction rates for analgesic efficacy and hip function both exceeded 90% in the two groups, with no significant difference between groups ( P>0.05). In AI-assisted DAA-THA, local infiltration anesthesia with LB provides analgesic efficacy comparable to that of the ""cocktail"" therapy during the early postoperative period (within 48 hours). Although VAS scores were slightly lower in the LB group at 60-72 hours postoperatively, the difference was small and the clinical benefit was limited. No significant difference was observed between the two groups in opioid consumption, complication rates, PCS scores, or postoperative functional recovery. In the context of AI-assisted DAA-THA, the clinical advantage of LB over the conventional ""cocktail"" therapy appears limited.","RAYYAN-INCLUSION: {""Dhruv ""=>""Included""}",,,,
rayyan-637106440,The Frank Stinchfield Award: How Accurate Is the United States Centers for Medicare & Medicaid Services Definition of Success for Patients Undergoing Total Hip Arthroplasty?,2026,1,1,The Journal of arthroplasty,,,,,Yousef M and Zheng H and Liu SH and Ayers DC,https://pubmed.ncbi.nlm.nih.gov/41966418/,,,,"Total hip arthroplasty (THA) is a highly effective treatment for patients who have advanced arthritis. The United States Centers for Medicare & Medicaid Services (CMS) defines a successful THA as achieving a minimum 22-point improvement in the Hip Injury and Osteoarthritis Outcome Score for Joint Replacement (HOOS-JR). However, the accuracy of this criterion and how it correlates with patient satisfaction remains unclear. This study aimed to evaluate the validity of the CMS success criteria following primary THA. A multicenter cohort of 6,016 patients undergoing primary THA was prospectively enrolled. Patient demographics, comorbidities, and HOOS-JR scores were collected preoperatively and at one year postoperatively. Patient satisfaction was assessed using the International Society of Arthroplasty Registries scale. Patients were categorized as successful or unsuccessful based on CMS criteria and as satisfied or not satisfied based on the International Society of Arthroplasty Registries scale. Cross-classification of outcomes was performed, and a multivariate logistic regression model was used to identify factors associated with patients satisfied after THA yet labeled as ""unsuccessful"" by the CMS. A total of 5,429 patients (90.2%) reported satisfaction; however, only 4,625 patients (76.9%) met the CMS criteria for success. Among satisfied patients, only 4,397 patients (81%) were classified as successful by CMS standards. Discordance between success and satisfaction was strongly associated with baseline HOOS-JR. Predictors of satisfied patients classified as having unsuccessful outcomes include high body mass index, prolonged narcotic use, back pain, contralateral hip pain, health literacy, and poor baseline HOOS-JR and Veterans Rand 12-Item Health Survey mental component summary. Satisfied patients who had higher baseline HOOS-JR scores by 10 points were 2.7 times more likely to be classified as having an ""unsuccessful outcome"" by CMS. A substantial discrepancy exists between patient satisfaction and the CMS definition of success following THA. A more nuanced, risk-adjusted success metric that accounts for preoperative baseline scores may better align with patient-centered outcomes and improve its accuracy in defining successful outcomes after THA.","RAYYAN-INCLUSION: {""Dhruv ""=>""Included""}",,,,
rayyan-637106441,Return to Work Within 104 Weeks in Working-Age Patients Following Total Hip Arthroplasty.,2026,1,1,Cureus,,,,,Wouters NT and Wijnands KAP and Boonen B and Steijvers D and Most J and Gielen CLI and Schotanus MGM,https://pubmed.ncbi.nlm.nih.gov/41959957/,,,,"Background Total hip arthroplasty (THA) is increasingly performed in working-age adults, making return-to-work (RTW) an important outcome. In the Netherlands, RTW is particularly relevant due to the legal obligation for employers to cover up to two-years of sick leave. While short-term RTW outcomes after THA have been described, evidence on long-term RTW and its determinants remains limited. This study evaluated RTW up to two-years after THA and explored clinical, occupational, and sociodemographic factors associated with RTW. Methods This single-center cohort study included patients aged 18-65 years who underwent primary THA between January 2016 and February 2018 at Zuyderland Medical Center (Sittard-Geleen, the Netherlands). Eligible patients were invited to complete a questionnaire on employment status, RTW timing, occupational characteristics, expectations, and perceived facilitators and barriers, alongside patient-reported outcome measures (PROMs: Oxford Hip Score and EuroQol Five Dimensions (EQ-5D)). Descriptive analyses were performed, and multivariable logistic regression was used to identify predictors of RTW. Time to RTW was analyzed using reversed Kaplan-Meier curves. Results Of 381 eligible patients, 182 responded (53.8%), and 145 completed all questionnaires (mean age 58.7 ± 5.6 years; 51% female). Preoperatively, 66% were employed and 6% self-employed. Full RTW was achieved by 77% of employed and 78% of self-employed patients, with a mean time to RTW of 7.4 ± 4.4 weeks. Most patients RTW within 12-weeks, with additional RTW occurring up to 52-weeks postoperatively. Full RTW was most common in administrative, managerial, and care-related occupations, whereas physically demanding jobs more often required modified duties or reduced hours. Social support at work and job satisfaction were the most frequently reported facilitators of RTW, while physical complaints and high physical workload were the main barriers. In multivariable analysis (n = 106), female sex was the only independent predictor of non-RTW (odds ratio (OR) 3.74, 95% confidence interval (CI) 1.29-10.84, p = 0.015). Other clinical and occupational factors were not significantly associated with RTW. Conclusion The majority of working-age patients returned to work within 12-weeks after THA and remained employed for two years. Female sex was independently associated with a lower likelihood of RTW. Enhanced occupational guidance, workplace adjustments, and targeted support may further optimize sustainable work reintegration after THA.","RAYYAN-INCLUSION: {""Dhruv ""=>""Included""}",,,,
rayyan-637106443,Joint line obliquity disruption negatively affects mid-term patient-reported outcomes following total knee arthroplasty.,2026,1,1,"Knee surgery, sports traumatology, arthroscopy : official journal of the ESSKA",,,,,Pflüger P and Pedrazzini A and Fischer L and Jud L and Vlachopoulos L and Fucentese SF,https://pubmed.ncbi.nlm.nih.gov/41940685/,,,,"The influence of change in coronal alignment on clinical outcomes following total knee arthroplasty (TKA) remains unclear. The Coronal Plane Alignment of the Knee (CPAK) classification can be broken up into arithmetic hip-knee-ankle (aHKA) angle and joint line obliquity (JLO) components, potentially identifying distinct failure mechanisms. This study investigated the influence of change in the magnitude and surgical accuracy of CPAK on patient-reported mid-term outcomes and the risk of aseptic revision. This retrospective cohort study included 216 patients (234 TKAs, median age 66 years, 65.3% women) undergoing patient-specific instrumentation in TKA with a minimum follow-up of 5 years. The change in CPAK was divided into aHKA and JLO components. Surgical accuracy was defined as deviation from the planned HKA angle. The primary outcome was the Western Ontario and McMaster Universities Osteoarthritis Index (WOMAC). A secondary outcome was aseptic revision of TKA. Multi-stage method robust regression and logistic regression models were used, after adjustment for preoperative WOMAC scores and reintervention. The median WOMAC score improved from 50 (interquartile range [IQR] 24.3) preoperatively to 11 (IQR 19) postoperatively. Our analysis of change in CPAK components revealed JLO disruption as the primary predictor associated with inferior outcomes, with each step change associated with worse WOMAC scores (β = 3.98, p = 0.02) and increased revision risk (odds ratio = 3.15, p = 0.04). In contrast, change in aHKA was not associated with either outcome. Within the CPAK framework, JLO disruption emerged as the primary predictor of patient-reported inferior outcomes and risk of aseptic revision following TKA. Our current findings highlight the importance of preserving native JLO within personalized alignment strategies. Future prospective studies are needed to establish the acceptable degree of JLO change that maintains optimal joint kinematics and patient satisfaction. Level III.","RAYYAN-INCLUSION: {""Dhruv ""=>""Included""}",,,,
rayyan-637106444,Total Hip Arthroplasty in Legg-Calve-Perthes Disease: A Study from the Australian Orthopaedic Association National Joint Replacement Registry.,2026,1,1,JB & JS open access,,,,,Tsigaras Z and Holder C and Wall C and de Steiger R,https://pubmed.ncbi.nlm.nih.gov/41938051/,,,,"There is limited evidence on revision rates and functional outcomes for total hip arthroplasty (THA) in Legg-Calve-Perthes disease (LCPD) compared with primary osteoarthritis (OA). The purpose of this study was to compare revision rates, revision indication, and patient-reported outcomes following THA in patients with LCPD versus those with primary OA. We conducted a retrospective cohort study using data from the Australian Orthopaedic Association National Joint Replacement Registry. Patients who underwent primary THA for LCPD or primary OA between 2003 and 2023 were included. Revision procedures were identified and rates compared with cumulative percent revision (CPR) with 95% confidence intervals using Cox proportional hazards models adjusted for age and sex assigned at birth. Specific revision indications were examined using indication-specific CPR analyses. Patient-reported outcomes (PROMs) at 6 months-including Oxford Hip Score (OHS), EuroQol Visual Analogue Scale, and overall satisfaction scores-were analyzed using linear and logistic regression models. There were 1,159 THAs for LCPD (median age 45 years, 71.2% male) and 521,603 for primary OA (median age 68 years, 46.3% male), with median follow-up duration of 6.2 years (interquartile range 2.9-10.4) available for analysis. Patients with LCPD incurred a higher CPR in the first 2 weeks postoperatively (adjusted hazard ratio = 2.15, 95% confidence interval [CI] 1.02-4.51, p = 0.044), but no difference was observed beyond this time. The CPR for THA in patients with LCPD at final follow-up of 18 years was 8.5% (95% CI 5.6-12.8) compared with 7.1% (95% CI 7.0-7.3) for patients with primary OA. There was no difference in specific revision cause between the 2 groups. Postoperative PROMs were similar between groups. Patients with LCPD had lower improvement in OHS compared with those with primary OA (adjusted OHS change = -2.0, 95% CI -3.6 to -0.4, p = 0.015). In this large national registry study, we demonstrate similar long-term revision rates, indications, and PROMs among patients following THA for LCPD or primary OA. Prognostic Level III. See Instructions for Authors for a complete description of levels of evidence.","RAYYAN-INCLUSION: {""Dhruv ""=>""Included""}",,,,
rayyan-637106445,Factors Associated With Outcome Response Frequency in a Knee Replacement Registry.,2026,1,1,The Journal of the American Academy of Orthopaedic Surgeons,,,,,Kaadan A and Molino J and Aaron R,https://pubmed.ncbi.nlm.nih.gov/41930980/,,,,"Nonresponse can potentially introduce bias in arthroplasty registries, compromising confidence in outcome data, diminishing both internal validity and generalizability. Patient-reported outcome measures can be critical tools in evaluating clinical outcomes after total knee arthroplasty; however, patient-reported outcome measure data can be skewed when subsets of the population are nonresponsive. This study investigates sociodemographic and clinical factors associated with 12-month nonresponse after total knee arthroplasty and the effects of comprehensive multimodal follow-up methods. A prospective cohort of 2,508 total knee arthroplasty patients enrolled in the Function and Outcomes Research for Comparative Effectiveness registry between 2018 and 2023 was analyzed. Sociodemographic and clinical data were collected preoperatively, and comprehensive multimodal follow-up methods were implemented. Hierarchical cluster analysis identified characteristics associated with nonresponse, and logistic regression was used to validate these findings. At 12-month follow-up, 735 of 2,508 patients (29%; P < 0.0001) were nonresponsive. Nonresponders, represented by cluster 5, which had a 45.8% response rate, were more likely to be female (P < 0.0001), non-White or mixed race (P < 0.0001), Hispanic or Latino (P < 0.0001), have less than a college education (P < 0.0001), public insurance (P < 0.0001), greater comorbidity (P < 0.0001), and lower preoperative knee injury and osteoarthritis outcome scores (P < 0.0001). The highest response rate (76.9%) was found in cluster 1, which primarily included well-educated males (P < 0.0001), with private insurance (P < 0.0001), and a lower body mass index (P < 0.0001). (1) Persistent and multimodal follow-up methods, through e-mail, paper mailings, and phone calls are needed to achieve high response rates above international registry standards of 60%. (2) Identifying patient characteristics linked to nonresponse provides an opportunity to help with targeted response strategies. These strategies may help reduce selection bias, improve data collection through improved response rates, and enhance the long-term utility of arthroplasty registries.","RAYYAN-INCLUSION: {""Dhruv ""=>""Included""}",,,,
rayyan-637106446,Predictive model for early prognosis after total knee arthroplasty based on multidimensional indicators.,2026,1,1,BMC musculoskeletal disorders,,,,,Li P and Zhao R and Lu J and Zhang X and Yang S and Hao L and Wang H and Ji Q and Zhang G,https://pubmed.ncbi.nlm.nih.gov/41923051/,,,,"OBJECTIVE: To comprehensively evaluate the significance of multidimensional perioperative indicators for the prognosis following total knee arthroplasty (TKA), construct and validate a nomogram model for predicting optimal early knee joint function recovery at 2 weeks post-TKA, and provide evidence-based support for clinical precise intervention, thereby accelerating patients’ rehabilitation process and improving the quality of prognosis. METHODS: A total of 297 patients with end-stage knee osteoarthritis (KOA) who underwent TKA were retrospectively enrolled and divided into a training set (n = 247) and a validation set (n = 50) at a ratio of 5:1. Multidimensional data, including demographic characteristics, surgical indicators, imaging parameters, hematological results, and scale scores, were systematically collected preoperatively and perioperatively. The minimum clinically important difference (MCID) of the Knee Society Score (KSS) functional score was calculated using the anchor-based method and defined as the primary outcome variable. Variables were initially screened via Bootstrap-LASSO regression, and a nomogram model was constructed by integrating multivariate Logistic regression to identify independent risk factors affecting prognosis. The model performance was evaluated in terms of discrimination, calibration, and clinical utility through receiver operating characteristic (ROC) curves, calibration curves, and decision curve analysis (DCA), respectively. RESULTS: The MCID of the KSS functional score at 2 weeks post-TKA was determined to be 8.2. Multivariate Logistic regression analysis revealed that preoperative KSS functional score (OR = 0.944, 95% CI: 0.922–0.965, P < 0.001), SF-36 role-emotional score (OR = 0.989, 95% CI: 0.982–0.996, P = 0.003), and duration of pain (OR = 0.426, 95% CI: 0.209–0.847, P = 0.017) were protective factors; whereas preoperative uric acid level (OR = 1.005, 95% CI: 1.001–1.010, P = 0.031) and tourniquet application time (OR = 2.068, 95% CI: 1.042–4.206, P = 0.041) were independent risk factors. The area under the ROC curve (AUC) of the nomogram model was 0.81 (95% CI: 0.75–0.87) in the training set and 0.75 (95% CI: 0.55–0.95) in the validation set. The Hosmer-Lemeshow goodness-of-fit test yielded P-values > 0.05 in both sets, with Brier scores ≤ 0.171. The decision curve analysis demonstrated that the net benefit of the nomogram was superior to the extreme strategies of “Treat all” or “Treat none”. CONCLUSION: The nomogram constructed based on 5 independent factors effectively predicts the early rehabilitation outcome after TKA with favorable performance. It facilitates the early identification of high-risk patients and the implementation of targeted interventions in clinical practice, providing a valuable reference for the development of individualized perioperative rehabilitation strategies.","RAYYAN-INCLUSION: {""Dhruv ""=>""Included""}",,,,
rayyan-637106447,Retained articulating spacers (1.5 stage) in chronic knee periprosthetic joint infections: an analysis of associate factors and outcomes in a single center cohort of patients.,2026,1,1,Journal of orthopaedics and traumatology : official journal of the Italian Society of Orthopaedics and Traumatology,,,,,Balato G and Ascione T and Festa E and De Mauro D and Di Gennaro D and Rosa D and Mariconda M,https://pubmed.ncbi.nlm.nih.gov/41879942/,,,,"Two-stage revision remains the gold standard for chronic periprosthetic joint infection (PJI), but it can significantly impact patients' quality of life and functional recovery. The 1.5-stage revision, involving indefinite spacer retention, has emerged as a potential alternative in selected high-risk patients. Our questions were: (1) What are the early functional outcomes, including their infection-free survival? (2) Which pre- and perioperative factors are associated with spacer retention? and (3) What is the mechanical survivorship of retained spacers? This was a retrospective observational study including 108 consecutive patients with chronic PJI between 2016 and 2020 who were followed prospectively for clinical outcomes. Functional status and quality of life were assessed using the EuroQol-5-Dimension-5-Level (EQ-5D-5L), Western Ontario and McMaster Universities Osteoarthritis Index (WOMAC), and Knee Society Score (KSS) before spacer placement and prior to scheduled reimplantation. Infection-free status was defined as the absence of clinical, radiographic, and laboratory signs of infection recurrence over a 24-month follow-up. Univariate and multivariate logistic regression were used to identify factors associated with spacer retention. All patients initially underwent articulating spacer implantation as part of a planned two-stage protocol. Subsequently, after shared decision-making, the spacer was retained indefinitely (""retained articulating spacer,"" commonly referred to as ""1.5-stage"") in 43 patients (39.8%), while 65 patients proceeded to reimplantation (two-stage revision). The KSS, WOMAC, and quality of life (QoL) scores, before scheduling the revision, were better than preoperative ones (p < 0.001). An age over 75 years (odds ratio [OR] 4.216, p = 0.001), a lower postoperative WOMAC score (OR 0.972, p = 0.013), and a history of re-revision (OR 1.102, p = 0.027) were independently associated with 1.5-stage candidacy. Infection-free status was achieved in 91.7% of the overall cohort, with 87.6% success in the two-stage group and 97.7% in the 1.5-stage group. Kaplan-Meier survival analysis showed spacer survivorship of 100% at 24 months, 88.8% at 30 months, and 73.3% at 36 months. Older age, better early functional outcomes, and a history of multiple surgeries at the same site were associated with spacer retention. These associations may inform patient counseling and surgical decision-making. Level of evidence IV, retrospective cohort study.","RAYYAN-INCLUSION: {""Dhruv ""=>""Included""}",,,,
rayyan-637106448,"CMS-Proposed Substantial Clinical Benefit Thresholds Correlate with Patient-Reported Measures After Primary Total Joint Arthroplasty: Improvement, Satisfaction, and Willingness to Repeat Surgery.",2026,1,1,The Journal of bone and joint surgery. American volume,,,,,Wang Z and Janney CA and Guo E and Carender CN and Hallstrom BR and Kheir MM,https://pubmed.ncbi.nlm.nih.gov/41875225/,,,,"The U.S. Centers for Medicare & Medicaid Services (CMS) requires the collection of patient-reported outcome measures (PROMs) after primary total joint arthroplasty (TJA), with penalties for noncompliance affecting all Medicare reimbursement. The CMS will publish risk-standardized improvement rates based on substantial clinical benefit (SCB) thresholds of 22 points for the HOOS JR (Hip disability and Osteoarthritis Outcome Score for Joint Replacement) and 20 points for the KOOS JR (Knee injury and Osteoarthritis Outcome Score for Joint Replacement). Our aims were to determine if preoperative scores predicted postoperative PROMs, to externally validate the SCB thresholds, and to analyze them with different anchors. We retrospectively identified patients who underwent TJA at our institution between 2015 and 2023. The HOOS JR and KOOS JR were prospectively collected in the Michigan Arthroplasty Registry Collaborative Quality Initiative (MARCQI); all other variables were obtained from electronic medical records. Logistic regression analyses and anchor-based receiver operating characteristic curves were generated to determine threshold values and the efficacy of using preoperative and postoperative scores as predictors of patient improvement, satisfaction, and willingness to repeat surgery. In total, 3,465 cases (1,498 total knee arthroplasties [TKAs] and 1,967 total hip arthroplasties [THAs]) were included. Preoperative scores failed as predictors (area under the curve [AUC], <0.6) of patient improvement, satisfaction, and willingness to repeat surgery. The change in scores for TKA, particularly at 1 year postoperatively, was predictive of improvement (AUC, 0.79), satisfaction (AUC, 0.77), and willingness to repeat surgery (AUC, 0.71); and the change in scores for THAs was predictive of improvement (AUC, 0.85), satisfaction (AUC, 0.82), and willingness to repeat surgery (AUC, 0.77). The Youden index indicated that change thresholds of 24 points for patient improvement, 24 points for satisfaction, and 26 points for willingness to repeat surgery provided the best predictions at 1 year after THA. Similarly, change thresholds of 21 points for patient improvement, 22 points for satisfaction, and 24 points for willingness to repeat surgery provided the best predictions at 1 year after TKA. Twenty percent of patients did not achieve CMS-proposed SCB thresholds. Although preoperative scores were not predictive of patient-reported outcomes, the degree of score improvement postoperatively was strongly associated with patient improvement, satisfaction, and willingness to repeat surgery. CMS-proposed SCB thresholds appear to be validated in our population and compare favorably with the thresholds produced in this study. Prognostic Level III. See Instructions for Authors for a complete description of levels of evidence.","RAYYAN-INCLUSION: {""Dhruv ""=>""Included""}",,,,
rayyan-637106449,"Quality of life before and during the COVID-19 pandemic for people undergoing hip, knee and shoulder arthroplasty-nationwide results from the Australian Orthopaedic Association National Joint Replacement Registry.",2026,1,1,International orthopaedics,,,,,Gill SD and Page RS and Xu Q and Harris IA and Gill D and Ackerman IN,https://pubmed.ncbi.nlm.nih.gov/41872348/,,,,"The COVID-19 pandemic produced a substantial reduction in arthroplasties, which could have affected patient quality of life. This study investigated quality of life in Australians undergoing elective arthroplasty before and during the COVID-19 pandemic. Using data from the Australian Orthopaedic Association National Joint Replacement Registry, quality of life was assessed in patients before and six months after primary total hip arthroplasty (THA), total knee arthroplasty (TKA) and reverse total shoulder arthroplasty (RTSA) using the EQ-5D-5L instrument. Patients with an EQ-5D Utility score less than zero were considered to have a quality of life worse than dead. Secondary outcomes included Oxford Scores, joint-specific pain, patient perceived change, responder status and patient satisfaction. Quality of life was compared before (1 July 2018-10 March 2020) and during the pandemic (11 March 2020-10 March 2023) using linear or logistic regression models. The analysis included preoperative data for more than 24,000 THA patients, 20,000 TKA patients and 1,100 RTSA patients. Compared to the pre-pandemic period, preoperative and postoperative quality of life significantly reduced during the pandemic for THA and TKA, but not by a meaningful amount (adjusted mean difference ≤ 0.03 points, p < 0.001). The likelihood of having quality of life worse than dead increased during the pandemic but was only significant for preoperative THA (ORs 1.24 to 1.40, p < 0.02). For secondary outcomes, joint-specific scores deteriorated, and joint pain increased to a small degree during the pandemic for THA and TKA (p < 0.05), but not for RTSA. The proportion of THA and TKA patients satisfied with their surgery outcome increased modestly during the pandemic by approximately five percentage points, compared to pre-pandemic. The COVID-19 pandemic was not associated with a clinically meaningful deterioration in pre- or post-operative quality of life, on average, for patients undergoing THA, TKA or RTSA in Australia.","RAYYAN-INCLUSION: {""Dhruv ""=>""Included""}",,,,
rayyan-637106450,"Patient-reported outcomes and component rotation in total knee replacement: a prospective, observational study in 498 patients.",2026,1,1,BMJ open,,,,,van Jonbergen HP and Gelderman S and Landman E and Jutte P and Kleinlugtenbelt Y,https://pubmed.ncbi.nlm.nih.gov/41857821/,,,,"To assess the relation between component rotation in total knee replacement and clinical outcomes. Prospective, observational cohort study. Deventer hospital, Deventer, The Netherlands. 498 adults aged 18 years and older undergoing total knee replacement. Participants underwent Persona posterior stabilised total knee replacement. Femoral and tibial component rotation was measured using low-dose CT scans. The primary outcome was the change in Oxford Knee Score from baseline to 1 year, analysed in relation to femoral, tibial and combined component rotation. Binary logistic regression analysis showed no statistically significant association between femoral component rotation (OR=1.04, 95% CI 0.89 to 1.21, p=0.644), tibial component rotation (OR=0.99, 95% CI 0.94 to 1.03, p=0.467), or combined rotation (OR=0.99, 95% CI 0.95 to 1.03, p=0.552), and achievement of the minimal clinically important difference of 5 points for the 48-point Oxford Knee Score. This prospective study of 498 patients undergoing total knee replacement did not provide evidence of a relation between the rotational alignment of total knee arthroplasty components and clinical outcomes. These findings do not support routine evaluation of rotational alignment as a basis for revision surgery in patients with persistent pain in the absence of mechanical problems. Dutch Trial registry ID: 23362.","RAYYAN-INCLUSION: {""Dhruv ""=>""Included""}",,,,
rayyan-637106451,Development of risk prediction model for chronic pain after knee replacement surgery: protocol for an individual patient data meta-analysis.,2026,1,1,"Perioperative medicine (London, England)",,,,,Sadeghirad B and Khalili M and Busse JW and Abdelkader W and Foroutan F and Mbuagbaw L and Gilron I and Khan J and Madden K and Tushinski D and Bohm E and Gademan MGJ and Poolman RW and Adili A and Perruccio AV and Rampersaud YR and Righolt C and Shanthanna H and Khaled M and Gabbott B and Marcucci M and Zalzal P and Griffin X and Schemitsch E and Iorio A and McMaster-PROSPER Investigators,https://pubmed.ncbi.nlm.nih.gov/41857779/,,,,"BACKGROUND: Chronic post-surgical pain (CPSP) impacts approximately one in four patients following total knee arthroplasty (TKA) and is associated with reduced function and quality of life. We will conduct a systematic review of prospective studies to identify eligible data and establish an international repository of individual patient data (IPD) on prognostic factors for chronic pain after TKA. This repository will be then used to develop and validate a prediction model for CPSP following TKA. METHODS: We will identify eligible studies through a search of MEDLINE, CINAHL, EMBASE, and Cochrane CENTRAL from January 2005 to August 2025. We will include prospective studies that: (1) enrolled adults undergoing elective TKA, (2) assessed perioperative risk factors for CPSP, and (3) measured knee pain longitudinally at least 3 months post-surgery. Pairs of reviewers will independently screen titles and abstracts of retrieved citations and review the full texts of potentially eligible studies. We will reach out to principal investigators or authors of eligible studies to notify them of our initiative and request to receive their IPD into a secured repository, based on a data sharing agreement. We will use a one-stage approach for IPD meta-analysis of factors associated with CPSP following TKA, and development of a risk prediction model. DISCUSSION: We will use anonymized de-identified data for our IPD meta-analysis. This protocol was reviewed and approved by the Hamilton Integrated Research Ethics Board (HiREB). We will develop an online calculator to support our risk assessment model for research and clinical use. This IPD meta-analysis will facilitate the development of a robust prognostic model to guide clinical decisions or enrolment in interventional studies, with the ultimate goal of identifying pathways to effective CPSP prevention strategies after TKA. TRIAL REGISTRATION: CRD42024591329.","RAYYAN-INCLUSION: {""Dhruv ""=>""Included""}",,,,
rayyan-637106452,Racial Differences in Patient-Reported Outcomes After Total Joint Arthroplasty.,2026,1,1,The Journal of arthroplasty,,,,,Prado IP and Jahan M and Wu M and O'Donnell JA and Pean CA and Bolognesi MP and Wellman SS and Ryan SP,https://pubmed.ncbi.nlm.nih.gov/41850505/,,,,"Racial differences in total joint arthroplasty (TJA) remain poorly defined. The purpose of this study was to investigate racial/ethnic differences in postoperative clinical and patient-reported functional outcomes between non-Hispanic White, African American, Hispanic, Asian, and Native American populations using the American Joint Replacement Registry. All primary TJAs from 2012 to 2022 with reported race/ethnicity and a minimum of 1-year follow-up data were retrospectively reviewed. Patient-reported outcome measures were evaluated based on identified racial differences. Descriptive statistics were performed using a Chi-square, Fisher exact tests, or analyses of variance (ANOVA). Multivariate regression models were used to assess for predictors of functional outcomes. Statistical significance was set at P < 0.05. There were 896,154 total hip arthroplasties (THAs) and 1,401,359 total knee arthroplasties (TKAs) evaluated. The population of THAs was 88% White and 55% women, and their mean age was 66 years. The population of TKAs was 85% White and 61% women, and their mean age was 68 years. In the multivariate logistic regression model, Asian patients had a significantly decreased odds of achieving minimal clinically important difference after TJA compared to White patients (P = 0.02, THA; P < 0.01, TKA). Overall postoperative functional scores were significantly lower among African American (P < 0.01) and Hispanic (P < 0.01) patients after THA and significantly lower among African Americans (P < 0.01), Asians (P < 0.01), and Hispanics (P < 0.01) after TKA. Differences in outcomes among racial and ethnic groups are evident in TJA. Although all races saw improvement in patient-reported outcome measures preoperatively to postoperatively, Asians may have decreased odds of achieving minimal clinically important difference compared to White patients. Further study is required to identify causes for these differences as well as possible ways to augment the outcomes of minority patients.","RAYYAN-INCLUSION: {""Dhruv ""=>""Included""}",,,,
rayyan-637106453,Supervised machine learning model to predict total knee replacement in a large osteoartrhitis real-world evidence dataset using retrospectively 20-year insurance data from Israel.,2026,1,1,BMC medical informatics and decision making,,,,,Demanse D and Saxer F and Gazit S and Patalon T and Schieker M,https://pubmed.ncbi.nlm.nih.gov/41845377/,,,,"BACKGROUND: Osteoarthritis (OA) affects over 500 million patients worldwide, significantly impacting their quality of life and independence. The incidence of OA is expected to rise due to aging populations and increasing obesity rates. Traditionally considered a degenerative, age-related disease, OA is now recognized as heterogeneous with different phenotypes. This study aimed to evaluate the use of real-world evidence (RWE) data for phenotyping OA and developing a predictive model for total knee replacement (TKR) using insurance data from Israel. METHODS: The study utilized anonymized electronic health record data from Maccabi Healthcare Services, covering over 26% of the Israeli population. Patients diagnosed with knee OA 2000–2023, were included. Data on medical history, socioeconomic status, and lifestyle factors were extracted from the database. The outcome was the time to the first TKR, analyzed using a regularized Lasso Cox regression model. The model’s performance was assessed using the area under the receiver operating characteristic curve and C-index metrics. RESULTS: A total of 135,691 patients met the inclusion criteria. The population was divided into a training (80%) and test set (20%) for model development and performance assessment. Baseline data were comparable between the training and test sets. In total, 3230 (2.4%) TKR events were observed with an estimated rate of 2% (95% CI: 1.9–2.1) at 2 years. Out of 62 initial variables the most predictive ones for TKR were age, presence of allergy and BMI. The final model categorized patients into low- (75%) and high-risk (25%) groups based on a predicted risk score with 4% (95%CI: 3.8–4.2) of TKR events by 2 years in high-risk vs. 1.4% (95%CI: 1.2–1.6) in the low-risk group. CONCLUSION: The study demonstrated the feasibility of using RWE data for risk phenotyping in OA and predicting TKR. More granular phenotyping reflecting OA heterogeneity proved impossible. The predictive model, however, based on data typically available in clinical practice, could support shared decision-making, simplify feasibility assessments and enrichment strategies for research for large trials. The use of RWE data may better reflect the epidemiologic reality and reduce biases associated with clinical trials and registries that otherwise form the basis of trial planning. CLINICAL TRIAL NUMBER: Not applicable.","RAYYAN-INCLUSION: {""Dhruv ""=>""Included""}",,,,
rayyan-637106454,Machine Learning Based Diagnostic Models for Hip and Knee Prosthetic Joint Infection: A Systematic Review.,2026,1,1,Journal of orthopaedic research : official publication of the Orthopaedic Research Society,,,,,Nairne-Nagy J and Gupta R and Ramasamy B and Solomon LB and Callary SA,https://pubmed.ncbi.nlm.nih.gov/41808363/,,,,"Prosthetic joint infection (PJI) is a devastating complication that affects up to 1.7% of patients within 2 years following total hip arthroplasty (THA) or total knee arthroplasty (TKA). PJI is associated with significant patient morbidity, reduction in quality of life, prolonged hospitalisation, and healthcare expenditure. With a 5-year mortality reported as high as 21%, PJI is one of the most feared complications of joint arthroplasty. Identification of PJI is of critical importance to ensure successful and definitive treatment. However, diagnosis remains challenging due to the lack of a gold standard, culture-negative infection, and varying sensitivity and specificity of diagnostic tests. The rapid expansion of machine learning (ML) in the literature has led to the emergence of models that utilise patient demographics, clinical features, serological studies, synovial fluid biomarkers, and imaging to improve PJI diagnostics. The purpose of this study was to describe the literature on using ML to diagnose PJI. A systematic review of the literature for original studies describing ML use in PJI diagnostics following THA or TKA was conducted. This review identified 12 studies applying ML to diagnose or predict PJI, through patient demographics, clinical features, and imaging. Most models demonstrated good predictive performance, with Area Under the Curve (AUC) from 0.68 to 0.993. However, few studies validated their models externally. In conclusion, ML presents a promising approach to enhance PJI diagnostic accuracy, which may reduce diagnostic delays and ensure appropriate treatment. Further studies are needed to assess the model's generalisability and validate these models in external cohorts. Statement of Clinical Significance: The diagnosis of PJI remains a challenge due to limitations in current diagnostic criteria. ML offers a data-driven approach to improve diagnostic accuracy, potentially allowing earlier and more accurate identification to ensure appropriate treatment in a timely manner.","RAYYAN-INCLUSION: {""Dhruv ""=>""Included""}",,,,
rayyan-637106455,Achieving effective and timely quality of care in same-day discharge total hip arthroplasty without compromising patient safety.,2026,1,1,BMJ open quality,,,,,Young DJ and Hsieh M and Sadiq I and Askari A and Greidanus N,https://pubmed.ncbi.nlm.nih.gov/41781148/,,,,"Using quality improvement (QI) processes, we sought to safely achieve >80% efficiency in same-day discharge (SDD) of eligible primary total hip arthroplasty (THA) patients. A ""Plan-Do-Study-Act"" approach was used. QI elements included: research of prior relevant publications, clinical audit for data-driven evaluation, service evaluation assessments and clinical transformation on a small scale for piloting change. Care interventions were introduced within an already established highly iterative and enhanced recovery after surgery-based programme. Intervention 1 established patient eligibility. Those eligible could be SDD once discharge criteria were met (the ""Standard"" cohort). Intervention 2 implemented ""Enhanced Recovery Canada"" (ERC) recommendations for pre-emptive nausea and pain management, and lidocaine-based regional surgical anaesthesia (the ""ERC"" cohort). Intervention 3 changed from epidural to spinal lidocaine for surgical anaesthesia. This cohort was evaluated as part of the ERC cohort, as well as a stand-alone Lidocaine Spinal cohort. Clinical audits were the main comparative benchmarks. Improved rates of SDD were the primary measure of success. Safety was based on rates of unscheduled hospital encounters within 30-days of surgery. Data was collected prospectively and analysed using logistic regression, adjusting for age and gender. Patient satisfaction was also surveyed. The ERC cohort had significantly greater odds of successful SDD compared to the standard group (74.4% vs 54.3%, OR 2.51, p=0.0015). Odds were even higher for Lidocaine Spinal (80.6% vs 54.3%, OR 3.4, 95% CI (1.34 to 8.66), p=0.0102). There was no significant difference in the rates of unscheduled 30-day hospital encounters. The ERC group experienced fewer complications that prevented SDD (25.6% vs 45.7%, OR 0.41, p=0.0015). Patient satisfaction scores were high in the Spinal Lidocaine group. Implementing ERC recommendations significantly improved SDD rates for THA without increasing postoperative complication rates. This suggests that targeted interventions can enhance the efficiency of SDD THA programmes without compromising patient safety.","RAYYAN-INCLUSION: {""Dhruv ""=>""Included""}",,,,
rayyan-637106457,"Effect of prehabilitation before total knee replacement on postoperative patient-reported joint awareness, enablement and knee function: protocol for the PROTEKT randomised controlled trial.",2026,1,1,BMJ open,,,,,Ljung M and Gustafsson K and Kvist J,https://pubmed.ncbi.nlm.nih.gov/41775488/,,,,"Knee osteoarthritis (OA) causes pain, reduced function and disability and may require total knee replacement (TKR). Although TKR is effective, up to 20% of patients remain dissatisfied, partly due to poor preoperative function and unrealistic expectations. Long waiting times for surgery may worsen patients' function, yet preoperative physiotherapy is rarely offered. Prehabilitation-exercise and education before surgery-could improve postoperative recovery, but current evidence is limited. This trial investigates whether adding prehabilitation to standard care before TKR improves postoperative patient-reported joint awareness, enablement and knee function. This multicentre, randomised controlled parallel-group trial is planned to be conducted within two specialised orthopaedic outpatient rehabilitation units in the southeast healthcare region of Sweden. Eligible patients (40-85 years, awaiting unilateral TKR) are randomised 1:1, stratified by age (≤67, >67 years), to either 8 weeks of prehabilitation-comprising two times per week supervised exercise therapy (strength, range of motion and balance) and education-in addition to standard care, or to standard care alone. Standard care consists of self-care, a single standardised preoperative education session and standardised postoperative rehabilitation. Assessments are conducted at baseline, post-intervention, 1 week pre-surgery and 6, 12 and 52 weeks post-surgery. A total of 110 patients will be recruited to the trial. Primary outcomes are joint awareness (Forgotten Joint Score-12) and patient enablement (modified Patient Enablement Instrument-2). Secondary outcomes are patient satisfaction (5-category Likert scale), the Knee injury and Osteoarthritis Outcome Score, the EuroQol 5 Dimension 3 Level questionnaire, the International Physical Activity Questionnaire-short form, objective function and accelerometer-based physical activity. Analyses will follow intention-to-treat and per-protocol principles. Between-group and within-group differences will be tested using t-tests or non-parametric equivalents, and linear mixed models or generalised linear models. Multiple linear regression and logistic regression will be used to analyse predictor variables for the primary outcomes. Sensitivity analyses will be performed to quantify the magnitude of missing data from patients lost to follow-up. The trial has received ethical approval from the Swedish Ethical Review Authority (reg. no.2023-05120-01) and complies with the Declaration of Helsinki. Signed informed consent is collected for all patients before entering the trial. Results will be submitted for publication in a peer-reviewed journal and presented at international/national conferences. The findings may improve future clinical guidelines and care pathways for patients undergoing TKR. NCT06290336.","RAYYAN-INCLUSION: {""Dhruv ""=>""Included""}",,,,
rayyan-637106458,Trustworthy and Uncertainty-Aware AI for Predicting Respiratory Complications Following Total Hip and Knee Arthroplasty.,2024,1,1,AMIA ... Annual Symposium proceedings. AMIA Symposium,,,,,Rezvani F and Towsen K and Menezes Z and Einhorn A and Davis J and Gupta P and Plate JF and Fox C and Myers N and Tafti AP,https://pubmed.ncbi.nlm.nih.gov/41726476/,,,,"Total hip and knee arthroplasty (THA/TKA) are among the fastest-growing surgeries in the United States, where they are designed to restore mobility and improve quality of life in individuals with joint disorders. Despite their benefits, these procedures may carry significant risks, including, but not limited to, major respiratory complications. Prompt identification of patients at increased risk is essential for optimizing preoperative treatment, reducing adverse outcomes, and increasing patient safety. In this study, we propose an uncertainty-aware and trustworthy artificial intelligence (AI) framework to predict the likelihood of major respiratory complications, including unplanned intubation, failure to wean from ventilation, and postoperative pneumonia occurring during the index hospitalization and within 30 days following both primary and revision THA and TKA procedures. Unlike traditional risk models, our framework explicitly quantifies prediction uncertainty while maintaining high interpretability, enabling proactive and personalized clinical interventions. We assessed four machine learning (ML) models, including Random Forest (RF), XGBoost (XGB), Logistic Regression (LR), and Artificial Neural Networks (ANNs) to predict three postoperative respiratory outcomes. The ML models demonstrated strong predictive performance, with RF achieving an F1-score of 0.87 for respiratory complications in THA, while ANNs outperformed other models in TKA, also attaining an F1-score of 0.87.","RAYYAN-INCLUSION: {""Dhruv ""=>""Included""}",,,,
rayyan-637106459,"Preoperative psychiatric diagnosis predicts functional failure and dissatisfaction after total hip arthroplasty: a study of 11,766 patients.",2026,1,1,Archives of orthopaedic and trauma surgery,,,,,Khan ST and Jevnikar BE and Elmenawi KA and Oyem PC and Jin Y and Gudapati LS and Deren ME and Piuzzi NS and Cleveland Clinic Adult Reconstruction Research Group,https://pubmed.ncbi.nlm.nih.gov/41718776/,,,,"Psychiatric comorbidities are increasingly prevalent among patients undergoing total hip arthroplasty (THA), yet their impact on clinically meaningful outcomes remains underexplored. This study evaluates the association between preoperative psychiatric diagnoses and patient-reported outcomes (PROMs), satisfaction, and healthcare utilization following THA. A retrospective cohort of 11,766 patients undergoing primary elective unilateral THA between 2016 and 2022 across a multisite academic center was analyzed. Psychiatric diagnoses were identified via ICD-9/10 codes within 2 years preoperatively. PROMs were collected at baseline and 1 year postoperatively, including HOOS Pain, HOOS Physical Function Shortform (PS), HOOS Joint Replacement (JR), and VR-12 Mental Component Score (MCS). Outcomes included failure to achieve minimal clinically important difference (MCID), failure to reach patient acceptable symptom state (PASS), dissatisfaction, non-home discharge, prolonged length of stay (LOS ≥ 2 days), and 90-day readmission. Multivariable logistic regression adjusted for demographic and clinical covariates. Psychiatric diagnoses were present in 26.1% of patients. Psychiatric illness was associated with failure to achieve MCID in HOOS Pain (OR 1.43), HOOS PS (OR 1.31), and HOOS JR (OR 1.54), as well as failure to reach PASS thresholds (all p < 0.001). Patients with psychiatric diagnoses had increased odds of dissatisfaction (OR 1.34), non-home discharge (OR 1.36), prolonged LOS (OR 1.24), and readmission (OR 1.54). Subgroup analysis demonstrated a dose-dependent relationship, with multiple psychiatric diagnoses conferring the highest risk of poor outcomes. Preoperative psychiatric illness is an independent predictor of suboptimal functional outcomes, lower satisfaction, and increased healthcare utilization after THA. These findings highlight the need for psychiatric screening and optimization during the preoperative period to improve outcomes in this high-risk population.","RAYYAN-INCLUSION: {""Dhruv ""=>""Included""}",,,,
rayyan-637106460,Neural network surrogates for musculoskeletal models: An application to implant alignment in total knee arthroplasty.,2026,1,1,Journal of biomechanics,,,,,Ten Klooster L and Tzanetis P and Janssen D and Bitter T and Wolterink JM,https://pubmed.ncbi.nlm.nih.gov/41712980/,,,,"Total knee arthroplasty (TKA) is an effective treatment for end-stage knee osteoarthritis (OA). However, dissatisfaction persists in one in five patients. Musculoskeletal model-based approaches have the potential to predict implant alignment that restores pre-diseased knee functioning and improves patient satisfaction, but their computational complexity limits clinical application. This study aimed to accelerate the estimation of optimal implant alignment using a neural network-based surrogate model, which provides an assessment of the kinematics and ligament strains associated with a candidate alignment. A dataset of eight knee OA patients, including implant positions and the deviations in kinematics and ligament strains between implanted and pre-diseased models, was used to train a multi-task multilayer perceptron (MLP). One MLP was trained per patient to predict implant position quality as quantified by kinematics and ligament strains. A gradient-based optimization method was then applied to the output of the MLP to identify optimal implant positions. Strong correlations were observed between predicted and computed values across all patients. The gradient-based optimization revealed either a single or multiple optimal positions per patient, depending on the geometry of the loss landscape. This reflects the model's ability to capture regions of biomechanical equivalence, as also observed in the musculoskeletal simulations. This proof-of-principle study was designed for patient-specific modeling and therefore focuses on individual optimization rather than generalization to new patients. This study is a critical step toward using biomechanical modeling for the determination of patient-specific optimal implant alignment during TKA in a clinical setting.","RAYYAN-INCLUSION: {""Dhruv ""=>""Included""}",,,,
rayyan-637106461,Which Total Knee Arthroplasty Revisions Do Not Improve Patient-Reported Outcomes?,2026,1,1,JB & JS open access,,,,,Righolt CH and Poitras C and Hedden DR and Bohm ER and Turgeon TR,https://pubmed.ncbi.nlm.nih.gov/41695309/,,,,"The literature comparing patient-reported outcomes of the same patient's primary and revision total knee arthroplasty (TKA) is nonexistent, and comparisons between revision and primary TKA are sparse. We aimed to fill this gap by comparing the Oxford Knee Score (OKS) and satisfaction for the same patient between their primary and revision TKA and assess these by different reasons for revision. We identified an 11,584-patient single-center TKA cohort of whom 382 patients went on to revision during 2005 to 2024. Patients answered OKS and satisfaction questionnaires as part of routine clinic visits, which we assessed preoperatively and postoperatively at years 1, 5, and 10 for both primary and revision TKA. We performed descriptive analyses and used logistic regression to estimate the association between patient characteristics and dichotomous outcomes. Infection was the most common reason for first revision (N = 127) followed by instability, loosening, and stiffness. Patients revised for aseptic loosening/osteolysis reported the highest rates of satisfaction. OKS is lowest for patients revised for stiffness both before and after their revision (mean OKS 18.5 preop, 21.6 at 1 year). Furthermore, most of the patients who were not satisfied after their primary were not satisfied after their revision. Despite the low postrevision OKS, exactly half (50%) of patients revised for stiffness who were not satisfied after their primary TKA, reported being satisfied with their revision. Patients revised after 10 years were more likely to be satisfied a year after their revision than those revised in the first 2 years, odds ratio 9.7 (95% confidence interval 1.2-80.2). Patients who initially had good results and had a late failure of their primary TKA generally fared well after revision, especially when revised for mechanical issues such as aseptic loosening. Patients revised earlier, especially those with stiff knees or who had worse early satisfaction scores, were less likely to see benefits from revision. Level III retrospective cohort study. See Instructions for Authors for a complete description of levels of evidence.","RAYYAN-INCLUSION: {""Dhruv ""=>""Included""}",,,,
rayyan-637106462,Occult pelvic fractures following primary total hip arthroplasty: A retrospective CT-Based cohort study.,2026,1,1,Journal of orthopaedics,,,,,King G and Obaid H and Nickol M and van der Merwe JM,https://pubmed.ncbi.nlm.nih.gov/41695217/,,,,"Postoperative pelvic fractures are a rare but under-recognized complication of total hip arthroplasty (THA), particularly in the setting of cementless, press-fit acetabular components. This study aimed to determine the incidence, radiographic detectability, risk factors, and early clinical impact of occult pelvic fractures following primary THA. In this retrospective cohort, 60 primary THAs (59 patients) performed by a single surgeon at a tertiary center between June 2024 and September 2025 were evaluated. All patients underwent posterolateral THA using a hemispherical uncemented acetabular component with routine screw augmentation. Immediate postoperative radiographs and pelvic CTs were obtained, and images were independently reviewed by a dedicated musculoskeletal radiologist and a second radiologist to identify pelvic fractures and assess agreement. Demographics, comorbidities, surgical factors, and early postoperative outcomes were recorded. At 6 weeks, pain (VAS), Oxford Hip Score, and EQ-5D-based quality-of-life scores were collected. Multivariable logistic regression explored associations between fractures, risk factors, and early outcomes. Occult pelvic fractures were identified on CT in 22 of 61 hips (36.1%), whereas radiographs detected fractures in only 10% of cases. Fractures most commonly involved the ilium, followed by the posterior column and pubic rami. Interobserver agreement for fracture detection on radiographs was high by percentage (90%). No individual patient-, operative-, or early postoperative factor was independently associated with fracture occurrence. At 6 weeks, there were no statistically significant differences in pain scores, functional PROMs, or use of assistive devices or opioids between patients with and without occult fractures. We found that occult pelvic fractures were common after a THA, but did not lead to worse functional or clinical outcomes. In addition, we determined that postoperative radiographs dramatically under-detect postoperative acetabular fractures. We were unable to find independent predictors (patient-, operative- and postoperative factors) of postoperative acetabular fractures.","RAYYAN-INCLUSION: {""Dhruv ""=>""Included""}",,,,
rayyan-637106463,Impact of multimodal education management on postoperative rehabilitation after total knee arthroplasty: A machine learning-based prediction model study.,2026,1,1,Medicine,,,,,Wu J and Qian J and Qian Q and Gong Y and Qian J and Du S and Zhang X and Xu L,https://pubmed.ncbi.nlm.nih.gov/41686597/,,,,"This study aimed to evaluate the impact of multimodal education management using illustrated pathway with video education (IPVE) on rehabilitation quality after total knee arthroplasty. A retrospective cohort study design was adopted. Patients were grouped based on the median of final SF-36 quality of life scores. LASSO regression was used to screen predictive variables, and multivariate logistic regression was used to construct prediction models. The predictive performance of 5 machine learning algorithms was compared, and model efficacy was evaluated using ROC curves, calibration curves, and decision curve analysis. SHAP method was used to analyze feature importance. Multimodal education management using IPVE was significantly associated with better rehabilitation quality after total knee arthroplasty. A total of 223 patients who underwent total knee arthroplasty from October 2022 to January 2025 were included, with 121 cases (54.3%) in the high-quality rehabilitation group and 102 cases (45.7%) in the low-quality group. LASSO regression identified 4 key predictive variables: age, IPVE implementation, knee range of motion at discharge, and final knee function score. Multivariate logistic regression analysis showed that each 1-year increase in age reduced the probability of high-quality rehabilitation by 17.2% (P<.001), IPVE implementation was significantly associated with better rehabilitation quality (P<.001), each 1° increase in knee range of motion at discharge increased the probability of high-quality rehabilitation by 17.3% (P<.001), and each 1-point increase in final knee function score increased the probability of high-quality rehabilitation by 11.2% (P = .043). The random forest model performed best, with the AUC, sensitivity, specificity, accuracy, and F1 score all reaching 1.000, whereas the traditional logistic regression model had an AUC of 0.924. SHAP analysis showed that age was the most important predictive feature, and implementation of IPVE had a significant impact on rehabilitation quality. Multimodal educational management using an illustrated pathway combined with video-based education was significantly associated with improved rehabilitation quality after total knee arthroplasty.","RAYYAN-INCLUSION: {""Dhruv ""=>""Included""}",,,,
rayyan-637106464,Correlation between preoperative nutritional status and postoperative clinical outcomes in patients undergoing artificial hip and knee replacement.,2026,1,1,American journal of translational research,,,,,Cai Y and Zhang H and Yang J and Huang J and Yin Y,https://pubmed.ncbi.nlm.nih.gov/41676310/,,,,"To investigate the effect of prognostic nutritional index (PNI) on the clinical outcome of patients undergoing total hip/knee arthroplasty (THA/TKA), and to construct a nomogram prediction model. A retrospective analysis was performed on 504 patients who underwent THA/TKA at The Third Affiliated Hospital of Chengdu Medical College, Pidu District People's Hospital from January 2020 to January 2025. Among them, 379 patients treated between January 2020 and January 2024 were used for model construction and internal validation, and 125 patients treated from February 2024 to January 2025 were used for external validation. Univariate and multivariate Logistic regression analyses were used to identify the independent risk factors for the clinical outcomes of patients, based on which a nomogram prediction model was established. A total of 71 patients (14.09%) experienced adverse clinical outcomes. Multivariate analysis showed that T2DM and disease duration ≥ 10 years were independent risk factors for poor outcomes in THA/TKA patients (all P < 0.05). Higher WOMAC scores were associated with increased risk of adverse outcomes, while higher PNI levels were associated with reduced risk (both P < 0.05). Internal validation demonstrated good discrimination and calibration of the nomogram. In external validation, the sensitivity, specificity, and accuracy of the prediction model were 96.36% (106/110), 66.67% (10/15), and 92.80% (116/125), respectively. A low preoperative PNI level may increase the risk of poor outcomes in THA/TKA patients. The nomogram model incorporating PNI, T2DM, disease duration, and WOMAC score provides good reference for clinical assessment of postoperative risk.","RAYYAN-INCLUSION: {""Dhruv ""=>""Included""}",,,,
rayyan-637106465,"Incidence, predictors, and clinical impact of patella baja after primary total knee arthroplasty.",2026,1,1,BMC musculoskeletal disorders,,,,,Darilmaz MF and Bulut M and Yolaçan H and Güler S,https://pubmed.ncbi.nlm.nih.gov/41668090/,,,,"BACKGROUND: Patella baja(PB) is a recognized radiographic finding after total knee arthroplasty (TKA), yet its incidence, predictors, and clinical relevance remain debated. Differentiating true from pseudo PB may provide additional radiographic insight into postoperative patellar inferiorization and may help clarify whether different mechanisms of patellar inferiorization translate into clinically meaningful outcomes. METHODS: A total of 178 patients who underwent primary unilateral TKA were evaluated at a minimum follow-up of five years. Patellar height was assessed using the Insall–Salvati Index (ISI), modified ISI, Caton–Deschamps Index (CDI), and Blackburne–Peel Index (BBP). True PB was defined as ISI < 0.8, whereas pseudo PB was defined as CDI < 0.6 or BBP < 0.54 with ISI ≥ 0.8. Clinical outcomes included Visual Analog Scale (VAS), Knee Society Score (KSS), Western Ontario and McMaster Universities Osteoarthritis Index (WOMAC), Knee Injury and Osteoarthritis Outcome Score (KOOS), Oxford Knee Score (OKS), and Forgotten Joint Score-12 (FJS-12). Multivariable logistic regression was used to identify independent predictors of PB, with model discrimination and calibration assessed. RESULTS: Postoperative PB was identified in 61 of 178 patients (34.3%), including 33 true and 28 pseudo cases. Among patients with paired radiographs (162 patients), 32.9% developed new-onset PB despite normal preoperative indices. Clinical outcomes did not differ significantly between patients with and without PB. Greater patellar inferiorization showed weak correlations with anterior knee pain and WOMAC scores. Lower preoperative ISI was independently associated with true PB, whereas lower preoperative CDI and BBP values were associated with pseudo PB. Younger age was independently associated with the development of any postoperative PB. CONCLUSION: PB was a common radiographic finding after primary TKA but was not associated with long-term functional outcomes when classified dichotomously. Preoperative patellar height indices were associated with the development of postoperative PB and may help identify patients at increased radiographic risk. Further studies incorporating direct joint-line measurements are needed to clarify the clinical significance of postoperative patellar inferiorization.","RAYYAN-INCLUSION: {""Dhruv ""=>""Included""}",,,,
rayyan-637106466,A study on the trajectory of change and influencing factors of care dependence in elderly patients during hospitalization after total hip arthroplasty.,2026,1,1,BMC nursing,,,,,Wang L and Wu Z and Zhou H and Ren Y,https://pubmed.ncbi.nlm.nih.gov/41639878/,,,,"BACKGROUND: Elderly hip fracture patients (patients aged ≥ 60 years) require prolonged rehabilitation after surgery and are care-dependent. Patients’ care dependence was strongly associated with the recovery of health-related quality of life. This study aimed to explore the trajectory and influencing factors of care dependence among elderly patients 14 days after total hip arthroplasty (THA) during their hospital stay. METHODS: Using the convenience sampling methodology, 210 elderly patients who underwent THA in three tertiary comprehensive hospitals in Jingzhou City and Yichang City from February to August 2023 were selected and recruited as the research subjects. The demographic and disease data questionnaire and the Orthopedic Social Support Scale were used to collect baseline information about the patients, and the Care Dependency Scale was used to follow up with the older patients at 24 h postoperatively (T1), on postoperative day 7(T2), and on postoperative day 14 (T3) for longitudinal assessment. The Latent Growth Mixture Model (LGMM) was used to describe the overall trend of care dependence, and a multivariate logistic regression model was adopted to analyze the effects of relevant factors on the trajectory of change in care dependence among elderly patients. RESULTS: LGMM analysis revealed three distinct trajectories: a high dependency group (55.24%), a gradual decline group (37.62%), and a rapid decline group (7.14%). Compared to the high dependency group, membership in the gradual decline group was significantly associated with young-old, no complications, family members as the primary caregiver, and better social support (all p < 0.05). Lower education levels (both journal school and primary school or below, vs. high school or above) remained a negative predictor. For the rapid decline group, younger age and higher educational attainment (indicated by the negative effect of primary school or below education) were the significant predictors. CONCLUSIONS: Early post-THA care dependency follows heterogeneous trajectories in older patients, primarily driven by two mechanistic pathways: a compensatory pathway (where external support facilitates gradual recovery in vulnerable individuals) and an autonomous pathway (where intrinsic capacity enables rapid recovery). Early screening for age, education, and support systems allows for risk stratification and personalized interventions to improve recovery outcomes. CLINICAL TRIAL NUMBER: Not applicable.","RAYYAN-INCLUSION: {""Dhruv ""=>""Included""}",,,,
rayyan-637106468,Periprosthetic Joint Infection: Modern Diagnostic Markers and Their Limitations.,2025,1,1,Cureus,,,,,Badejo A and Kolade MO and Adegbesan AC and Igbokwe K and Adefokun I and Adebayo A and Ayeni F,https://pubmed.ncbi.nlm.nih.gov/41613685/,,,,"Joint arthroplasty (JA) is a common surgical procedure that provides significant relief from degenerative joint pain, notably increases quality of life for patients, and markedly improves functional status. However, despite its many benefits, JA is not without risk, and one of the greatest risks patients who undergo JA face is periprosthetic joint infections (PJIs). PJIs are defined as infections occurring after the implantation of an artificial joint and have been shown to result in substantial morbidity, high treatment costs, and increased long-term mortality. Despite improvements in diagnostic criteria over time, early and accurate diagnosis of PJIs continues to be challenging. Challenges include overlapping clinical symptoms, a range of potential host responses to infection, and the absence of a single definitive diagnostic marker. The purpose of this narrative review is to evaluate the various diagnostic markers currently available for use in assessing PJI. A comprehensive search and review of all systematic reviews, meta-analyses, and diagnostic accuracy studies was done. While traditional serum inflammatory markers, such as C-reactive protein (CRP) and erythrocyte sedimentation rate (ESR), can remain useful in identifying infections, their sensitivity is significantly lower in cases of chronic or low-grade infections. Synovial fluid biomarkers, such as leukocyte esterase, alpha-defensin, and calprotectin, have demonstrated improved diagnostic performance when compared to traditional inflammatory markers. These markers appear to have superior ability to rule in or rule out infection; however, cost, variability in threshold values, and susceptibility to confounding variables limit their widespread adoption. Molecular diagnostics, including polymerase chain reaction (PCR) and next-generation sequencing (NGS), represent potentially powerful tools for detecting low-virulence and culture-negative organisms; however, these tools remain limited by cost, laboratory requirements, and interpretive difficulties. The evidence supports a multi-modal approach to diagnosing PJI. This approach would utilize a combination of clinical assessment and established serum and synovial markers, along with the selective use of advanced biomarkers and molecular assays. Future advancements in diagnosing PJI depend on several factors including the development of standardized diagnostic thresholds, improvement in the affordability and accessibility of point-of-care tools, and validation of artificial intelligence (AI)-enhanced diagnostic models capable of utilizing large amounts of complex data to increase diagnostic confidence and ultimately lead to better patient outcomes.","RAYYAN-INCLUSION: {""Dhruv ""=>""Included""}",,,,
rayyan-637106469,Kinetics and Fluid-Specific Behavior of Metal Ions After Hip Replacement.,2025,1,1,"Bioengineering (Basel, Switzerland)",,,,,Thompson C and Neupane S and Galbreath S and Goswami T,https://pubmed.ncbi.nlm.nih.gov/41595976/,,,,"Background: Total hip arthroplasty (THA) is a well-tolerated and effective procedure that can improve a patient's mobility and quality of life. A main concern, however, is the release of metal ions into the body due to wear and corrosion. Commonly reported ions are Co and Cr, while others, such as Ti, Mo, and Ni, are less frequently studied. The objective of this study was to characterize compartmentalization and time-dependent ion behaviors across serum, whole blood, and urine after hip prosthetic implantation. The goal of using Random Forest (RF) was to determine whether machine learning modeling could support temporal trends across data. Methods: Data was gathered from the literature of clinical studies, and we conducted a pooled analysis of the temporal kinetics from cohorts of patients who received hip prosthetics. Mean ion concentrations were normalized to µg/L across each fluid and weighted by cohort sample size. RF was used as a study-level test of predictive accuracy across ions. Results: For serum and whole blood, Co and Cr displayed one-phase association models, while Ti showed an exponential rise and decay. Ions typically rose quickly within the first 24 months postoperatively. Serum Co and whole blood had similar patterns, tapering off just under 2 µg/L, but serum Cr (~2.02 µg/L) was generally higher than that of whole blood (~0.99 µg/L). Mean urinary Co levels were greater than those of Cr, suggesting a larger, freely filterable fraction for Co. RF was implemented to determine predictive accuracy for each ion, showing a stronger fit for Co (R2 = 0.86, RMSE = 0.57) compared to Cr (R2 = 0.52, RMSE = 0.50). Conclusions: Sub-threshold exposure was prevalent across cohorts. Serum and whole blood Co and Cr displayed distinct kinetic profiles and, if validated, could support fluid-specific monitoring strategies. We present a methodology for interpreting ion kinetics and show potential for machine learning applications in postoperative monitoring.","RAYYAN-INCLUSION: {""Dhruv ""=>""Included""}",,,,
rayyan-637106471,Evaluating methodological quality of prognostic prediction models on patient-reported outcome measurements after total hip and total knee arthroplasty : a systematic review.,2026,1,1,Bone & joint open,,,,,Lin JY and Natarajan P and Liu VK and Jenkin DE and Chang WJ and Naylor J and Adie S,https://pubmed.ncbi.nlm.nih.gov/41570858/,,,,"Predictive modelling studies are increasingly popular, but the reporting quality in developing and validating these models remains suboptimal. This review aimed to evaluate the methodological quality of predictive models for patient-reported outcomes following total hip arthroplasty (THA) and total knee arthroplasty (TKA), identifying gaps in reporting and biases. The review followed PRISMA guidelines, appraising studies that developed and/or validated multivariate predictive models. Methodological quality was assessed using the Prediction model Risk Of Bias ASsessment Tool (PROBAST) tool, and reporting quality was evaluated using Transparent Reporting of a multivariable prediction model for Individual Prognosis Or Diagnosis (TRIPOD) guidelines. An electronic search was conducted across MEDLINE, EMBASE, and CINAHL up to 29 May 2025 and several studies from expert recommendation. Studies involving adults (aged ≥ 18 years) undergoing elective primary or revision THA or TKA were included, while univariate analyses and literature reviews were excluded. The search identified 6,194 results, with 3,793 unique articles. A total of 58 studies were screened, and 41 were included. TRIPOD compliance ranged from 58% to 68%. Overall, 98% of studies had a low risk of bias in participant selection, but 83% showed a high risk of bias in analysis. Applicability concerns were low in 93% of studies. The review reveals significant methodological limitations in predictive models for THA and TKA outcomes, especially in analysis. Improving adherence to reporting guidelines is essential for enhancing transparency and reliability, ultimately supporting better clinical decision-making and patient outcomes.","RAYYAN-INCLUSION: {""Dhruv ""=>""Included""}",,,,
rayyan-637106472,How Can Arthroplasty Surgeons Best Use Preoperative Patient-Reported Outcome Measures Across Multiple Domains to Predict Minimal Clinically Important Difference and Patient-Acceptable Symptom State Achievement in Medial Unicompartmental Knee Arthroplasty? Findings From a Prospectively Maintained ...,2026,1,1,The Journal of arthroplasty,,,,,Sauder N and Murrietta AJ and Booth M and Lim PL and Melnic CM and Bedair HS and Alpaugh K,https://pubmed.ncbi.nlm.nih.gov/41564952/,,,,"Patient-reported outcome measures (PROMs) are increasingly utilized in medial unicompartmental knee arthroplasty (UKA). Total knee arthroplasty studies have shown preoperative PROMs across multiple domains (knee physical function, general physical health, mental health, etc.) influence achievement of minimal clinically important difference (MCID) or patient acceptable symptom state (PASS). However, the utility of preoperative PROMs in medial UKA is underexplored. We investigated the impact of preoperative PROMs across multiple domains on MCID and PASS achievement in medial UKA. We retrospectively sourced 911 medial UKAs from a prospectively maintained multi-institutional arthroplasty registry. The following preoperative PROMs were recorded: 1) Knee Osteoarthritis Outcome Score-Physical Function Short Form (KOOS-PS); 2) Patient-Reported Outcomes Measurement Information System (PROMIS) Physical Function-10a (PF-10a); 3) PROMIS Global Physical; and 4) PROMIS Global Mental. These PROMs measure the following domains, respectively: 1) knee-specific physical function; 2) general physical function; 3) general physical health; and 4) general mental health. Multivariable forward binary logistic regression models identified factors independently associated with the achievement of literature-derived, anchor-based KOOS-PS thresholds for MCID and PASS. Achievement of MCID was associated with a lower preoperative KOOS-PS score (P = 0.001) and a higher preoperative PROMIS Global Physical score (P = 0.013). Achievement of PASS was associated with a higher preoperative KOOS-PS score (P < 0.001), higher preoperative PROMIS Global Physical score (P = 0.038), higher preoperative PROMIS Global Mental score (P = 0.018), and higher preoperative PROMIS PF-10a score (P = 0.029). Medial UKA patients who have severe knee symptoms have a high rate of MCID, but a low rate of PASS. Conversely, patients who have mild knee symptoms have a low rate of MCID, but a high rate of PASS. Higher baseline physical functioning, general physical health, and general mental health increase the likelihood of PASS achievement. Evaluating medial UKA patients who have several preoperative PROMs across multiple domains (knee physical function, general physical health, mental health, etc.) may aid counseling. Although PROMs are subjective and are not perfect measures, they are nevertheless validated and widely utilized, offering insights that can guide clinical decision-making. Preoperative PROMs should not restrict access to care.","RAYYAN-INCLUSION: {""Dhruv ""=>""Included""}",,,,
rayyan-637106476,AI-assisted preoperative planning combined with robotic-assisted total knee arthroplasty vs. conventional surgery: a retrospective controlled study.,2026,1,1,BMC musculoskeletal disorders,,,,,Hu Y and Fan Y and Sun Z and Song H,https://pubmed.ncbi.nlm.nih.gov/41546030/,,,,"To compare perioperative outcomes and early functional recovery between AI-robotic and conventional total knee arthroplasty (TKA). We retrospectively analyzed data from 88 patients who underwent primary unilateral TKA for knee osteoarthritis between April 2024 and December 2024. The AI-robotic group (n = 44) received AI-assisted preoperative planning and robot-assisted TKA, while the traditional group (n = 44) underwent conventional 2D templating and manual TKA. Key metrics included preoperative prosthesis prediction accuracy, intraoperative and postoperative blood loss, osteotomy time, postoperative radiographic alignment, and functional scores. The AI-robotic group showed significantly higher prosthesis prediction accuracy (femoral: 79.5% vs. 52.3%, P = 0.023; tibial: 84.1% vs. 61.4%, P = 0.042), shorter osteotomy time (15.24 ± 4.71 vs. 18.43 ± 4.76 min, P = 0.002), reduced intraoperative blood loss (197.41 ± 78.41 vs. 234.35 ± 74.53 mL, P = 0.026), and lower 72-hour total blood loss (1022.96 ± 226.14 vs. 1118.71 ± 193.30 mL, P = 0.036). Postoperative lateral femoral component (LFC) angles were superior in the AI-robotic group (5.87 ± 2.18° vs. 6.91 ± 2.10°, P = 0.025). At 6 weeks, the AI-robotic group had better VAS pain scores (2.27 ± 1.12 vs. 2.84 ± 1.22, P = 0.029) and HSS scores (61.57 ± 4.40 vs. 59.59 ± 3.80, P = 0.027). AI-assisted preoperative planning with robotic TKA improves prosthesis sizing accuracy, reduces perioperative blood loss and 72 h total blood loss, and enhances early functional outcomes compared to conventional methods. These findings support AI-robotic integration as a precision solution for TKA, particularly in complex cases.","RAYYAN-INCLUSION: {""Dhruv ""=>""Included""}",,,,
rayyan-637106479,Impact of posterior tibial slope on functional outcomes after mobile-bearing total knee arthroplasty.,2026,1,1,Journal of clinical orthopaedics and trauma,,,,,Jayakumar T and Hippalgaonkar K and Savio A and Thayi C and Reddy AG,https://pubmed.ncbi.nlm.nih.gov/41510525/,,,,"Posterior tibial slope (PTS) is believed to influence range of motion (ROM) and functional outcomes after total knee arthroplasty (TKA), particularly in cruciate-retaining and posterior-stabilized designs. However, limited data exist on its impact in mobile-bearing systems. This study evaluated whether variations in PTS affect ROM and patient-reported outcome measures (PROMs) following mobile-bearing TKA using the Buechel-Pappas design. This was a retrospective, single center cohort study on 359 patients who underwent cemented mobile-bearing TKA between 2018 and 2022, with a minimum follow-up of 2 years. Patients were stratified into three PTS categories: <4°, 4-7°, and >7° and analyzed. Functional outcomes were assessed using the Oxford Knee Score (OKS), Forgotten Joint Score (FJS), maximal knee ROM, and complications. Patient had a mean follow-up of 2.8 years (SD = 0.9) with a mean age was 61.3 (SD = 7.7) years. Baseline demographic characteristics were comparable between the 3 cohorts. Mean postoperative ROM improved significantly from 75.2° to 95.3°, and mean OKS from 16.2 to 34.5 (p < 0.001). However, no significant differences in ROM, OKS, or FJS were observed between PTS groups (p > 0.05). Analysis of change in PTS between pre-operative to post-operative showed no significant difference. ROC analyses and logistic regression demonstrated poor predictive ability of PTS for functional outcomes. Variations in posterior tibial slope within typical clinical ranges (<4°, 4-7°, >7°), as well as the degree of change in slope achieved from preoperative to postoperative alignment, did not significantly affect postoperative range of motion or patient-reported outcomes following mobile-bearing total knee arthroplasty.","RAYYAN-INCLUSION: {""Dhruv ""=>""Included""}",,,,
rayyan-637106480,Comparison of Mobility and Health-Related Quality of Life Between Hemiarthroplasty and Total Hip Arthroplasty for Femoral Neck Fractures in the Elderly: A Post Hoc Analysis of a Prospective Cohort Study.,2026,1,1,Orthopaedic surgery,,,,,Peng W and Chen Y and Gao F and Bei M and Liu G and Zhang J and Ge Y and Tian M and Yang M and Wu X,https://pubmed.ncbi.nlm.nih.gov/41495914/,,,,"To compare the mobility and health-related quality of life (HRQoL) for femoral neck fractures (FNFs) in the elderly treated with either hemiarthroplasty (HA) or total hip arthroplasty (THA). This study constitutes a post hoc analysis of a prospective cohort study. In this secondary analysis, we enrolled patients aged ≥ 65 years who underwent arthroplasty for FNFs at a tertiary hospital in Beijing, China, between 2018 and 2019. Patients were stratified into the HA group and THA group based on the surgical type. All patients were followed up via telephone at 30, 120, and 365 days postoperatively. The Fracture Mobility Score (FMS) was utilized to assess patients' mobility, while the EuroQol 5-Dimension (EQ-5D) instrument was adopted to evaluate their HRQoL. Intergroup comparisons, multivariate logistic regression models, and linear regression models were used to compare outcomes between the two groups and analyze the impact of surgical type on these outcomes. Among 416 eligible patients, 333 completed all three follow-up evaluations, including 250 patients in the HA group and 83 in the THA group. Multivariate logistic regression models adjusted for potential confounders indicated that patients in the THA group were significantly more likely to achieve unrestricted mobility at 120 and 365 days postoperatively compared with the HA group (OR [95% CI] = 2.407 [1.210-4.788], p.adj = 0.012; OR [95% CI] = 2.410 [1.120-5.183], p.adj = 0.024), with no significant difference observed at the 30-day follow-up. In addition, multivariate linear regression models adjusted for 12 covariates demonstrated that the THA group achieved significantly higher EQ-5D scores at 30 and 120 days postoperatively (p.adj = 0.003 and p.adj = 0.003, respectively). However, this advantage was not sustained at the 365-day follow-up (p.adj = 0.100). THA may yield a higher probability of independent mobility recovery and better postoperative HRQoL than HA in elderly patients with FNFs.","RAYYAN-INCLUSION: {""Dhruv ""=>""Included""}",,,,
rayyan-637106481,One-Month Postoperative Pain Predicts 3-Month Postoperative Dissatisfaction in Total Knee Arthroplasty Patients.,2026,1,1,Journal of the American Academy of Orthopaedic Surgeons. Global research & reviews,,,,,Surmacz K and Cholewa J and Anderson MB and Redfern RE and VanAndel D and Tripuraneni KR,https://pubmed.ncbi.nlm.nih.gov/41494088/,,,,"The purpose of this study was to evaluate the relationship between 1-month pain scores and 3-month postoperative satisfaction and investigate whether an immediate postoperative pain score cutoff exists between satisfied and dissatisfied patients. This was a secondary analysis of a multicenter, longitudinal, cohort study comprised total knee arthroplasty (TKA) patients (n = 1763) using a digital care management platform. Pain was assessed at 1 month postoperatively through an 11-point numeric rating scale (NRS). Satisfaction was assessed at 3 months postoperative through the Knee Society composite satisfaction score (KSS). Patients were stratified into satisfied (KSS >30) and dissatisfied (KSS <30) subgroups. Quantile regression was used to create a best-fit line to identify a cutoff between the 1-month NRS and the 3-month KSS. A logistic regression model was used to classify patients as satisfied or dissatisfied that included comorbidities, 1-month active flexion range of motion, anxiety/depression score, sex, age, and body mass index. The importance of the features in the model was assessed using permutation importance method to create a best-fit line between satisfaction and NRS. The 1 month mean NRS and satisfaction scores were 3.7 ± 2.0 and 29.4 ± 8.6, respectively. A total of 621 patients (35.2%) were dissatisfied at 3 months postoperatively. A moderate correlation was found between 1-month NRS pain and 3-month satisfaction (r = -0.39, P < 0.001). Based on the best-fit line, the cutoff for dissatisfaction occurs with an NRS for pain of >4.0. The model achieves an area under curve (AUC) of 0.73 (SD = 0.02), with a maximum f1-score of 0.65, corresponding to sensitivity = 0.87 and specificity = 0.44. One-month postoperative pain scores greater than 4.0 were associated with patient dissatisfaction at 3 months postoperatively. Assessing pain in the immediate postoperative period can provide clinicians with diagnostic data that may help detect patients at risk for a poor prognosis 3 months following TKA.","RAYYAN-INCLUSION: {""Dhruv ""=>""Included""}",,,,
rayyan-637106482,"Long-term outcomes after hip arthroscopy for femoroacetabular impingement PASS, MCID, return to sport, and revision rates at a minimum five-year follow-up.",2026,1,1,International orthopaedics,,,,,Elma T and Büyüksayın O and Eren TK and Aslan NK and Aral F and Kanatlı U,https://pubmed.ncbi.nlm.nih.gov/41483130/,,,,"Hip arthroscopy is widely used for treating femoroacetabular impingement (FAI), yet long-term data evaluating PASS, MCID thresholds, functional recovery, and revision rates remain limited. This study aimed to assess minimum five year outcomes following hip arthroscopy for FAI and to identify predictors of postoperative success. In this retrospective cohort study, 133 patients with a minimum of five years of follow-up were evaluated. Preoperative and postoperative outcomes included mHHS and VAS scores. Postoperative PROMs included iHOT-12, HOS-ADL, and HOS-Sport. PASS, MCID achievement, return to sport (RTS), return to work (RTW), revision arthroscopy, and conversion to total hip arthroplasty (THA) were recorded. MCID for ΔmHHS was determined using ROC analysis with PASS as the external anchor. Logistic regression identified predictors of PASS. The mean mHHS improved from 62.0 ± 12.9 preoperatively to 83.6 ± 12.8 at final follow-up (p < 0.001). VAS scores improved from 7.7 ± 1.9 to 3.1 ± 2.3 (p < 0.001). PASS was achieved by 72.2% of patients, and 83.1% met the MCID threshold of a 10-point increase in mHHS. Return-to-sport and return-to-work rates were 96.2% and 96.9%, respectively. Hip arthroscopy for FAI provides durable clinical improvement at long-term follow-up, with high PASS and MCID achievement rates. RTS and RTW rates were excellent, and revision and THA conversion rates were comparable with contemporary long-term reports. Preoperative pain severity was the only independent predictor of PASS.","RAYYAN-INCLUSION: {""Dhruv ""=>""Included""}",,,,
rayyan-637106484,Satisfied but Failed: Patient Satisfaction Compared with Total Knee Arthroplasty Success Defined by the U.S. Centers for Medicare & Medicaid Services.,2026,1,1,The Journal of bone and joint surgery. American volume,,,,,Zheng H and Ash AS and Liu SH and Yousef M and Allison J and Ayers DC,https://pubmed.ncbi.nlm.nih.gov/41460960/,,,,"More than 1 million total knee arthroplasties (TKAs) are performed annually in the United States to reduce knee pain, restore physical function, and enhance quality of life. However, nearly 1 in 5 patients are not satisfied after 1 year. We aimed to compare patient satisfaction with the U.S. Centers for Medicare & Medicaid Services (CMS) definition of success in TKA. We studied a multicenter cohort of patients undergoing primary unilateral TKA, comparing patient satisfaction with CMS-defined surgery success, which is a minimum 20-point improvement in the Knee Injury and Osteoarthritis Outcome Score for Joint Replacement (KOOS JR, scored 0 to 100) at 1 year. We cross-classified surgeries by satisfaction and success and used multivariable logistic regression to identify factors associated with satisfied patients being deemed as having undergone surgeries that failed. We studied 8,444 patients with a mean age of 68 years (with patients grouped by age: 30 to 64 years and 65 to 95 years). Of the patients, 67% were women and 60% were obese. With regard to the patients' race and/or ethnicity, 81% were White, 17% were Black, 1% were Asian, 0.6% were Native American or Alaskan Native, and 0.3% were native Hawaiian or other Pacific Islander. Although 84% of all patients reported satisfaction with the surgery, only 64% of surgeries were deemed successful. Among satisfied patients, only 71% underwent a surgery that was deemed to be successful, and discordance depended strongly on their baseline score. For satisfied patients with the worst baseline status (KOOS JR of <40), the CMS deemed the surgeries to be successful 91% of the time. In contrast, for satisfied patients with better baseline status (KOOS JR of ≥60), the CMS determined that only 39% of the surgeries were successful. Surgical failure in satisfied patients was also associated with younger age, back pain, contralateral knee pain, lower health literacy, diabetes, and poorer mental health. Including the baseline KOOS JR in the model significantly increased predictive accuracy (the area under the receiver operating characteristic curve rose from 0.58 to 0.79). We found substantial discordance between patients' satisfaction with the procedure and how the CMS currently assesses TKA success. A graded success metric, risk-adjusted for patients' baseline status, would align better with satisfaction. It is also worth exploring whether adding a few questions on joint-specific pain and function could better capture meaningful changes in patients whose high baseline status leaves little room for improvement on the KOOS JR. Therapeutic Level III . See Instructions for Authors for a complete description of levels of evidence.","RAYYAN-INCLUSION: {""Dhruv ""=>""Included""}",,,,
rayyan-637106487,[A follow-up study on total hip arthroplasty in patients with systemic lupus erythematosus combined with osteonecrosis of femoral head].,2025,1,1,Beijing da xue xue bao. Yi xue ban = Journal of Peking University. Health sciences,,,,,Wang X and Guo S and Chen D and Wen X and Hua Y and Zhang L and Zhang Q,https://pubmed.ncbi.nlm.nih.gov/41399069/,,,,"To evaluate the clinical results of total hip arthroplasty (THA) for the treatment of patients with systemic lupus erythematosus (SLE) with end-stage osteonecrosis of femoral head (ONFH). Between March 2002 and June 2024, 235 SLE patients with end-stage ONFH who underwent 340 THAs were retrospectively reviewed. Before operation and at the last follow-up visit, the patient demographics, disease-related, hip and surgery-related, and laboratory parameters were collected via outpatient questionnaire, telephone, and online questionnaire. Objective clinical results were evaluated using the Harris hip score (HHS) system and subjective clinical results were evaluated using the short form-12 (SF-12) outcome score. The patient satisfaction at the last follow-up was evaluated by using a four-point scale with the options ""very unsatisfied"", ""unsatisfied"", ""satisfied"", or ""very satisfied"". The median duration of follow-up was 58.0 (34.7, 101.2) months (12.4-283.2 months). At the last follow-up, the HHS increased from 32.0 (23.8, 39.3) before surgery to 88.0 (84.0, 91.0), the SF-12 mental component score (MCS) increased from 42.3(35.7, 48.7) before surgery to 52.3 (47.8, 55.9) and the SF-12 physical component score (PCS) increased from 36.8 (28.3, 43.4) before surgery to 52.0 (46.7, 54.5) (all P < 0.001). Evaluation of the hip satisfaction at the last follow-up showed that 58.8% (200 hips) were very satisfied, 35.3% (120 hips) were satisfied, 4.1% (14 hips) were less satisfied, 1.8% (6 hips) were very unsatisfactory, and the overall satisfaction rate was 94.1%. The postoperative systemic complications included pulmonary infection in 6 hips (1.8%), urinary tract infection in 10 hips (2.9%), cholecystitis in one hip (0.3%), intracranial infection in one hip (0.3%), cerebral infarction in 2 hips (0.6%), pulmonary embolism in 2 hips (0.6%), and atrial fibrillation in 2 hips (0.6%). Consequently, all hips were divided into those with systemic complications (25 hips) and those without systemic complications (315 hips). The results of intergroup comparisons showed significant differences in preoperative SF-12 PCS (P=0.031), postoperative SF-12 PCS (P=0.007), and postoperative HHS (P=0.005). The postoperative orthopedic complications included delayed wound healing in 28 hips (8.2%), joint noise in 11 hips (3.2%), periprosthetic infection in 3 hips (0.9%), dislocation in 3 hips (0.9%), and periprosthetic fracture in 2 hips (0.6%). All hips were divided into the delayed wound healing group (28 hips) and the normal wound healing group (312 hips). The results of intergroup comparisons revealed significant differences in preoperative SF-12 PCS (P=0.009), postoperative SF-12 MCS (P=0.025), and the proportion of THA using ceramic-on-polyethylene bearing (P=0.009) between the two groups. Multivariate logistic regression analysis indicated that preoperative SF-12 PCS (P=0.014, OR=0.94) and the use of ceramic-on-polyethylene bearing surface (P=0.014, OR=2.90) were associated factors for delayed wound healing after THA. The clinical results of THA reconstruction for the treatment of ONFH in SLE patients were reliable with high level of clinical scores and patient satisfaction. Unfortunately, a relatively high rate of systemic and orthopedic complications, including urinary tract infection and delayed healing of incision, deserved attention. Therefore, the perioperative management regimen should be emphasized in order to minimize the risk of postoperative complications.","RAYYAN-INCLUSION: {""Dhruv ""=>""Included""}",,,,
rayyan-637106488,The influencing factors of postoperative sleep disorders in elderly patients undergoing hip replacement surgery under general anesthesia and the construction and validation of a nomogram prediction model.,2025,1,1,Frontiers in neurology,,,,,Zhou G and Chen J and Zhang H,https://pubmed.ncbi.nlm.nih.gov/41394003/,,,,"To explore the influencing factors of postoperative sleep disorders in elderly patients undergoing hip replacement (HR) under general anesthesia, and to construct and validate a nomogram prediction model. A total of 329 patients who underwent general anesthesia HR surgery in our hospital from December 2021 to December 2023 were retrospectively gathered and grouped into a modeling group (230 cases) and a validation group (99 cases). The modeling group was separated into a sleep disorder group and a no sleep disorder group based on postoperative sleep disorders. Out of 230 patients, 69 experienced sleep disorders, with an incidence rate of 30.00%. Multivariate logistic regression found that age, anesthesia time, surgery time, intraoperative blood loss, postoperative hypoxemia, postoperative VAS score, and postoperative CRP level were risk factors for postoperative sleep disorders in elderly HR patients undergoing general anesthesia (p < 0.05). The AUC of the modeling group and validation group was 0.978 and 0.972, and the H-L test showed χ2 = 7.410 and 7.342, respectively, p = 0.762 and 0.752, indicating good consistency. DCA curve showed that when the high-risk threshold probability was between 0.08 and 0.88, the nomogram model had high clinical value. Age, anesthesia time, surgery time, intraoperative blood loss, postoperative hypoxemia, postoperative VAS score, and postoperative CRP level are the influencing factors of postoperative sleep disorders in elderly HR patients undergoing general anesthesia. The nomogram model constructed based on this has good discrimination and consistency, and can predict the postoperative sleep disorders of patients.","RAYYAN-INCLUSION: {""Dhruv ""=>""Included""}",,,,
rayyan-637106490,Construction and validation of a predictive model for post-operative kinesiophobia in total hip arthroplasty patients.,2025,1,1,Frontiers in medicine,,,,,Dong S and Guo X and Zhou Y and Chen Y and Wang C and Peng S and Wu L and Han W and Liu W,https://pubmed.ncbi.nlm.nih.gov/41368313/,,,,"Total hip arthroplasty (THA) is an effective treatment for end-stage hip disease, which can significantly relieve pain, rebuild joint function, and improve patients' quality of life. Early post-operative functional exercises are essential to promote the recovery of hip function and minimize complications. However, some patients are afraid of exercise due to the risk of pain or dislocation of the prosthesis, resulting in poor adherence to rehabilitation exercises. Kinesiophobia has now become a key factor hindering the rehabilitation process and leading to poor functional recovery. Therefore, early identification of high-risk groups and implementation of targeted interventions are essential to improve patient prognosis. To construct and validate a risk prediction model for post-operative kinesiophobia in total hip arthroplasty (THA) patients. This study is a single-center cross-sectional study with only internal validation. Through the convenience sampling method, 205 patients who underwent total hip arthroplasty (THA) at the Second Affiliated Hospital of Shandong First Medical University from October 2024 to May 2025 were selected as the study subjects. Independent predictors associated with the occurrence of kinesiophobia were screened by univariate analysis and multifactorial logistic regression analysis. A nomogram risk prediction model was constructed using R software, and the Hosmer-Lemeshow test, receiver operating characteristic (ROC) curve, area under the curve (AUC), calibration curves, and decision analysis curves (DCA) were used to evaluate the model's goodness-of-fit, discriminability, calibration, and clinical utility, respectively. The Bootstrap method was used to perform 1,000 repeated samplings for internal validation of the model. A total of 126 out of 205 post-operative THA patients developed kinesiophobia, and the incidence of kinesiophobia was 61.5%. Logistic regression showed that pain history duration, anxiety, hip function, coping style, and rehabilitation self-efficacy were the influencing factors for the development of kinesiophobia in post-operative patients with THA (P < 0.05). The AUC value of the constructed model was 0.947 (95% CI 0.919∼0.975), the specificity was 0.873, and the sensitivity was 0.911. The Hosmer-Lemeshow test (χ 2 = 2.287, P = 0.971) and the calibration curve showed that the predicted probability of the model was consistent with the probability of the actual occurrence, and the model predicted the effect well; the DCA curve indicates that the model has good clinical utility. Internal validation using the Bootstrap method yielded an AUC value of 0.912 (95% CI 0.875-0.949). THA patients with a pain history duration (> 1 year), anxiety, poor hip function, low active coping, and poor rehabilitation self-efficacy are more likely to develop kinesiophobia after surgery. The constructed model has good predictive efficacy, which is helpful for early clinical identification of high-risk patients and provides a reference for developing individualized interventions.","RAYYAN-INCLUSION: {""Dhruv ""=>""Included""}",,,,
rayyan-637106494,Osteosarcopenia as a predictor of postoperative adverse outcomes in older adults undergoing total hip arthroplasty.,2026,1,1,Journal of bone and mineral metabolism,,,,,Okamoto Y and Wakama H and Saika T and Tani K and Otsuki S,https://pubmed.ncbi.nlm.nih.gov/41339538/,,,,"Osteosarcopenia-the coexistence of osteoporosis and sarcopenia-reflects a dual loss of bone and muscle integrity that contributes to frailty, falls, and functional decline in aging populations. While both osteoporosis and sarcopenia have been individually linked to postoperative recovery, their combined effect after major orthopedic procedures remains unclear. This study investigated whether osteosarcopenia independently predicts health-related quality of life after total hip arthroplasty (THA), as a model for older adults with musculoskeletal deficits. A retrospective cohort of 214 patients aged ≥ 65 years who underwent unilateral THA was analyzed. Preoperative evaluations included dual-energy X-ray absorptiometry (osteoporosis: lumbar T-score <  - 2.5) and sarcopenia was defined in accordance with the 2019 Asian Working Group for Sarcopenia consensus. Patients were grouped as osteosarcopenia, sarcopenia-only, osteoporosis-only, or normal. Multivariate logistic regression was conducted to identify predictors of achieving the minimum clinically important difference (MCID) in the Hip Disability and Osteoarthritis Outcome Score-Joint Replacement (HOOS-JR) at 24 months postoperatively. Propensity score matching was used to compare patients with osteosarcopenia with matched controls. Both osteoporosis (OR 0.71, 95%CI 0.60-0.83) and sarcopenia (OR 0.79, 95%CI 0.64-0.97) were independent predictors of failure to achieve MCID (> 18, 154/214). Post-matching, patients with osteosarcopenia (n = 25) had significantly lower HOOS-JR (P < 0.001), EuroQol 5-Dimension (P = 0.029), and satisfaction scores (P < 0.001) than controls (n = 50). Osteosarcopenia was associated with clinically inferior functional disability after THA. Preoperative identification of bone-muscle deficits could guide interventions-such as osteoporosis treatment and tailored rehabilitation-to enhance outcomes in older adults.","RAYYAN-INCLUSION: {""Dhruv ""=>""Included""}",,,,
rayyan-637106495,"Substantial Clinical Benefit Thresholds for Hip Disability and Osteoarthritis Outcome Score Subscales and Associated Risk Factors for Nonattainment After Total Hip Arthroplasty: A Prospective Cohort Study of 9,229 Patients.",2025,1,1,The Journal of arthroplasty,,,,,Pasqualini I and Elmenawi KA and Khan ST and Hadad MJ and Cleveland Clinic Adult Reconstruction Research Group (CCARR) and Piuzzi NS,https://pubmed.ncbi.nlm.nih.gov/41319842/,,,,"The Centers for Medicare & Medicaid Services (CMS) now requires patient-reported outcome measures (PROMs) collection after total hip arthroplasty (THA), emphasizing substantial clinical benefit (SCB) in the Hip Disability and Osteoarthritis Outcome Score - Joint Replacement (HOOS-JR). This study aimed to establish SCB thresholds for HOOS-Pain, Physical Function Short Form (PS), and JR and to identify factors influencing SCB achievement after THA. A prospective analysis included 13,324 primary THAs performed between 2016 and 2022 at a tertiary health care institution. Of these, baseline PROMs were completed by 11,766 patients (88.3%), and 1-year follow-up data were available for 9,229 patients (78.4%). Demographic characteristics, comorbidities, and PROM data were collected, and patients were stratified into eight phenotypes based on pain, function, and mental health status. The SCB thresholds were calculated using anchor-based methods and anchored by the Veterans RAND-12 physical health question at one year. Multivariable logistic regression was conducted to determine factors linked to not achieving SCB. Established SCB thresholds were 40 for HOOS-pain (83.7% sensitivity, 45.3% specificity), 29.3 for HOOS-PS (75.4% sensitivity, 49.5% specificity), and 32.3 for HOOS-JR (79.3% sensitivity, 50.3% specificity). Overall, 72.8% of patients reached SCB. Factors significantly associated with failing to achieve SCB included non-White race, smoking, increased comorbidities, and worse baseline scores in pain, function, and mental health (P < 0.001). This study provides actionable benchmarks for HOOS domains following CMS mandates. Addressing disparities by incorporating preoperative phenotype stratification and risk mitigation strategies could optimize equitable outcomes after THA. Prognostic Level III.","RAYYAN-INCLUSION: {""Dhruv ""=>""Included""}",,,,
rayyan-637106496,Polymicrobial periprosthetic joint infections of the hip and knee : characteristics and management.,2025,1,1,The bone & joint journal,,,,,Margaryan D and Dos Santos MV and Perka C and Trampuz A and Karbysheva S,https://pubmed.ncbi.nlm.nih.gov/41319694/,,,,"The aim of this study was to evaluate the clinical and microbiological characteristics, surgical and antibiotic strategies, and long-term outcomes in patients with polymicrobial periprosthetic joint infection (PJI). This retrospective cohort study was undertaken at a tertiary healthcare centre and included patients aged ≥ 18 years with polymicrobial PJI treated with two-stage or multistage exchange of implants between January 2013 and May 2020. The modified European Bone and Joint Infection Society (EBJIS) criteria were used for the diagnosis of PJI. Surgical and antibiotic treatment followed a standardized institutional algorithm. Outcomes were assessed using Delphi international multidisciplinary consensus criteria and function was classified into categories of mobility. Statistical analyses included Kaplan-Meier survival curves and logistic regression for the identification of risk factors. A total of 39 patients were included; 24 hip and 15 knee PJIs. Staphylococci (n = 26; 67%), Gram-negative bacilli (n = 15; 38%), and enterococci (n = 14; 36%) were the most frequently isolated pathogens. The median interval between explantation and reimplantation was 91 days, with a median of three revisions required for infection control. Postoperative antibiotic regimens commonly included β-lactams with glycopeptides or lipopeptides, followed by biofilm-active oral antibiotics. The rates of infection-free survival at one, two, and three years were comparable for hip and knee PJIs (76% (95% CI 52 to 89) and 65% (95% CI 31 to 85), respectively; p = 0.121), but there was signicantly better long-term survival after four years for hip PJIs (76% (95% CI 52 to 89) vs 43% (95% CI 9 to 75); p < 0.001). Recurrent infection occurred in ten patients (26%), with difficult-to-treat (DTT) pathogens significantly influencing the failure of treatment. Functional outcomes varied, with 13 patients (33%) regaining independent mobilization. Polymicrobial PJI remains a difficult condition to treat, with high morbidity requiring a tailored multidisciplinary approach. While standardized surgical and antibiotic strategies improve infection control, DTT organisms, and previous revision procedures increase the risk of recurrent infection. The poor long-term functional outcomes highlight the need for further optimization of treatment protocols to enhance patients' mobility and quality of life.","RAYYAN-INCLUSION: {""Dhruv ""=>""Included""}",,,,
rayyan-637106499,A machine learning approach to predict postoperative sleep disturbance after total knee arthroplasty: a comparative study of multiple algorithms.,2025,1,1,Frontiers in medicine,,,,,Zhang YX and He S and Yang T and Li HL and Wu CL and Wang L and Wang XQ and Liu J,https://pubmed.ncbi.nlm.nih.gov/41267860/,,,,"Postoperative sleep disturbance (PSD) is a common complication following total knee arthroplasty (TKA), which negatively impacts patient recovery. Despite the critical need for early detection and management, there is limited research on predictive models for early PSD, particularly those integrating machine learning (ML) techniques. This study aimed to develop a predictive model for early PSD following TKA using ML algorithms, identify key predictive factors, and provide an interpretable model to guide clinical decision-making. The study included 505 patients who underwent TKA. Clinical data were collected at three stages: preoperatively, intraoperatively, and postoperatively. Ten MLa models, including logistic regression, support vector machine (SVM), and XGBoost, were trained and evaluated using a test set. Performance metrics, including accuracy, sensitivity, specificity, and area under the curve (AUC), were used to evaluate the efficacy of the models. Key features influencing PSD were identified through SHapley Additive Explanations (SHAP) analysis to enhance model interpretability. Gradient Boosting Machine (GBM) demonstrated the highest AUC (0.906), accuracy (0.834), and sensitivity (0.879), establishing it as the optimal model for predicting PSD. Key predictors identified included age, smoking, living alone, living in the city, VAS 1 month postoperative, and anxiety 1 month postoperative. SHAP analysis revealed that postoperative VAS and age were the most influential factors in predicting PSD, with their impact varying based on individual patient data. The study developed a robust and interpretable ML model for the early prediction of PSD following TKA. This model can aid in preoperative risk stratification, facilitating personalized management strategies to improve postoperative outcomes. Further validation in larger cohorts and diverse settings is necessary to enhance its broader clinical applicability.","RAYYAN-INCLUSION: {""Dhruv ""=>""Included""}",,,,
rayyan-637106500,"Prediction of quality-of-life improvement after total hip arthroplasty : a simplified and internally validated model based on 82,526 total hip arthroplasties from the Swedish Arthroplasty Register.",2025,1,1,Bone & joint open,,,,,Alagha MA and Cobb JP and Liddle AD and Malchau H and Mohaddes M and Rolfson O,https://pubmed.ncbi.nlm.nih.gov/41265477/,,,,"Pain and poor health-related quality of life measures serve as the primary indication for primary elective total hip arthroplasty (THA). It remains challenging to predict whether THA delivers the patient-anticipated improvements. Our study aimed to develop and validate statistical and machine learning prediction models of one-year clinical improvement in patient-reported outcome measures (PROMs) after elective THA. We included 82,526 patients with primary elective THAs from the Swedish Arthroplasty Register (SAR) for forecasting one-year improvements in the EuroQol five-dimension questionnaire (EQ-5D) index, EQ-visual analogue scale (VAS), and combined EQ-5D/EQ-VAS scores. Two minimal clinically important difference (MCID) thresholds were applied for the EQ-5D index score based on the approaches of standardized response mean (SRM) of 0.196 and capacity of benefit (CoB) of 0.428. MCID cutoff for the EQ-VAS was set to 7.81. A total of 21 features were used to feed the models. To avoid estimates bias, we eliminated missing data. Model performance was tested using the area under the receiver operating characteristic curve (AUC), and importance of features was identified in the best performing algorithm. Applying the SRM MCID, approximately two-thirds of patients reported one-year improvements in EQ-5D index (66.3%) and EQ-VAS (69.1%). The improvement rate decreased to 51.7% when we combined improvements in both outcomes. A higher CoB cut-off for EQ-5D index yielded lower rates (~40% for the EQ-5D index and 31.3% for the combined measure). The gradient boosting machine (GBM) consistently outperformed other models by a narrow margin in predicting significant clinical improvements in one-year PROMs and achieved a good to excellent binary discriminative power (AUC range 0.80% to 0.97%). Preoperative PROMs, EQ-5D index, EQ-VAS, and Charnley Hip Score, along with age, collectively contributed to over 80% of the algorithmic power in the ensemble GBM model. We developed an interpretable machine learning model on a Swedish cohort that may facilitate personalized assessment of meaningful clinical improvement after elective THA.","RAYYAN-INCLUSION: {""Dhruv ""=>""Included""}",,,,
rayyan-637106501,Heterotopic Ossification in Cementless Trochanteric Sparing Short Stem Total Hip Arthroplasty: Clinical Impact and Implant-Level Risk Assessment.,2025,1,1,JB & JS open access,,,,,Soltani Farsani A and Tabatabaei Irani P and Razzaghof M and Poursalehian M and Mortazavi SMJ,https://pubmed.ncbi.nlm.nih.gov/41262430/,,,,"Heterotopic ossification (HO) is a common complication of total hip arthroplasty (THA), which can adversely affect patient satisfaction. Although the direct anterior approach (DAA) has been associated with lower rates of HO, the exact clinical impact of even low-grade ossification following DAA THA remains underreported. We aimed to assess the clinical impact of HO in DAA THA and identify demographics and implant-related risk factors. A retrospective single-center cohort study of 348 hips treated via DAA THA with a cementless short stem between January 2011 and December 2021 was performed. HO was graded at ≥12 months using the Brooker classification on standardized anteroposterior radiographs. The Harris Hip Score (HHS), the Western Ontario and McMaster Universities Osteoarthritis Index (WOMAC), and the Visual Analogue Scale (VAS) were assessed at a mean of 4.3 years of follow-up. Comparative analyses and multivariable logistic regression were performed to identify independent predictors of HO. HO occurred in 18.1% of hips: Brooker grade I in 12.4%, II in 3.0%, and III in 3.0%; no grade IV lesions developed. At final follow-up, patients without HO had significantly better outcomes compared with those with HO (all p < 0.001). When stratified by severity, even low-grade HO (Brooker I-II) was associated with significantly worse WOMAC (p = 0.023) and HHS (p < 0.001) compared with the non-HO group. Although VAS pain was higher in the low-grade group, the difference did not reach statistical significance (p = 0.084). On multivariable analysis, independent implant-related risk factors included use of the Continuum acetabular cup (odds ratio [OR] 2.10; p = 0.014), each additional millimeter of cup diameter (OR 1.16; p = 0.003), and longer femoral neck length (OR 2.06; p = 0.006). HO was observed in nearly one-fifth of hips, and even low-grade ossification was associated with significantly worse mid-term functional outcomes. Cup design, size, and neck length were identified as significant, modifiable predictors of HO risk. Careful implant selection may help reduce the incidence of HO and enhance postoperative function. Therapeutic Level II. See Instructions for Authors for a complete description of levels of evidence.","RAYYAN-INCLUSION: {""Dhruv ""=>""Included""}",,,,
rayyan-637106507,"VELYS robotic-assisted total knee replacement leads to improved mobility, reduction in hospitalisation, surgical duration, and better psychological outcomes: a propensity score matched analysis.",2025,1,1,"Arthroplasty (London, England)",,,,,Chen J and Chua HYJ and Lim JTE and Tay DK and Tan MH and Liow MHL,https://pubmed.ncbi.nlm.nih.gov/41185076/,,,,"Robotic TKA (rTKA) was developed to improve implant positioning and accuracy of bone cuts, potentially resulting in improved functional outcomes for the patient. The Depuy Synthes VELYS™ Robotic-Assisted Solution (VRAS) is one of the latest, imageless systems available and utilizes the ATTUNE™ primary knee system. Due to its recency, there is limited literature on the outcomes of VRAS compared to its conventional total knee arthroplasty (cTKA) counterpart. This paper aims to look at the differences between VRAS and cTKA regarding early postoperative and 6-month functional outcomes. Registry data of all primary TKAs performed by 3 surgeons from January 2021 to December 2024 from a high-volume arthroplasty center were analysed. Patients who underwent VRAS or cTKA using ATTUNE™ implants were included. Propensity scores were estimated using logistic regression, followed by optimal matching in a 1:1 ratio to establish the VRAS and cTKA groups. Early postoperative outcomes (static/dynamic pain score, ambulation distance, length of stay), 6-month functional outcomes (Knee Society Score, Oxford Knee Score, SF-36, patient expectation/satisfaction scores), and proportion attaining a minimum clinically important difference (MCID) were analysed. Sixty-five VRAS patients were matched with 65 in the cTKA group. The VRAS showed significantly shorter surgical duration (78.2 vs. 85.5 min, P = 0.04), improved ambulation distance (22.2 vs. 11.3 m, P < 0.001), and shorter length of stay (2.48 vs. 3.66 days, P = 0.01). Both groups showed significant improvements in the majority of the functional outcome scores at 6 months. The VRAS displayed a trend towards higher SF-36 outcome measures, with significant differences in SF-36 vitality (P = 0.001), SF-36 mental component summary (P = 0.015), and a larger proportion of patients achieving SF-36 bodily pain MCID (76.9 vs 60.0%, P = 0.038). More patients reported satisfaction and expectation fulfillment (95.2% vs 92.3% and 92.1% vs 87.7%, respectively), albeit non-significantly (P = 0.718 and P = 0.413). The VRAS TKA demonstrated superior immediate postoperative advantages and patient-reported functional outcomes at 6 months. Further studies are needed to determine long-term outcomes. Centralized Institutional Review Board (CIRB: 2024-4046).","RAYYAN-INCLUSION: {""Dhruv ""=>""Included""}",,,,
rayyan-637106508,Patient Satisfaction Following Total Hip Arthroplasty May Be As High As 95.,2026,1,1,The Journal of the American Academy of Orthopaedic Surgeons,,,,,Singh M and McAnena AP and Harary J and Schilling PL and Moschetti WE,https://pubmed.ncbi.nlm.nih.gov/41128465/,,,,"Total hip arthroplasty (THA) is frequently performed in patients with severe hip osteoarthritis to reduce pain and restore function. Although dissatisfaction following total knee arthroplasty is commonly reported at around 20%, satisfaction after THA is less well studied. This retrospective review included THA patients who used a web-based home therapy program (force therapeutics) between November 2018 and December 2023. Patients were stratified by 12-week postoperative satisfaction. Univariate analyses were performed on demographics and functional outcomes. Stepwise logistic regression analyses were performed to identify parameters predictive of satisfaction following THA. Among 1,414 included patients, 1,335 (94.4%) reported satisfaction following THA. Satisfied patients had lower mean age (satisfied = 67.9 vs. not satisfied = 71.5 years, P < 0.001) as well as higher body mass index (30.2 vs. 28.3 kg/m 2 , P = 0.035) and medical comorbidities (71.4% vs. 60.8%, P = 0.044). Across the cohort, patient-reported outcome measures improved significantly from preoperatively to 1-year postoperatively ( P < 0.05). Preoperatively, satisfied patients reported higher preoperative patient-reported outcomes measurement information system (PROMIS) Overall, Physical, and Mental scores ( P < 0.05). One-year postoperatively, satisfied patients noted larger improvements in functional outcomes, yielding better PROMIS Overall (39.3 vs. 32.8), Physical (52.0 vs. 43.5), and Mental (53.5 vs. 47.2), hip disability and osteoarthritis outcome score joint replacement (HOOS Jr; 87.8 vs. 71.9), and visual analog scale pain (2.1 vs. 3.9) scores (all P < 0.001). Stepwise regression analyses revealed that age (odds ratio = 0.96, 95% confidence interval = 0.92 to 1.00, P = 0.033) and PROMIS Mental scores (odds ratio = 1.05, 95% confidence interval = 1.00 to 1.09, P = 0.040) were predictive of satisfaction after THA. In a modern cohort of THA patients, nearly 95% reported satisfaction following surgery. Satisfied patients had better preoperative and postoperative functional outcomes. Lower age and better mental health may possibly predict postoperative satisfaction. Although careful preoperative selection of patients should still be employed, patient satisfaction following THA is high.","RAYYAN-INCLUSION: {""Dhruv ""=>""Included""}",,,,
rayyan-637106509,"Exploring Patient Perspectives, Engagement, and Output Quality in Doctor-Supervised Use of Artificial Intelligence During Informed Consent Consultation With ChatGPT and Retrieval Augmented Generation (RAG): Quantitative Exploratory Study.",2025,1,1,Journal of medical Internet research,,,,,Donner S and Knauer P and Kienzle A and Dinneen J and Burger J and Perka C and Donner S,https://pubmed.ncbi.nlm.nih.gov/41124695/,,,,"Comprehensive preoperative education is essential for optimizing outcomes and ensuring informed consent in patients undergoing total hip arthroplasty (THA). Emerging artificial intelligence (AI) tools, such as ChatGPT, offer scalable support for patient education, but their clinical application requires rigorous evaluation to ensure accuracy, safety, and trust. This study assessed patients' preferences and satisfaction with AI-assisted informed consent in THA, comparing traditional physician consultations to those supported by native ChatGPT and a customized version enhanced with retrieval-augmented generation (RAG). It also examined how state anxiety and general attitudes toward AI affect preferences for AI-supported consent and whether RAG integration improves ChatGPT response quality. A total of 36 patients scheduled for elective THA were assigned to one of three groups (12 each): (1) standard physician-only consultations (control), (2) physician-assisted consultations supported by native ChatGPT, and (3) supported by ChatGPT enhanced through RAG. Data collection involved standardized Likert scale questionnaires assessing patient satisfaction with the consent process, perceived informedness, anxiety levels, and attitudes toward AI. The ChatGPT responses were independently evaluated by physicians for relevance, accuracy, clarity, completeness, adherence to evidence-based guidelines, and appropriate length. Instances of hallucinations, factually incorrect or misleading outputs, were identified and rated by severity. Statistical analyses compared outcomes across groups and explored associations. Patients interacting with the ChatGPT+RAG model reported significantly higher satisfaction levels with information delivery (P=.01) and perceived level of informedness (P=.01) than those using the native ChatGPT model. The mean number of patient questions in the control group was 20, compared with 39 in the native ChatGPT group (P=.06) and 52 in the ChatGPT+RAG group (P=.002). The majority of participants across all groups preferred a human clinician providing less accurate information over a more accurate AI-only assistant. These preferences were not influenced by sociodemographic variables (age, gender, and education), health literacy, state anxiety, or general attitudes toward AI. The ChatGPT+RAG model outperformed the native ChatGPT model across all evaluated response quality dimensions (all P<.01) and exhibited a significantly lower hallucination rate (5/52, 10% versus 15/39, 38%; P=.002). Integrating RAG with ChatGPT significantly improves the quality, clarity, and reliability of preoperative information, enhancing patient satisfaction and engagement beyond native ChatGPT. However, patients maintain a strong preference for physician-led informed consent, underscoring the role of AI chatbots as complementary tools rather than replacements. These findings support the cautious adoption of customized AI assistants to augment, not substitute, human interaction in surgical consent processes.","RAYYAN-INCLUSION: {""Dhruv ""=>""Included""}",,,,
rayyan-637106510,"Shared decision making using digital twins in knee osteoarthritis care: a randomized clinical trial of an AI-enabled decision aid versus education alone on decision quality, physical function, and user experience.",2025,1,1,EClinicalMedicine,,,,,Jayakumar P and Rathouz PJ and Lin E and Trutner Z and Uhler LM and Andrawis J and Koenig KM and Tsevat J and Bozic KJ,https://pubmed.ncbi.nlm.nih.gov/41112505/,,,,"Patient decision aids (DAs) improve decision quality during shared decision-making (SDM) for patients seeking care for knee osteoarthritis (OA). However, few DAs incorporate the 'digital twin' concept where comprehensive data are applied to computational models to generate dynamic virtual simulations and predictions to augment decision-making in real-time. We developed an artificial intelligence-enabled DA (AI-DA) that generated digital twins using patient reported outcome measurements (PROMs) and clinical data to enhance SDM by providing personalized predictions of risks and benefits for patients with knee OA considering total knee arthroplasty (TKA). We assessed the impact of the AI-DA on patient- and process-level outcomes. We performed a randomized open-label clinical trial at a single, university-affiliated orthopaedic clinic in the USA involving patients with knee OA between February 2021 and November 2022. Patients received a full AI-DA incorporating patient education, preference assessment, and person-specific benefit:risk predictions of TKA (intervention group) or patient education only (control group). Outcomes included the Knee OA Decision Quality Instrument (K-DQI) (primary outcome), CollaboRATE SDM survey, Decision Conflict Scale (DCS), Decision Regret Scale (DRS), and Knee Injury and Osteoarthritis Outcome Score Joint Replacement (KOOS JR) for knee-specific health at 3 and 6 months post-randomization, satisfaction, appointment duration, and TKA rates. This study is registered with ClinicalTrials.gov, NCT04805554. The analytic sample comprised 101 patients ([mean [SD], 64.9 [10.1] years; 54 [54%] women]) in the intervention group and 100 patients (mean [SD] age 63.4 [8] years; 60 [60%] women) in the control group. The intervention group reported higher decision quality (mean [SD] K-DQI: 84.4 [25.2] versus 71.4 [29.8], P = 0.0011), lower decision conflict (DCS: 1.0 [3.1] versus 3.3 [5.8], P = 0.0029), lower decision regret at 6-9 months (DRS: 18.2 [19.5] versus 27.2 [24.2], P = 0.0051), better knee-specific health (KOOS JR: 69.5 [17.3] versus 47 [18.4], P < 0.0001) at 6-9 months, and greater treatment concordance (91% versus 76%, P = 0.0043). SDM scores, knee health at 3 months, patient and clinician satisfaction, appointment duration, TKA rates, and decision regret at 3 months were similar between groups. AI-DAs provide a more personalized, data-augmented SDM experience that can improve decision quality and longer-term health-related outcomes in patients with knee OA considering TKA. Agency for Healthcare Research and Quality Grant (R21HS027037).","RAYYAN-INCLUSION: {""Dhruv ""=>""Included""}",,,,
rayyan-637106511,Personalized alignment - the importance of inter-continental research for improving patient outcomes today and tomorrow.,2026,1,1,Journal of orthopaedics,,,,,Graichen H and Gopinathan P and Hirschmann MT,https://pubmed.ncbi.nlm.nih.gov/41089349/,,,,"Total knee arthroplasty (TKA) has become one of the most widely performed procedures for end-stage osteoarthritis, yet patient satisfaction continues to lag behind that of hip replacement. Advances in robotics and artificial intelligence have increased surgical precision, but improved accuracy alone does not guarantee better outcomes. The challenge lies in defining appropriate alignment and balancing strategies that respect each patient's unique anatomy and soft-tissue characteristics rather than relying on uniform targets. Personalized alignment has emerged as a promising concept, aiming to restore individual bony geometry and preserve native laxity patterns across all planes. However, questions remain about what constitutes ""normal"" versus ""pathologic,"" especially given anatomical and demographic differences between populations. Data derived largely from Caucasian cohorts may not be directly transferable to Asian patients, whose morphologies often differ substantially. This underscores the need for region-specific research, robust data collection, and harmonized workflows supported by advanced analytic systems. Only through global collaboration and objective evidence can reliable boundaries for personalized techniques be established. By integrating precision technology with truly individualized surgical planning, the next phase of TKA development seeks to raise functional outcomes and patient satisfaction worldwide.","RAYYAN-INCLUSION: {""Dhruv ""=>""Included""}",,,,
rayyan-637106512,Effects and Complications of Hip Arthroplasty After Failure of Internal Fixation in Stable and Unstable Intertrochanteric Femoral Fractures.,2025,1,1,Orthopaedic surgery,,,,,Li J and Zhang C and Lin L and Zhang N and Huang J and Huang Z and Lin H and Wei H and Ding H and Lin S and Zhang W and Fang X and Huang J,https://pubmed.ncbi.nlm.nih.gov/41077565/,,,,"Conversion to hip arthroplasty (cHA) is a widely utilized and effective surgical intervention for addressing the failure of internal fixation in intertrochanteric femoral fractures (FIF-INF). Although previous studies have confirmed that the failure rate of internal fixation is higher in unstable intertrochanteric femoral fractures, but whether the efficacy and complications of cHA after failure differ from those in stable fractures remains unclear. This study aimed to evaluate and compare the clinical and radiological outcomes, as well as the incidence of complications associated with hip arthroplasty over a minimum follow-up period of 3 years after the failure of internal fixation in both stable and unstable intertrochanteric femoral fractures. This multicenter study retrospectively analyzed patients who underwent hip arthroplasty subsequent to the failure of FIF-INF from December 2012 to December 2020 at various participating research centers. Cases demonstrating excellent and acceptable quality fracture reduction, as defined by the criteria established by Chang et al., were included. According to AO/OTA classification criteria of intertrochanteric fractures, the fractures were classified into stable fractures (31-A1) and unstable fractures (31-A2, A3). There were 47 patients with stable fractures and 56 patients with unstable fractures. Clinical and radiological evaluations were conducted for all patients. This study employed independent samples t-tests, χ 2 tests or Fisher's exact test, and both univariate and multivariate logistic regression analyses. A total of 103 patients were analyzed. The HHS in the stable group improved from a preoperative mean of 47.08 ± 5.50 to 89.13 ± 4.75 at the final follow-up, whereas that in the unstable group increased from 45.43 ± 6.36 to 83.87 ± 4.67. The improvement scores for the stable and unstable groups were 42.05 ± 4.69 and 38.81 ± 3.06, respectively, with a statistically significant difference (p < 0.0001). VAS scores decreased from the preoperative levels of 7.13 ± 0.92 and 7.61 ± 0.82 to 2.36 ± 0.87 and 2.91 ± 0.79, respectively, indicating a significant reduction in pain in both groups; however, the unstable group reported more severe postoperative pain (p = 0.001). The incidence of postoperative complications following cHA was significantly greater in the unstable group (28.57%) than in the stable group (10.64%) (p = 0.047). cHA is an effective treatment modality for the failure of internal fixation in intertrochanteric femoral fractures. Compared with stable fractures, patients with initial unstable fractures that have failed experience a greater incidence of postoperative complications, relatively poorer joint function, and more pronounced pain following cHA.","RAYYAN-INCLUSION: {""Dhruv ""=>""Included""}",,,,
rayyan-637106513,Factors influencing good knee joint range of motion and pain-free recovery 2 years after total knee arthroplasty.,2025,1,1,Journal of orthopaedics,,,,,Shioiri H and Takahashi T and Kubo T and Iguchi M and Takeshita K,https://pubmed.ncbi.nlm.nih.gov/41069391/,,,,"We investigated the factors associated with achieving a flexion angle of at least 120° and a numerical rating scale (NRS) score of 1.0 or less (maximum 0, minimum 10) 2 years after cruciate retaining-total knee arthroplasty (CR-TKA). We retrospectively studied 100 consecutive patients that underwent CR-TKA in July 2018-December 2021 and divided them into two groups: those that achieved at least 120° flexion and 1.0 or less NRS at 2 years postoperatively (group G) and those that did not (group NG). The endpoints were preoperative and 1-year postoperative NRS, preoperative and 1-year postoperative flexion range of motion (ROM), 2 years postoperative flexion ROM, and preoperative Oxford Knee Score (OKS). Univariate, logistic regression analyses determined items with significant differences that were then used in receiver operating characteristic (ROC) analysis to determine cut-off values. Group G showed a lower body mass index (24.6 ± 3.3 vs. 26.6 ± 4.0; P = 0.016), lower 1-year postoperative NRS (0.53 ± 0.99 vs. 2.0 ± 2.0; P < 0.001), and higher 1-year postoperative flexion ROM (125.3° ± 6.2° vs. 114.9° ± 10.9°; P < 0.001). Preoperative NRS and ROM did not differ between the groups. Multivariate analysis revealed that flexion ROM at 1 year (odds ratio [OR]: 1.17, 95 % confidence interval [CI]: 1.03-1.27; P < 0.001) and NRS at 1 year (OR: 0.49, 95 % CI: 0.29-0.83; P < 0.001) were significantly associated with achieving a postoperative flexion angle ≥120° and pain-free recovery. The ROC cut-off values were a flexion angle ≥125° and NRS ≤1.0 at 1 year postoperatively. Predictors of achieving a flexion angle of 120° or more and NRS 1.0 or less at 2 years after CR-TKA were good ROM and adequate pain relief 1 year postoperatively, regardless of preoperative pain or ROM.","RAYYAN-INCLUSION: {""Dhruv ""=>""Included""}",,,,
rayyan-637106514,Malnutrition and Clinical Factors as Predictors of Extended Hospital Stay After Total Hip Arthroplasty: Development of a Predictive Nomogram.,2026,1,1,The Journal of arthroplasty,,,,,Wang Z and Chen Z and Liu J and Zhang C and Liu W and Lin W and Wang G,https://pubmed.ncbi.nlm.nih.gov/41067458/,,,,"Extended lengths of stay (eLOS) after total hip arthroplasty (THA) increase health-care costs and adverse outcomes. Nutritional status is important in postoperative recovery, but its impact on eLOS remains underexplored. This study included 805 THA patients, and the prolonged hospitalization group (PHG) was defined as a length of stay (LOS) ≥ 10 days. Nutritional status was evaluated using the controlling nutritional status (CONUT), geriatric nutritional risk index (GNRI), and prognostic nutritional index (PNI) scores, and their predictive value for eLOS was assessed via receiver operating characteristic (ROC) analysis. Independent predictors of eLOS in THA patients were identified using logistic regression analyses, upon which a nomogram was developed for risk prediction. The prolonged hospitalization group had lower GNRI and PNI scores than the nonprolonged hospitalization group (NPHG) (P < 0.001), while CONUT scores showed no difference (P = 0.153). After adjusting for age and sex, GNRI (r = -0.195, P = 0.008) and PNI (r = -0.08, P = 0.024) were negatively correlated with eLOS. The receiver operating characteristic analysis indicated that GNRI had superior predictive accuracy for eLOS [area under the curve (AUC) = 0.643] compared to PNI, and combining multiple nutritional scores did not enhance predictive performance. Multivariate regression identified GNRI, HuaXi fall risk score (HXFS), age-adjusted Charlson comorbidity index (ACCI), visual analog scale (VAS), and admission type as independent risk factors for eLOS (all P < 0.05). A nomogram incorporating these variables demonstrated the highest predictive value (area under the curve = 0.750) with a sensitivity of 71.4% and specificity of 72.1%. The GNRI score is an independent risk factor for eLOS in THA patients. A predictive model incorporating other variables demonstrated the highest diagnostic value, and the application of this model for the early identification of high-risk patients who have eLOS may facilitate targeted interventions, optimize preoperative management, and improve clinical outcomes.","RAYYAN-INCLUSION: {""Dhruv ""=>""Included""}",,,,
rayyan-637106515,Delayed fixation of neglected acetabular fractures: clinical challenges and mid-term outcomes of a prospective case series.,2025,1,1,Journal of orthopaedic surgery and research,,,,,Fahmy M and Abdelazeem H and Abdelazeem AH and Shawky MA,https://pubmed.ncbi.nlm.nih.gov/41063253/,,,,"Neglected acetabular fractures, defined as those not addressed surgically within three weeks of injury, pose significant technical and prognostic challenges due to chronic displacement, malunion, and soft tissue contracture. This study aimed to evaluate radiological and functional outcomes of open reduction and internal fixation (ORIF) in a large prospective cohort managed at a tertiary trauma center. Between 2009 and 2019, patients aged 14 years and older with displaced, neglected acetabular fractures (> 3 weeks post-injury) were enrolled at a high-volume Level I pelvic trauma center. Exclusion criteria included pathological fractures, fresh fractures, unreconstructable articular surfaces, and patients who did not complete the minimum follow-up period. Of the total cohort, 94 patients underwent ORIF and were analyzed. Preoperative evaluation included CT imaging, and fractures were classified using the Letournel-Judet system. Radiological reduction quality was graded by Matta's criteria, and functional recovery was assessed using the modified Merle d'Aubigné-Postel score. Secondary outcomes included complication rates and conversion to THA. For subgroup analysis, patients were stratified into early-late presenters (3-5 weeks) and very-late presenters (> 5 weeks). Statistical analysis employed chi-square tests for categorical variables, Student's t-test or Mann-Whitney U test for continuous variables, and multivariate logistic regression to identify predictors of outcome, with significance set at p < 0.05. Among the 94 patients analyzed, anatomical reduction (≤ 1 mm displacement) was achieved in 59.6%, with imperfect and poor reductions in 26.6% and 13.8%, respectively. Quality of reduction (β = 0.44, p < 0.001) and surgical delay (β = - 0.32, p = 0.006) independently predicted functional outcome, while fracture type and femoral head condition were not significant.On subgroup comparison, early-late presenters (3-5 weeks) showed a trend toward better outcomes compared with very-late presenters (> 5 weeks), although differences did not reach statistical significance. Major complications included heterotopic ossification (12.8%), post-traumatic arthritis (14.9%), avascular necrosis (9.6%), and conversion to THA during follow-up (10.6%). This study represents one of the largest prospective series on neglected acetabular fractures with midterm follow-up. Despite delayed presentation, ORIF achieved satisfactory anatomical and functional results in most cases. Early surgical intervention within the neglected window was associated with superior outcomes, while subgroup analysis highlighted a gradual adverse effect of increasing delay. These findings underscore the importance of individualized surgical strategies, meticulous planning, and experienced surgical execution in optimizing results for this challenging patient population.","RAYYAN-INCLUSION: {""Dhruv ""=>""Included""}",,,,
rayyan-637106516,Preoperative Prediction of Chronic Post-surgical Pain Risk After Total Knee Arthroplasty: Insights From a Single-Center Case-Control Study.,2025,1,1,Cureus,,,,,Santani B and De S and Vergara-Jalandoni D and George A and Manipol V and Sardar U and Upreti R and Unnithan A,https://pubmed.ncbi.nlm.nih.gov/41049337/,,,,"Background Chronic post-surgical pain (CPSP) is a common and distressing complication following total knee arthroplasty (TKA). Despite advancements, CPSP remains a significant challenge, necessitating the development of a predictive model to identify at-risk patients. Materials and methods This level III case-control study analyzed 869 patients who underwent TKA between 2019 and 2021 at a single center. Data on demographics, comorbidities, mental health conditions, pre-existing pain, opioid use, substance abuse, and surgical factors were collected. Univariate and multivariate logistic regression analyses were conducted to identify significant preoperative risk factors. Independent predictors from multivariate analysis were assigned weighted scores proportional to their odds ratios, which were then adjusted according to previous literature and investigator consensus to create a clinically usable tool. Receiver operating characteristic (ROC) curve analysis was performed, and cutoffs were identified to optimize sensitivity and specificity. Results Out of 869 patients who underwent TKA, 15.7% (n = 136) developed CPSP. Out of these 136 patients, 22% (29) were referred to specialist pain management clinics. Univariate analysis identified seven significant predictors: diabetes mellitus, coronary artery disease (CAD), heart failure, mental health conditions, pre-existing pain, and preoperative opioid use. The multivariate analysis excluded heart failure (p = 0.098). The strongest association was found with CAD (OR = 2.98). A scoring system was developed, and an ROC analysis yielded an area under the curve of 0.616 (95% CI: 0.562-0.671, p = 0.001). Conclusions Identifying preoperative risk factors and using this score as a predictive model, pending further prospective validation, can help stratify patients and enable targeted interventions, potentially minimizing the impact and financial burden of CPSP after TKA.","RAYYAN-INCLUSION: {""Dhruv ""=>""Included""}",,,,
rayyan-637106517,From empirical to analytical: Soft-tissue tension gauging in total knee arthroplasty.,2025,1,1,Knee surgery & related research,,,,,Wu XD and Zhang Y and Ma Z and Wang Q and Shao H and Yang D and Zhou Y,https://pubmed.ncbi.nlm.nih.gov/41029788/,,,,"Soft-tissue balancing is essential for achieving optimal outcomes in total knee arthroplasty (TKA), significantly impacting postoperative joint function, patient satisfaction, and implant longevity. Despite advancements in surgical techniques, traditional methods for evaluating soft-tissue tension remain largely subjective, leading to inconsistent outcomes and patient dissatisfaction. Recent technological developments, particularly the integration of digital devices, have shown promise in transforming soft-tissue balancing from a subjective art into a reproducible science. This manuscript is a narrative review that systematically summarizes the historical and technological evolution of soft-tissue tension gauging methods in TKA, encompassing experiential methods, mechanical tensors, and contemporary digital sensors. We critically discuss the strengths, limitations, and available clinical evidence for each method. Furthermore, this review highlights the integration of robotic systems and provides insights into future translational strategies, emphasizing artificial-intelligence-driven personalized soft-tissue balancing as a promising therapeutic direction. This review further comprehensively discusses soft-tissue tension gauging methods in TKA, providing a clear understanding of their evolution from subjective assessments to objective digital technologies. This study provides a robust theoretical foundation for the clinical application of digital tensors and robotic technologies. Integrating these technologies with artificial intelligence can effectively transform soft-tissue balancing strategies, thereby enhancing surgical precision, patient satisfaction, and clinical outcomes in TKA.","RAYYAN-INCLUSION: {""Dhruv ""=>""Included""}",,,,
rayyan-637106518,Comparative Efficacy of ChatGPT and Gemini in Addressing Patient Queries on Gonarthrosis and Total Knee Arthroplasty: A Randomized Controlled Trial.,2026,1,1,The journal of knee surgery,,,,,Gurbuz S and Karslioglu B and Keskin A and Igde N and Ayaz MB and Imren Y,https://pubmed.ncbi.nlm.nih.gov/40972678/,,,,"The emergence of artificial intelligence (AI) in health care has created novel opportunities for enhancing patient education and alleviating anxiety. This study seeks to evaluate the effectiveness of two leading AI platforms, ChatGPT and Gemini, in delivering accurate and satisfactory responses to patients with gonarthrosis, considering total knee arthroplasty (TKA). A prospective, randomized controlled trial was conducted involving 100 patients diagnosed with gonarthrosis and indicated for TKA. Each patient posed five questions regarding the surgery and postoperative rehabilitation to both ChatGPT and Gemini. Responses were evaluated by two blinded orthopaedic specialists on a 10-point scale for accuracy and patient satisfaction. Patients additionally evaluated their satisfaction with each response using a 10-point scale. The main outcome measures consisted of the average accuracy scores assessed by specialists and the average satisfaction scores reported by patients. Statistical analysis revealed significant differences between ChatGPT and Gemini in both accuracy and patient satisfaction (p < 0.001). ChatGPT demonstrated better performance with a mean accuracy score of 8.7 ± 0.9 compared with Gemini's 7.2 ± 1.1. Patient satisfaction scores aligned with expert evaluations, with ChatGPT achieving a mean satisfaction score of 8.9 ± 0.8 versus Gemini's 7.5 ± 1.2. Notably, ChatGPT excelled in providing comprehensive explanations of surgical procedures (mean score: 9.2 ± 0.7) and postoperative care (9.1 ± 0.8), whereas Gemini performed better in offering concise summaries of recovery timelines (8.4 ± 0.9). This study demonstrates that ChatGPT offers more accurate and satisfactory responses to patient queries regarding gonarthrosis and TKA compared with Gemini. The findings suggest that AI platforms, particularly ChatGPT, can serve as valuable tools in augmenting patient education and potentially reducing preoperative anxiety. Future studies should investigate the incorporation of AI-assisted information delivery into clinical practice and its long-term effects on patient outcomes.","RAYYAN-INCLUSION: {""Dhruv ""=>""Included""}",,,,
rayyan-637106520,Preoperatively predicting failure to achieve the minimum clinically important difference and substantial clinical benefit for total knee arthroplasty patients using machine learning.,2025,1,1,Knee surgery & related research,,,,,Park J and Miley EN and Zhong X and Gray CF,https://pubmed.ncbi.nlm.nih.gov/40931366/,,,,"A clear understanding of minimal clinically important difference (MCID) and substantial clinical benefit (SCB) is essential for effectively implementing patient-reported outcome measurements (PROMs) as a performance measure for total knee arthroplasty (TKA). Since not achieving MCID and SCB may reflect suboptimal surgical benefit, the primary aim of this study was to use machine learning to predict patients who may not achieve the threshold-based outcomes (i.e., MCID and SCB) on the Knee Injury and Osteoarthritis Outcome Score for Joint Replacement (KOOS JR) following TKA. Data from 1064 patients who underwent TKA at a single academic medical center between 2016 and 2022 contained 81 preoperative variables, including routinely collected measures and PROMs (KOOS JR and Patient-Reported Outcomes Measurement Information Systems [PROMIS-10]). Several machine-learning models were developed, which include penalized logistic regression as a linear model, support vector machine with polynomial and radial kernels as nonlinear models, and random forest and extreme gradient boosting as nonparametric models. These models predicted both distribution- and anchor-based MCIDs and SCB. In addition, logistic regression models were used to identify relevant risk factors for failing to meet these thresholds. The random forest models and the penalized logistic regression models achieved acceptable area under the receiver operating characteristic curve (AUC) close to or above 0.7 for all the outcomes. Furthermore, the logistic regression models identified shared risk factors for the three outcomes: preoperative PROMs (i.e., KOOS JR score, PROMIS-10 global physical T-score, and PROMIS-10 general mental health), antidepressant medication history, age, and Kellgren-Lawrence grade. Machine-learning models were able to identify patients at risk of failure to achieve the threshold-based metrics and relevant preoperative factors. As such, these models may be used to both improve shared decision-making and help create risk-stratification tools to improve quality assessment of surgical outcomes.","RAYYAN-INCLUSION: {""Dhruv ""=>""Included""}",,,,
rayyan-637106521,Monitoring Gait Recovery After Total Knee Arthroplasty Using Wearable Sensors: Responsiveness of Gait Accelerations.,2025,1,1,Journal of orthopaedic research : official publication of the Orthopaedic Research Society,,,,,Ghaffari A and Clasen PD and Kappel A and Rasmussen J and Gurchiek RD and Kold S and Rahbek O,https://pubmed.ncbi.nlm.nih.gov/40931323/,,,,"Functional recovery after total knee arthroplasty (TKA) varies widely among individuals, and traditional assessments often fail to detect subtle changes in real-world walking ability. Wearable sensors offer continuous and objective tracking of gait outside of clinical settings. In this prospective, longitudinal study, thirty-one patients undergoing unilateral TKA wore thigh-mounted accelerometers continuously from 2 weeks before surgery through 90 days postoperatively. We analyzed temporal gait features (stride time and duty factor) and frequency-domain metrics (power of the first five frequencies of triaxial acceleration), along with weekly EQ-5D-3L index scores (a summary measure of health-related quality of life) and visual analog scale (VAS) ratings (patient's self-reported health on a 0-100 scale). Gait acceleration profiles demonstrated significant postoperative disruptions, particularly during mid-stance and terminal swing, followed by gradual normalization, approaching baseline by day 90. Gait temporal parameters also exhibited transient alterations and recovery trends. Using LASSO logistic regression, Fourier-derived gait features discriminated responders and non-responders based on improvements in EQ-5D-3L outcomes above the minimal clinically important difference (AUC: 0.80-0.81). Specific harmonic changes across the vertical, mediolateral, and anteroposterior axes were significantly associated with the perceived health gains. The results indicated that frequency-based gait metrics from wearable sensors are sensitive digital biomarkers for short-term functional improvements.","RAYYAN-INCLUSION: {""Dhruv ""=>""Included""}",,,,
rayyan-637106522,Residual Hindfoot Valgus Alignment Detected by True Mechanical Axis Is Associated With Poorer Clinical Outcomes After Total Knee Arthroplasty: The Role of Ankle Osteoarthritis.,2026,1,1,The Journal of arthroplasty,,,,,Park HJ and Jeon Y and Suh DH and Moon SR and Kim JG,https://pubmed.ncbi.nlm.nih.gov/40921223/,,,,"Lower-limb alignment should be accurately assessed to achieve favorable outcomes after total knee arthroplasty (TKA). Compared to conventional alignment methods, the recently adopted hip-to-calcaneus (HTC) axis better reflects actual weight-bearing alignment by including hindfoot alignment. However, whether discrepancies between two mechanical alignments vary according to ankle osteoarthritis (OA) and whether such discrepancies are clinically meaningful remain unclear. Data from 145 knees from 107 patients who underwent primary total knee arthroplasty for knee OA were retrospectively analyzed. Postoperative alignment was assessed using conventional hip-to-talus (HTT) and HTC methods. Patients were grouped by ankle OA and residual hindfoot valgus alignment, defined as more valgus on HTC than HTT. Clinical outcomes were evaluated using Western Ontario and McMaster University Osteoarthritis Index (WOMAC) scores. Logistic regression analyses determined factors associated with residual valgus alignment and clinical outcomes. Sobel tests assessed whether residual valgus alignment mediated the relationship between ankle OA and postoperative clinical outcomes. Patients who have ankle OA were more likely to exhibit residual valgus alignment as measured by the HTC method (odds ratio = 2.59; 95% confidence interval, 1.18 to 5.72; P = 0.018). In multivariate analyses, residual hindfoot valgus alignment (P = 0.030) and older age (P = 0.033) were independently associated with worse postoperative WOMAC scores. However, ankle OA did not impact WOMAC outcomes (P = 0.94). Hindfoot valgus alignment may have a mediating effect, although this was not statistically significant (P = 0.093). Ankle OA was significantly associated with residual hindfoot valgus alignment based on HTC. Although ankle OA did not directly affect clinical outcomes, residual valgus alignment and older age were independently associated with worse postoperative WOMAC scores.","RAYYAN-INCLUSION: {""Dhruv ""=>""Included""}",,,,
rayyan-637106523,"Fast-track knee arthroplasty: Enhancing care quality, recovery, satisfaction and reducing complications-Time for routine use.",2026,1,1,"Knee surgery, sports traumatology, arthroscopy : official journal of the ESSKA",,,,,Totlis T and Kort R and Hirschmann MT and Karlsson J and Kort N,https://pubmed.ncbi.nlm.nih.gov/40886079/,,,,"Total knee arthroplasty has significantly enhanced the lives of patients with end-stage knee osteoarthritis by providing pain relief, restoring physical activity, and improving overall quality of life. Historically, dissatisfaction rates have remained around 20%, but recent studies show an improvement, with a decrease of 10%. Advancements in alignment philosophies, assistive technologies, custom implants, and artificial intelligence are rising. However, there is currently only scarce evidence confirming their impact on clinical outcomes and patient satisfaction. A holistic approach that combines multiple strategies may improve outcomes, but the ideal combination is still unclear. Enhanced recovery after surgery, or fast-track surgery, has transformed knee arthroplasty, supported by substantial evidence demonstrating its benefits. This editorial highlights the evolution and future direction of fast-track knee arthroplasty principles, advantages, controversies, and safety. It advocates for a patient-centred approach, optimising care from preoperative stages to full recovery. Despite concerns in terms of the safety of rapid recovery guidelines, evidence suggests that complications might be minimised. Addressing patients' risk factors and providing education is essential during the preoperative phase. Meanwhile, criteria-based early discharge and customised post-discharge environments are vital in the post-operative stage to enhance and expedite patient recovery. Therefore, we should advance patient care by adopting fast-track arthroplasty as the new gold standard in knee arthroplasty, replacing conventional management strategies for all patients.","RAYYAN-INCLUSION: {""Dhruv ""=>""Included""}",,,,
rayyan-637106524,Patients with varus hindfoot deformity show decreased knee and foot clinical scores after total knee arthroplasty.,2025,1,1,The Knee,,,,,Wanezaki Y and Suzuki A and Takakubo Y and Takagi M,https://pubmed.ncbi.nlm.nih.gov/40882469/,,,,"Evaluating hindfoot alignment using the tibiocalcaneal angle (TCA) is important for understanding the lower limb load axis before and after total knee arthroplasty (TKA). However, no previous studies have investigated the relationship between TCA classification and clinical outcomes after TKA in Japanese patients, including those with TCA varus and valgus deformities. This study aimed to examine the relationship between TCA and knee and foot outcomes following TKA. Patients who underwent primary TKA for osteoarthritis at our university and affiliated hospitals between October 2020 and October 2021 were prospectively evaluated. Based on preoperative TCA, patients were categorized into varus (<0°), intermediate (0-8°), and valgus (>8°) groups. Preoperative, 6-month, and 1-year postoperative clinical outcomes were assessed using the new Knee Society Scoring System (KSS, 2011), Oxford Knee Score (OKS), and the 5-item SAFE-Q (SQ). Statistical analysis was performed using the Kruskal-Wallis test, Dunn's multiple comparison test, and logistic regression analysis. Both the KSS and OKS were significantly lower in the varus group at 6 and 12 months (p < 0.05). At 6 months, the varus group had significantly lower scores on social life functions, shoe-related issues, and overall health (p < 0.05). Logistic regression analysis showed that TCA varus was an independent factor that reduced KSS, OKS, SQ, social life function, and overall health 1-year postoperatively (odds ratios: 2.73, 2.95, 1.90, 2.23; p < 0.05). Overall, our findings suggest that the patients with varus hindfoot deformity show decreases in knee and foot clinical scores following total knee arthroplasty.","RAYYAN-INCLUSION: {""Dhruv ""=>""Included""}",,,,
rayyan-637106528,A development of machine learning models to preoperatively predict insufficient clinical improvement after total knee arthroplasty.,2025,1,1,Journal of orthopaedic surgery and research,,,,,Gimm G and Jeon B and Kim SE and Kim BS and Han HS and Kim S,https://pubmed.ncbi.nlm.nih.gov/40835961/,,,,"Identifying patients unlikely to achieve meaningful improvement following total knee arthroplasty (TKA) supports more effective shared decision-making (SDM). This study aimed to develop and validate machine learning (ML) models that preoperatively predict insufficient clinical improvement one year after TKA using Western Ontario and McMaster Universities Osteoarthritis Index (WOMAC) subscales and total scores, and to assess the important predictive variables. A retrospective analysis was performed on consecutive primary TKA patients from 2004 to 2022 at a single tertiary hospital was conducted. Insufficient clinical improvement was defined as not achieving the minimal clinically important difference (MCID) for each WOMAC subscale and total. Candidate preoperative variables included demographics, comorbidities, knee range of motion, radiologic variables, and WOMAC scores. A variety of ML models were evaluated using performance metrics for calibration and discrimination, as well as decision curve analysis and Shapley additive explanations. Among the 3,810 TKAs included, the ExtraTrees model performed best for WOMAC pain, stiffness, function, and total scores, achieving AUCs of 0.92, 0.90, 0.87, and 0.89; recall rates of 0.79, 0.86, 0.70, and 0.83; and Brier scores of 0.09, 0.10, 0.11, and 0.06, respectively, along with demonstrating good calibration curves and net clinical benefit. Shapley additive explanations identified better preoperative WOMAC scores, osteoporosis, diabetes mellitus, older age, malignancy, and coronary artery disease as important predictors of insufficient clinical improvement. The ML models demonstrated good performance in preoperatively predicting insufficient clinical improvement at 1 year after TKA based on WOMAC. These models have the potential to enhance SDM and perioperative patient management by preoperatively identifying approximately 70% to over 80% of patients likely to experience insufficient clinical improvement, with a specificity of about 80%, and by providing explanations regarding associated factors.","RAYYAN-INCLUSION: {""Dhruv ""=>""Included""}",,,,
rayyan-637106530,Preoperative Patient-Reported Outcomes Predict Candidacy for Outpatient Total Knee Arthroplasty.,2025,1,1,Journal of the American Academy of Orthopaedic Surgeons. Global research & reviews,,,,,Gunda B and Strecker S and Magaldi RJ and Allen DA and Witmer D,https://pubmed.ncbi.nlm.nih.gov/40828997/,,,,"The incidence of total knee arthroplasty (TKA), an effective orthopaedic procedure for end-stage osteoarthritis, is increasing substantially. The shift toward performing this procedure in the outpatient setting necessitates precise patient selection criteria to ensure optimal postoperative outcomes. This study examines the predictive value of preoperative patient-reported outcome measures (PROMs), including the Brief Resilience Scale (BRS), in determining candidacy for outpatient TKA. A retrospective analysis of 2,167 patients undergoing elective primary, unilateral TKA from May 2020 to June 2023 was conducted. Preoperative PROMs, including Knee Injury and Osteoarthritis Outcome Score for Joint Replacement (KOOS, JR), Patient-Reported Outcomes Measurement Information System (PROMIS)-10, Risk Assessment and Prediction Tool (RAPT), and BRS, were collected. Patients were stratified into three groups by BRS score: low (BRS score < 3), average (BRS score ≥ 3 and < 4.3), and high (BRS score ≥ 4.3) resilience. Length of stay (LOS), discharge disposition, and complications were assessed postoperatively. Logistic regression and receiver operative characteristic (ROC) curve analyses were used to assess the predictive validity of PROMs for discharge to a skilled nursing facility (SNF) in conjunction with extended LOS. Patients with low resilience (BRS score < 3) were found to have a significantly higher likelihood of discharge to a SNF and extended LOS compared with the other two groups (11.5% vs. 1.6%, P < 0.001). Logistic regression demonstrated that BRS, RAPT, and PROMIS-10 scores were also notable predictors, with a combined model predicting an extended LOS and discharge to SNF with 82.4% sensitivity and 79.9% specificity. Preoperative PROMs such as BRS can serve as a valuable tool in predicting the failure of outpatient TKA. Incorporating preoperative PROMs into presurgical decision making can enhance patient selection for ambulatory procedures and improve surgical outcomes. Additional prospective studies are warranted to validate these findings within other elective surgical populations and to determine how to best modify resilience.","RAYYAN-INCLUSION: {""Dhruv ""=>""Included""}",,,,
rayyan-637106534,"Chronic Pain Diagnosis Before Total Knee Arthroplasty Leads to Higher Readmission Risk, Lower Patient-Reported Outcome Measures, and Dissatisfaction at One Year: An Analysis of 13,894 Patients.",2026,1,1,The Journal of arthroplasty,,,,,Mabarak D and Khan ST and Elmenawi KA and Pasqualini I and Jin Y and Deren ME and Piuzzi NS,https://pubmed.ncbi.nlm.nih.gov/40803561/,,,,"Patients who have chronic pain may experience worse outcomes after total knee arthroplasty (TKA), yet its impact on postoperative metrics remains unclear. This study evaluated the prevalence of chronic pain diagnoses and their association with health care utilization, patient-reported outcome measures, and satisfaction. A retrospective analysis of 13,894 primary unilateral TKAs performed from 2016 to 2022 at a tertiary center was conducted. Chronic pain diagnoses were identified via International Classification of Diseases, 9th Revision (338.2, 338.4) and 10th Revision (G89.2, G89.4) codes. Outcomes were compared using multivariable logistic regression. The patient-reported outcome measures included Knee injury and Osteoarthritis Outcome Score (KOOS) Pain, Physical Function Shortform, Joint Replacement (JR), and Veterans RAND 12-Item Mental Component Score. Minimal clinically important difference and patient acceptable symptom state thresholds were assessed. Chronic pain was present in 23.4% (3,258 of 13,894) of patients. These patients had higher odds of 90-day readmission (OR [odds ratio] 1.27, 95% CI [confidence interval]: 1.1 to 1.46; P < 0.001) but were less likely to have a length of stay ≥ two days (OR 0.85, 95% CI: 0.76 to 0.95; P = 0.004). There was no significant association found with nonhome discharge (P = 0.301). Patients who had chronic pain had increased odds of failing to reach minimal clinically important difference in KOOS JR (OR 1.2, 95% CI: 1.0 to 1.43; P = 0.049) and Veterans RAND 12-Item Mental Component Score (OR 1.15, 95% CI: 1.03 to 1.29; P = 0.01). They were also more likely to fail patient acceptable symptom state thresholds in KOOS Pain (OR 1.25; P < 0.001), Physical Function Shortform (OR 1.22; P < 0.001), and JR (OR 1.28; P < 0.001). In addition, chronic pain patients had higher odds of dissatisfaction at one year (OR 1.17, 95% CI: 1.04 to 1.32; P = 0.011). Chronic pain was independently associated with increased 90-day readmission risk and poorer postoperative outcomes, including failure to reach clinically relevant pain relief, functional improvement, and satisfaction. These findings highlight the need for targeted preoperative optimization strategies for chronic pain patients undergoing TKA. III (prospective).","RAYYAN-INCLUSION: {""Dhruv ""=>""Included""}",,,,
rayyan-637106535,The role of preoperative nutritional status in predicting surgical outcomes after total knee arthroplasty: A CONUT-based analysis.,2025,1,1,Joint diseases and related surgery,,,,,Yavuz Veizi BG and Güven Ş and Demir C and Erdoğan Y and Veizi E and Fırat A,https://pubmed.ncbi.nlm.nih.gov/40783992/,,,,"This study aims to investigate the association between the preoperative Controlling Nutritional Status (CONUT) score and two important postoperative outcomes, surgical site infection (SSI) and prolonged hospital stay, in patients aged 60 years and older undergoing total knee arthroplasty (TKA). Between February 2019 and December 2023, a total of 268 patients (54 males, 214 females; mean age: 68.2±5.9 years; range, 60 to 87 years) aged ≥60 years who underwent elective primary TKA were retrospectively analyzed. The nutritional status was assessed using the CONUT score, and patients were categorized as at nutritional risk (CONUT ≥2) or normal (CONUT 0-1). Primary outcomes were postoperative infection and length of hospitalization. Multivariate logistic regression was used to adjust for confounding variables including age, body mass index (BMI), American Society of Anesthesiologists (ASA) score, Visual Analog Scale (VAS), hemoglobin, C-reactive protein (CRP), and surgery duration. Of the patients, 27.2% (n=73) were at nutritional risk. These patients had significantly higher rates of postoperative infection (11% vs. 3.1%, p=0.010) and longer hospital stays (5.5±1.7 vs. 1.5±0.5 days, p<0.001). A higher CONUT score was independently associated with increased risk of infection (adjusted odds ratio [OR]=4.12; 95% confidence interval [CI]: 1.33-12.7; p=0.014) and prolonged hospitalization (adjusted OR=4.03; 95% CI: 3.75-4.30; p<0.001). The CONUT score is a valuable tool for preoperative risk assessment in TKA. High CONUT scores are associated with an increased risk of postoperative infection and prolonged hospitalization. Routine nutritional assessment using the CONUT score prior to surgery in older adults may help improve surgical outcomes, reduce complications and lower healthcare costs.","RAYYAN-INCLUSION: {""Dhruv ""=>""Included""}",,,,
rayyan-637106536,A virtual knee replacement (vKR) multi-component endpoint for knee osteoarthritis based on patient-reported PROs: Data from the Osteoarthritis Initiative.,2025,1,1,Osteoarthritis and cartilage,,,,,Kwoh CK and Boudreau RM and Eckstein F and Roemer FW and Hannon MJ and Guermazi A and Hunter DJ,https://pubmed.ncbi.nlm.nih.gov/40780453/,,,,"To use patient-reported outcomes (PROs) and performance measures to develop a multi-component outcome (virtual knee replacement [vKR]) that predicts knee replacement (KR). Osteoarthritis Initiative (OAI) participants with baseline radiographs, clinical assessments and health insurance were followed for 60 months. Of 8205 knees (4143 participants), 206 knees (187 participants) had KR. Eighteen clinical measures available at annual visits were considered, (e.g., Knee injury and Osteoarthritis Outcome Score knee pain (KOOS KP), frequency, severity, and Quality of Life (QoL), frequent knee pain, knee pain severity, SF12 Mental Health and Physical Health subscales, physical activity, depression, 20-meter walk and chair stands). Combinations of these were evaluated utilizing logistic regression to predict KRs in the next year. Sensitivity, specificity, and area under the receiver operating characteristic curve (AUC) were assessed. The most accurate models for predicting KR incorporated KOOS KP and KOOS QoL at a specific annual visit, and KOOS KP worsening over the previous year combined as weighted sums. Per 10 points of these assessments the odds of vKR increased by 30 % to 65 %. AUCs ranged from 0.87 to 0.92 (vKR1). Constraining KOOS KP and KOOS QoL to be worse at follow-up than at baseline, AUCs exceeded 0.85 (vKR2). When KOOS KP and KOOS QoL remained unchanged or worsened over one year, AUCs were >0.80 (vKR3). The three vKR criteria represent potential clinical multi-component outcomes for clinical trials of knee OA. After further validation, any of them may serve as a standalone clinical outcome or in combination with actual knee replacement.","RAYYAN-INCLUSION: {""Dhruv ""=>""Included""}",,,,
rayyan-637106537,Evaluating the Effect of Total Hip Arthroplasty on Bone Mineral Density in Postmenopausal Women Using an Artificial Intelligence-Assisted Osteoporosis Diagnostic System.,2025,1,1,Cureus,,,,,Ishikura H and Moro T and Tanaka T and Kaminaga N and Kato K and Iiboshi M and Tanaka S,https://pubmed.ncbi.nlm.nih.gov/40772185/,,,,"Total hip arthroplasty (THA) alleviates pain and improves walking ability and quality of life in patients with hip osteoarthritis (OA). However, its effect on systemic bone mineral density (BMD) remains unclear. In this study, we investigated the effect of THA on systemic BMD in postmenopausal women with hip OA using an artificial intelligence (AI)-assisted osteoporosis diagnostic support system that estimates BMD solely using posteroanterior chest radiographs. This retrospective observational study included postmenopausal Japanese women aged 50-59 years who underwent bilateral THA on separate occasions at our institution between 2007 and 2023. BMD was estimated using our AI-assisted osteoporosis diagnostic system that uses posteroanterior chest radiographs obtained approximately one month before each THA. The rate of change was compared with age-specific BMD reference values for the Japanese population. A total of 59 patients were included, with a mean age of 54.9 years and an average interval between unilateral THA of 2.1 years. Among those who underwent an initial THA at ages 50-54 years, the estimated BMD decreased by 1.52% and 0.81% annually in the lumbar spine and proximal femur, respectively. For patients who underwent an initial THA at ages 55-59 years, the estimated BMD decreased by 0.00% and 0.80% annually in the lumbar spine and proximal femur, respectively. These rates were lower than the reported rates of annual BMD decline in Japanese women aged 50-54 years (1.77%, lumbar spine; 1.27%, proximal femur) and 55-59 years (1.28%, lumbar spine; 0.88%, proximal femur). THA has the potential to attenuate age-related BMD decline in postmenopausal women with hip OA.","RAYYAN-INCLUSION: {""Dhruv ""=>""Included""}",,,,
rayyan-637106538,Evaluation of neuropathic-like symptoms and objective signs of neuropathy post-knee replacement in patients with knee osteoarthritis.,2025,1,1,Osteoarthritis and cartilage open,,,,,Driscoll D and Ballal P and Wang N and Frey-Law L and Lewis CE and Nevitt M and Neogi T,https://pubmed.ncbi.nlm.nih.gov/40735538/,,,,"Why persistent pain post-knee replacement occurs is not understood. We examined the association of clinical measures of neuropathy and presence of 'neuropathic-like pain' with pain post-knee replacement. Participants with a knee replacement from the NIH-funded longitudinal cohort Multicenter Osteoarthritis (MOST) Study were examined ∼12-months post-surgery using clinical assessments of neuropathy (von Frey 2 ​g and 26 ​g monofilaments and pin prick) and the painDETECT questionnaire (PDQ; score ≥13 was considered neuropathic-like pain). We evaluated the relation of the clinical neuropathy assessments and the PDQ to achievement of the patient acceptable symptom state (PASS) post-knee replacement using WOMAC, and of the objective clinical neuropathy assessments to neuropathic-like pain on the PDQ using logistic regression. This cohort study evaluated 171 participants post-knee replacement (mean age 69, 62 ​% female, mean BMI 32.6). Overall, 57 ​% had any abnormality on ≥1 clinical neuropathy assessment (51 ​% hypoesthesia, 10 ​% allodynia/hyperalgesia), and 7 ​% had neuropathic-like pain. There was no association between presence of any abnormality on clinical assessment and not achieving the PASS (OR 1.4, 95 ​% CI 0.5-4.12). In contrast, higher PDQ scores were significantly associated with not achieving the PASS. There was no association between any abnormality on the clinical assessments of neuropathy with PDQ score ≥13 (OR 0.65 (95 ​% CI 0.14-3.02). Objective clinical assessments of neuropathy were not associated with worse pain status post-knee replacement, while PDQ scores were. PDQ was not associated with clinical assessments of neuropathy. PDQ may be reflective of pain severity in general, and potentially nociplastic, rather than neuropathic, pain.","RAYYAN-INCLUSION: {""Dhruv ""=>""Included""}",,,,
rayyan-637106539,Key factors for successful 24-h discharge following Enhanced Recovery After Surgery protocols in total knee arthroplasty.,2025,1,1,Singapore medical journal,,,,,Ng EC and Xu S and Liu XE and Lim JBT and Liow MHL and Pang HN and Tay DKJ and Yeo SJ and Chen JY,https://pubmed.ncbi.nlm.nih.gov/40731331/,,,,"Total knee arthroplasty (TKA) remains the gold standard treatment for end-stage knee osteoarthritis. With rising TKA numbers, effective resource management, such as reducing length of stay, is crucial. While prior studies have focused on patient characteristics, this study aimed to investigate the influence of demographics and pre- and immediate postoperative patient-reported outcome measures (PROMs) on successful 24-h discharge using Enhanced Recovery After Surgery (ERAS) protocols. Patients who underwent TKA with ERAS from August 2020 to July 2021 were followed up. Successful protocol completion was defined as discharge within 24 hours of surgery. Baseline characteristics and PROMs were recorded. Outcomes measures were compared between patients who successfully completed or failed the ERAS protocol, and variables were imputed into a binary logistic regression. Of 342 patients, 315 (92.1%) completed the ERAS protocol for TKA. Logistic regression analysis showed that higher postoperative pain scores and American Society of Anesthesiology (ASA) class > 2 significantly reduced the likelihood of passing the ERAS protocol (postoperative visual analogue scale odds ratio 0.742, P = 0.004; ASA > 2 odds ratio 0.196, P = 0.02). The model demonstrated satisfactory goodness of fit and accurately classified 80.1% of patients at the optimal cut-off. Receiver operating characteristic curve analysis showed good probability of discriminating between patients (area under the curve = 0.741). Immediate postoperative pain scores and ASA class may be useful adjuncts in predicting successful 24-h discharge after TKA using ERAS protocol.","RAYYAN-INCLUSION: {""Dhruv ""=>""Included""}",,,,
rayyan-637106540,Factors contributing to instability after primary total knee arthroplasty: a twenty five Year retrospective cohort study.,2025,1,1,International orthopaedics,,,,,Ergin M and Budin M and Çiloğlu O and Forero F and Gehrke T and Çıtak M,https://pubmed.ncbi.nlm.nih.gov/40715844/,,,,"Total knee arthroplasty (TKA) is a highly effective procedure for end-stage knee osteoarthritis, but postoperative instability remains a major concern, impacting patient satisfaction and leading to potential revision surgeries. Understanding patient-related risk factors for instability is crucial for optimizing outcomes and minimizing complications. We conducted a retrospective cohort study of patients who underwent revision TKA at our clinic between 1996 and 2021, focusing on those who required revision specifically due to instability. We analyzed a dataset of 39,572 primary TKA patients without documented revisions and 859 revision patients. Data extraction included age, gender, body mass index (BMI), age-adjusted Charlson Comorbidity Index (CCI) score, and comorbidities. Statistical analyses, including binary logistic regression, were performed to identify independent risk factors for instability. The instability group (n = 859) had a mean age of 65.7 years and a significantly lower proportion of males compared to the control group (mean age 67.5 years, p < 0.001; males 30.7% vs. 38.1%, p < 0.001). Notable risk factors included younger age, female gender, stroke, deep vein thrombosis (DVT), and scleroderma. Specifically, scleroderma was associated with a high risk of instability (P < 0.01 OR [odds ratio] 9.27, CI [confidence interval] 2.01 to 42.7), stroke (P = 0.01 OR 1.8, CI: 1.1 to 3.1), and DVT (p < 0.01 OR: 2.0, CI: 1.4 to 2.8). Patient-related factors such as younger age, female gender, stroke, DVT, and scleroderma significantly influence the risk of instability following primary TKA. These findings highlight the multifactorial nature of TKA instability and underscore the importance of tailored preoperative assessment and postoperative care. Addressing these risk factors can improve patient outcomes and reduce the incidence of instability following TKA.","RAYYAN-INCLUSION: {""Dhruv ""=>""Included""}",,,,
rayyan-637106541,Predicting periprosthetic joint Infection: Evaluating supervised machine learning models for clinical application.,2025,1,1,Journal of orthopaedic translation,,,,,Dragosloveanu S and Vulpe DE and Andrei CA and Nedelea DG and Garofil ND and Anghel C and Dragosloveanu CDM and Cergan R and Scheau C,https://pubmed.ncbi.nlm.nih.gov/40703570/,,,,"Periprosthetic joint infection (PJI) is a serious complication that can occur after joint arthroplasty, such as hip or knee replacement surgeries. It involves the invasion of the periprosthetic space by pathogens, leading to severe inflammation and often requiring complex medical intervention. PJI is associated with significant morbidity, increased healthcare costs, and a reduced quality of life for patients. This study aims to evaluate the performance of multiple supervised machine learning models in predicting PJI using clinical and demographic data collected from patients who underwent joint arthroplasty. Eight supervised machine learning models-Logistic Regression, Random Forest, XGBoost, Artificial Neural Network (ANN), k-Nearest Neighbors (KNN), AdaBoost, Gaussian Naive Bayes (GNB), and Stochastic Gradient Descent (SGD)-were trained and tested on a dataset of 27,854 patients. Models were evaluated using accuracy, precision, recall, specificity, F1 score, and area under the ROC curve (AUC). Random Forest and XGBoost showed the best overall performance, with high accuracy and balanced metrics across all evaluation criteria. KNN also performed strongly, particularly in minimizing misclassifications. GNB and SGD yielded weaker results, with higher error rates. Random Forest, XGBoost, and KNN are the most promising models for clinical implementation in PJI prediction. Their robust performance may support earlier diagnosis and improved patient outcomes in orthopedic care. This study demonstrates that machine learning models-particularly Random Forest and XGBoost-can accurately predict periprosthetic joint infection (PJI) using structured electronic health record data. By integrating these models into preoperative assessment workflows, clinicians may be able to identify high-risk patients earlier, personalize prophylactic strategies, and reduce infection-related morbidity. The implementation of these predictive tools has the potential to enhance clinical decision-making, improve surgical outcomes, and optimize the use of healthcare resources in orthopedic practice.","RAYYAN-INCLUSION: {""Dhruv ""=>""Included""}",,,,
rayyan-637106543,Visualized load-bearing-based robot control system improves early function in femoral neck fracture patients: a randomized controlled trial focusing on outcomes after total hip arthroplasty.,2025,1,1,Journal of orthopaedic surgery and research,,,,,Liu X and Huang C and Lin L and Zhang J and Zhu Z,https://pubmed.ncbi.nlm.nih.gov/40682167/,,,,"After total hip arthroplasty (THA), standing and walking balance are greatly affected in the early recovery period, making it important to increase weight-bearing amount (WBA) on the surgical side. Sometimes, traditional treatment methods may not be sufficient to satisfactorily improve WBA and weight-bearing ratio (WBR) on the surgical side. This study aims to evaluate the effectiveness of a visualized load-bearing-based robot control system in promoting early functional recovery of elderly patients after THA. The system senses lower limb weight and displays it in real-time on the screen to provide visual guidance for weight-bearing. A total of 126 patients with femoral neck fractures who underwent THA from July 2023 to June 2024 were selected and randomly divided into a robot group or a control group. As a result, each group was allocated 63 patients. The robot group used an intelligent weight-bearing robot for rehabilitation, while the control group used conventional walking aids for rehabilitation. Patients underwent rehabilitation for 5-7 days during their hospital stay and then continued with home-based rehabilitation after discharge. All measurements were taken one month after surgery to analyze the impact of the two rehabilitation methods on early postoperative function. The main outcome measures included VAS scores, hip joint extension-flexion range of motion (ROM), Harris scores, time for straight leg raising, and 3-minute walking distance. There were no statistically significant differences between the two groups in terms of age, gender, surgical time, blood loss, length of hospital stay, time to weight-bearing, and preoperative VAS score (P > 0.05). At the 1-month postoperative follow-up, the robot group demonstrated superior outcomes compared to the control group in terms of VAS score, ROM of the hip joint, Harris score, time for straight leg raising, and 3-minute walking distance, with statistically significant differences (P < 0.05). The WBR for the first postoperative weight-bearing on the operated side of the patient was (36.9 ± 14.0)%; it was (49.1 ± 11.1)% in the second week, (61.9 ± 8.4)% in the third week, (74.7 ± 5.8)% in the fourth week, (87.5 ± 4.0)% in the fifth week, and (100.0 ± 0.0)% in the sixth week. There were significant differences in WBR between every two postoperative weeks (p < 0.05). The WBR on the operated side of all patients reached 100% by the end of the sixth week postoperatively. This study demonstrates that a robot control system based on visualized load-bearing can effectively enhance early functional recovery after THA in a short postoperative period, making it a valuable intelligent rehabilitation system. This is beneficial for improving the ability to perform daily activities after THA and may contribute to optimizing the effectiveness of medical care. This study has been registered in national medical research registration and filing information system of China, www.medicalresearch.org.cn , Trail registration number: MR-35-24-038086.","RAYYAN-INCLUSION: {""Dhruv ""=>""Included""}",,,,
rayyan-637106544,Meta-Regression Analysis of the Association Between Acetabular Cup Positioning and Functional Outcome for Patients With Iliopsoas Impingement Syndrome After Total Hip Arthroplasty.,2025,1,1,Arthroplasty today,,,,,Ramadanov N and Voss M and Hable R and Prill R and Ezechieli M and Becker R,https://pubmed.ncbi.nlm.nih.gov/40678788/,,,,"To examine the association between acetabular cup positioning and functional outcomes, measured with Harris Hip Score (HHS), in IPI patients after THA. A literature search was conducted in PubMed, CENTRAL, Epistemonikos, and Embase up to November 30, 2024. A multilevel random-effects meta-analysis was performed with a restricted maximum likelihood heterogeneity estimator and Hartung-Knapp adjustment. Logistic regression on pooled data identified acetabular cup inclination and anteversion cut-offs associated with IPI, we performed logistic regression analysis on pooled data from the included studies. Ultimately, 32 studies with overall 1755 patients were included. The non-IPI subgroup (mean: 91.5; confidence interval [CI]: 88.2-94.9; I2 = 98%; τ2 = 48.7; P < .01) had a higher mean post-THA HHS compared with the IPI subgroup (mean: 83.3; CI: 78.0-88.7; I2 = 96%; τ2 = 48.7; P < .01). The non-IPI subgroup (mean: 42.2; CI: 40.6-43.8; I2 = 97%; τ2 = 10.3; P < .01) had a lower acetabular cup inclination compared with the IPI subgroup (mean: 45.4; CI: 43.3-47.6; I2 = 71%; τ2 = 10.3; P < .01) (F = 6.1; df = 1, 43; P = .02). There was no difference between the 2 subgroups in acetabular cup anteversion (F = 3.8; df = 1, 32; P = .06). There was no significant association between cup inclination (P = .26) or anteversion (P = .67) and post-THA HHS. The optimal cut-offs for cup inclination and anteversion were ≤ 44.1° and ≥ 18.7°, respectively. Acetabular cup inclination ≤ 44.1° and anteversion ≥ 18.7° may lower IPI risk following THA. These findings represent a step toward optimizing acetabular cup positioning for a better patient outcome.","RAYYAN-INCLUSION: {""Dhruv ""=>""Included""}",,,,
rayyan-637106547,Neutral and constitutional coronal alignment yield similar outcomes in total knee arthroplasty at mid-term follow-up using the coronal plane alignment of the knee classification.,2025,1,1,"Knee surgery, sports traumatology, arthroscopy : official journal of the ESSKA",,,,,Keltz E and Almaslmani S and Ng E and Tirosh O and Spiers L and Vogrin S and Tran P,https://pubmed.ncbi.nlm.nih.gov/40622140/,,,,"Achieving neutral coronal mechanical alignment in knee arthroplasty is traditionally considered crucial for implant longevity and function. However, recent studies suggest alternative alignment strategies. This study examines the correlation between preoperative and postoperative coronal alignment and patient-reported outcome measures (PROMs) at midterm follow-up. We hypothesised that preserving a patient's constitutional alignment would yield superior results, whereas overcorrection toward neutral alignment would lead to poorer outcomes. Data from 369 knee arthroplasties in 335 patients at a tertiary hospital, all performed aiming for mechanical alignment, was analysed. Coronal alignment and joint line obliquity were measured pre- and postoperatively using long-leg radiographs. coronal plain alignment of the knee (CPAK) classification was determined. PROMs, including the Oxford knee score (OKS), pain visual analogue scale (VAS) and EuroCol 5-dimensions (EQ.5D) VAS scores, were collected with a mean (standard deviation) follow-up period of 5.7 (1.6) years. Logistic regression was used to assess the association between coronal radiological measurements, CPAK classification, and PROMs, adjusting for age, sex and body mass index (BMI). No significant association was observed between maintaining the same coronal CPAK phenotype at the mid-term follow-up and patient outcomes. Patients who achieved postoperative neutral coronal alignment had a comparable mean OKS yet demonstrated a higher likelihood of reporting an excellent OKS. In cases where coronal alignment was over-corrected and crossed over from valgus to varus or vice versa, the OKS was 5.3 points lower (-9.3, -1.2, 95% confidence interval [CI]: p = 0.011), with an odds ratio [OR] of 3.1 (1.5, 6.7, 95% CI: p = 0.003) for a poor OKS, comparing patients who did not cross over to the opposite coronal alignment. At the mid-term follow-up, patients with postoperative neutral coronal alignment demonstrated similar outcomes to those who maintained their preoperative constitutional alignment. Patients who had crossover from varus to valgus or vice versa exhibited significantly poorer results. Level II.","RAYYAN-INCLUSION: {""Dhruv ""=>""Included""}",,,,
rayyan-637106548,Risk factors for general complications after hip or knee replacement surgery in elderly patients: a single-center study.,2025,1,1,BMC musculoskeletal disorders,,,,,Zhang H and Cao J and Chen J and Ning X,https://pubmed.ncbi.nlm.nih.gov/40615826/,,,,"To determine the risk factors for complications after hip or knee replacement surgery in elderly patients. In total, 401 elderly patients (aged ≥ 65 years) who underwent hip or knee replacement surgery at a hospital from January 2017 to December 2022 were retrospectively analyzed. Univariate analysis was performed to identify significant variables. Risk factors and the effects of the model were examined by unconditional binary logistic regression analyses and receiver operating characteristic (ROC) curve analysis, respectively. A total of 122 (30.42%) patients were diagnosed with complications after hip or knee replacement surgery, and the independent risk factors for complications were age, body mass index (BMI) and hypertension. Fifty-six patients (13.97%) developed lower extremity venous thrombosis (LEVT), and the independent risk factors were hypertension, surgical joint type and visual analog scale (VAS) pain score. Cardiopulmonary complications occurred in 50 patients (12.47%), and the independent risk factors were age and BMI. Postoperative delirium occurred in 15 patients (3.74%), and its independent risk factors were age and American Society of Anesthesiologists (ASA) grade. Two or more complications occurred in 17 patients (4.24%), and the independent risk factors were age and diabetes. This study focused on elderly patients with risk factors for complications after hip or knee replacement surgery. Clinically, elderly patients undergoing hip or knee replacement surgery should perform well in terms of preoperative and perioperative management.","RAYYAN-INCLUSION: {""Dhruv ""=>""Included""}",,,,
rayyan-637106549,Preoperative factors associated with failure to achieve the minimal clinically important difference in quality of life following total knee arthroplasty.,2025,1,1,BMC geriatrics,,,,,Watabe T and Sengoku T and Muramatsu R and Kubota M and Sakurai G and Yoshida S and Taniguchi Y,https://pubmed.ncbi.nlm.nih.gov/40604481/,,,,"BACKGROUND: The patient characteristics and preoperative factors that affect the Knee Injury and Osteoarthritis Outcome Score (KOOS) quality of life (QOL) after total knee arthroplasty (TKA) remain unclear. Therefore, we aimed to determine patient characteristics and preoperative risk factors associated with the lack of the minimal clinically important difference (MCID) in the KOOS QOL subscales 1 year after TKA. METHODS: This single-center cohort study included 149 patients with knee osteoarthritis who underwent primary TKA using the subvastus approach. Patients were divided into two groups based on whether they achieved or failed to achieve the 1-year postoperative MCID in KOOS, in reference to the preoperative baseline score. RESULTS: Fifty-four patients did not achieve the MCID in the KOOS QOL scales 1 year after TKA. Significant predictors included in univariate analysis included the preoperative prevalence period, knee flexion range of motion (ROM), and KOOS pain, activities of daily living (ADL), and function in sports and recreation (Sport/Rec). Multivariate logistic regression analysis identified knee flexion ROM as the most significant factor (odds ratio: 1.080; 95% confidence interval: 1.048–1.112; P = 0.001). According to the receiver operating characteristic curve, a preoperative knee flexion ROM of 120° was the threshold for predicting achieved MCID in the KOOS QOL 1 year postoperatively (sensitivity: 0.61; specificity: 0.86); the area under the curve was 0.81. CONCLUSIONS: Patients with longer preoperative prevalence periods and higher preoperative KOOS pain, ADL, and Sport/Rec scores were more likely not to achieve the MCID in the QOL. Furthermore, limited preoperative knee flexion ROM may affect the risk of not achieving the MCID.","RAYYAN-INCLUSION: {""Dhruv ""=>""Included""}",,,,
rayyan-637106550,"Impact of an in-consult patient decision aid on decisional quality, involvement, and health outcome for patients with severe hip or knee osteoarthritis - a study protocol for a multicentre, cluster randomised controlled trial (PATI-study).",2025,1,1,BMC musculoskeletal disorders,,,,,Pedersen TA and Lindberg-Larsen M and Jensen CM and Timm S and Steffensen KD and Varnum C,https://pubmed.ncbi.nlm.nih.gov/40597226/,,,,"Osteoarthritis (OA) is a joint disease with a high worldwide prevalence, often leading to replacement surgery. However, despite the high success rate of replacement surgery, some patients fail to experience the intended benefits. Given the importance of patient involvement, this trial aims to assess the effect of shared decision-making (SDM) on decisional quality for patients with severe OA. Specifically, it investigates whether an in-consult patient decision aid (PtDA) enhances decisional quality, involvement, and health outcomes for patients with severe hip or knee OA. This protocol outlines a pragmatic two-armed multicentre cluster-randomised controlled trial (C-RCT), chosen for its ability to assess the combined effect of shared decision-making (SDM) and a newly developed in-consult patient decision aid (PtDA) in routine clinical practice. The PtDA is a tool designed to help patients make informed decisions during the consultation by providing personalised treatment options, benefits, and risks. The C-RCT design is particularly well-suited to this context, as it effectively minimises contamination and bias across treatment groups. A total of 19 orthopaedic surgeons will be randomised 1:1, stratified by centre, to either continue standard consultations without the PtDA or implement SDM using the PtDA. The trial will recruit 615 patients with severe hip or knee OA. Outcomes will be measured at one week, three months, and 12 months post treatment start. The primary outcome, decisional quality, will be assessed using the Hip/Knee OA Decision Quality Instrument, focusing on patients being well-informed and receiving their preferred treatment. The secondary outcomes include patient involvement in the decision-making process and consultation durations. The tertiary outcomes include patients' satisfaction, regret and health-related outcomes. The primary outcome will be analysed using a multilevel mixed-effects logistic regression with surgeons as random effects reporting odds ratios with 95% confidence intervals. This study aims to contribute insights into the use of SDM facilitated by a PtDA and its impact on improving decisional quality for future patients with hip or knee OA. www. gov (NCT05972525), Data of registration: 06.08.2023.","RAYYAN-INCLUSION: {""Dhruv ""=>""Included""}",,,,
rayyan-637106552,Failure to Restore Normal Trochlear Orientation Does Not Affect Postoperative Patella-Related Outcomes in Robotic-Assisted Functional Alignment Total Knee Arthroplasty.,2025,1,1,The Journal of arthroplasty,,,,,Yu M and Xu Y and Wang Y and Hu M and Yang X and Zhu W and Weng X and Feng B,https://pubmed.ncbi.nlm.nih.gov/40473049/,,,,"This study evaluated the restoration of trochlear orientation following primary functional alignment (FA) total knee arthroplasty (TKA) using an image-based robotic-assisted system and investigated the relationship between trochlear orientation and clinical outcomes. This retrospective study included 110 robotic-assisted TKAs performed between September 2021 and October 2023. The average age of this cohort was 67 ± 8.1 years, and the average follow-up duration was 24 ± 6.5 months. Radiographic and clinical analyses were conducted, including visual analog scale (VAS), range of motion (ROM), the Knee Society Score (KSS), and the Feller's patellar score (FPS). We measured the angles between the transepicondylar axis and posterior condylar axis (PCA), between the anterior trochlear line (ATL) and PCA, and between the lateral trochlear inclination and PCA, between the preoperative and postoperative Whiteside line, and sulcus angle (SA) to analyze the restoration of the trochlear orientation. The VAS, ROM, KSS, and FPS all showed significant improvement after FA-TKA (P < 0.001). Postoperatively, the proportion of abnormal SA was 88.7%, abnormal ATL was 56.4%, abnormal lateral trochlear inclination was 77.2%, and abnormal Whiteside line was 31.8%. Subgroup analysis showed that there was no significant correlation between the restoration of trochlear orientation and early- to mid-term knee function scores (VAS, ROM, KSS, and FPS; P > 0.05). Furthermore, multivariable logistic regression identified abnormal SA (odds ratio = 1.15; 95% confidence interval: 1.03 to 1.27; P = 0.009) and abnormal ATL (odds ratio = 1.57; 95% confidence interval: 1.26 to 1.97; P < 0.001) as independent risk factors for the severity of anterior knee pain at 30 days postoperatively. In robotic-assisted FA-TKA, most cases failed to restore natural trochlear orientation and shape. This discrepancy did not significantly affect patellar scores or knee function at 30-day and 2-year follow-up. But abnormal SA and ATL may be related to anterior knee pain at 30 days postoperatively.","RAYYAN-INCLUSION: {""Dhruv ""=>""Included""}",,,,
rayyan-637106553,"Body Mass Index, Sex, Tönnis and Outerbridge Grades, but Not Cam Lesion Location, Influence 10-Year Outcomes After Hip Arthroscopy for Femoroacetabular Impingement Syndrome.",2025,1,1,Arthroscopy : the journal of arthroscopic & related surgery : official publication of the Arthroscopy Association of North America and the International Arthroscopy Association,,,,,Gosnell GG and Berzolla E and Mercer NP and Lezak BA and Moore M and Morgan A and Youm T,https://pubmed.ncbi.nlm.nih.gov/40472903/,,,,"To investigate the 10-year outcomes of hip arthroscopy in femoroacetabular impingement syndrome (FAIS), comparing the impact of cam lesion location (superolateral, anterolateral, or anterior) on total hip arthroplasty (THA) conversion rates, revision rates, and patient-reported outcomes (PROs). This retrospective cohort study evaluated patients who underwent primary hip arthroscopy for FAIS between 2010 and 2013. Included patients had preoperative radiographic evidence of cam lesions and a minimum of 10 years of follow-up data. Patients were categorized by cam lesion location: superolateral, anterolateral, or anterior. Outcomes included revision rates, conversion to THA, and PROs measured with the modified Harris Hip Score (mHHS) and Non-Arthritic Hip Score (NAHS) at 10 years. Statistical analyses were performed using independent t tests, analysis of variance, Fisher exact tests, and multivariable regression. A total of 157 patients were included, with a mean follow-up of 11.66 ± 1.08 years. The cohort included 93 patients with superolateral cam lesions, 38 with anterolateral lesions, and 26 with anterior lesions. Revision rates were 0% for anterior lesions, 7.89% for anterolateral lesions, and 4.3% for superolateral lesions (P = .3806). THA conversion rates were 7.69% (anterior), 2.63% (anterolateral), and 8.6% (superolateral) (P = .3558). 10-year mHHS (superolateral: 86.7 ± 18.85; anterolateral: 85.97 ± 18.76; anterior: 90.99 ± 11.61; P = .4932) and NAHS (superolateral: 83.92 ± 19.84; anterolateral: 84.73 ± 20.83; anterior: 89.62 ± 13.27; P = .4076) were comparable across groups. Achievement of the MCID was high across all groups, with 89.2% (140/157) of patients reaching the mHHS MCID and 91.1% (143/157) reaching the NAHS MCID with no significant differences by cam lesion location for either mHHS (P = .526) or NAHS (P = .999). Multiple linear regression analysis identified greater BMI (mHHS: P = .0005; NAHS: P < .0001) and female sex (mHHS: P = .0245; NAHS: P = .0115) as predictors of worse outcomes. Logistic regression analysis found that female sex (P = .0451), elevated Tönnis grade (P = .0015), and elevated Outerbridge grade (P = .0474) were associated with increased rates of THA conversion and revision. Cam lesion location does not significantly affect revision rates, THA conversion, or long-term PROs. Factors such as BMI, sex, Outerbridge grade, and Tönnis grade are more influential on long-term outcomes. Level III, retrospective diagnostic comparative case series.","RAYYAN-INCLUSION: {""Dhruv ""=>""Included""}",,,,
rayyan-637106554,Durom hip resurfacing at 15 years : predictive factors for failure.,2025,1,1,The bone & joint journal,,,,,Williamson TR and Kennedy IW and Jenkinson MRJ and Wheelwright B and Kane N and Meek RMD,https://pubmed.ncbi.nlm.nih.gov/40449549/,,,,"A range of metal-on-metal hip resurfacing (MoM-HR) implants have shown good functional outcomes, but some have been associated with adverse reactions to metal debris (ARMD) and early failure, requiring regular follow-up and monitoring of the blood metal ion levels. The aim of this study was to report the minimum 15-year survival of the Durom hip resurfacing system (Zimmer Biomet, USA), the functional outcome, and factors which were predictive of failure. A consecutive series of patients undergoing Durom MoM-HR at a single centre between January 2000 and December 2008 were included. Demographic variables, the size of the implant, radiological parameters, and the most recent blood metal ion levels were collected. The primary outcome measure was failure; secondary outcome measures included the Oxford Hip Score (OHS). Multivariable logistic regression was used to predict failure and identify the factors most strongly associated with failure. A total of 695 hips in 597 patients, 61.2% of whom were male, were included. The mean age of the patients was 51.5 years (SD 8.7). Survival at a mean follow-up of 15.2 years (SD 1.9) was 86.6% (602 of 695 hips). Implant survival was significantly increased in males (92.2% (95% CI 89.7 to 94.8) vs 77.8% (95% CI 72.8 to 82.7); p < 0.001) and with femoral components sized ≥ 50 mm (91.7% (95% CI 88.7 to 94.7) vs 82.3% (95% CI 78.4 to 86.2); p < 0.001). Failure was mostly due to aseptic loosening (42 hips; 6%) and ARMD (27 hips; 3.9%). The mean postoperative OHS was 31.9 (SD 13.5) for patients requiring revision and 41.8 (SD 9.2) for those not requiring revision (p < 0.001). Predictive factors of failure in the regression model included sex, the angle of inclination and migration of the acetabular component, the postoperative OHS and the blood chromium ion levels (Pseudo-R2 0.279). Standardized regression coefficients were greatest for migration of the acetabular component (0.855) and OHS (-0.606). This study presents the longest reported follow-up for the Durom MoM-HR, with excellent survival and functional outcomes at 15 years' follow-up in males and with ≥ 50 mm femoral components. Most failures were due to aseptic loosening. Migration of the acetabular component and symptomatology (OHS) were the factors which most strongly predicted failure.","RAYYAN-INCLUSION: {""Dhruv ""=>""Included""}",,,,
rayyan-637106558,Developing and validating a machine learning model to predict chronic pain following total knee arthroplasty.,2025,1,1,The Knee,,,,,Cheng Z and Li J and Wu W and Yin J and Wang X,https://pubmed.ncbi.nlm.nih.gov/40403433/,,,,"This study aims to compare the performance of various machine learning algorithms in predicting chronic pain after total knee arthroplasty (CPSP). Patients with CPSP after total knee arthroplasty at the same medical center between January 1, 2021, and January 1, 2023, were selected for this study. A retrospective cohort design was employed to collect samples, which were then randomly divided into a training set and a test set in a 7:3 ratio. Valid high-risk factors were identified using the Least Absolute Shrinkage and Selection Operator (LASSO) method. Subsequently, five predictive models were constructed and evaluated based on machine learning (ML) algorithms, including Decision Tree (DT), Light Gradient Boosting Machine (LGBM), Support Vector Machine (SVM), Random Forest (RF), and Extreme Gradient Boosting (XGBoost). In the test dataset, the model's performance was evaluated using metrics including accuracy, precision, recall, specificity, F1-score, Brier score, and area under the curve (AUC). The Brier score helped identify the most suitable model, and SHAP values were explained to analyze the key factors affecting the predictions. This study enrolled 785 patients who underwent total knee arthroplasty, with 549 in the training - set and 236 in the test - set. The overall CPSP incidence was 39.6%. Nine high - risk factors were identified: hospital stay length, albumin levels, acute postoperative pain status (APSP), non-operative pain status, pain catastrophizing, osteoporosis, preoperative operative-area pain score, education level, and rehabilitation site. The AUC values were: DT(0.877), LGBM(0.914), SVM(0.890), RF(0.918), and XGBoost(0.898). The Brier scores were: DT (0.123), LGBM (0.119), SVM (0.126), RF (0.111), and XGBoost (0.124). These findings suggest that the RF model had the best performance. The incidence of CPSP in TKA patients is high, which has a significant adverse effect on body function and needs to be paid attention to. Nine risk factors have been identified. RF model can effectively identify CPSP patients, which is helpful for clinical medical staff to early identify and intervene in high-risk patients.","RAYYAN-INCLUSION: {""Dhruv ""=>""Included""}",,,,
rayyan-637106559,Mapping the importance of each individual element accounted by HOOS and VR-12 on 1-year patient satisfaction after primary total hip arthroplasty: a prospective institutional analysis.,2025,1,1,European journal of orthopaedic surgery & traumatology : orthopedie traumatologie,,,,,Benyamini B and Emara AK and Pasqualini I and Ibaseta A and Klika AK and Khan ST and Zielinski MR and Adult Reconstruction Research CC and Piuzzi NS,https://pubmed.ncbi.nlm.nih.gov/40399733/,,,,"This study aimed to determine the significance of individual questions from the hip osteoarthritis outcome score (HOOS), HOOS Physical Function Shortform (PS), HOOS Joint Replacement (JR), and Veterans-Rand (VR)-12 mental composite score (MCS) in achieving a patient acceptable symptom state (PASS). A retrospective study of a prospectively collected cohort of 8236 unilateral elective primary THAs was analyzed. Responses were collected for 18 HOOS questions (pain, PS, and JR) and 6 VR-12 questions used to calculate MCS preoperatively and 1-year postoperatively. PASS was assessed through a positive response to a binary satisfaction-related question. The association between responses to questions and outcomes was examined via multivariable logistic regression models stratified by sex. Sex-specific differences in PASS attainment were observed. In males, a poorer preoperative response in HOOS-PS assessing a patient's difficulty to sit or run comfortably due to their hip was independently associated with reduced odds of achieving PASS at 1-year post-THA (odds ratio [OR] = 0.66 [95% confidence interval [CI] 0.52-0.83], P = 0.001, and OR = 0.83 [0.73-0.95], P = 0.01, respectively). Additionally, a more favorable preoperative response in the MCS metric of feeling down and blue (OR = 1.15 [95% CI 1.03-1.28], P = 0.01) was associated with increased PASS attainment, whereas a poorer preoperative response to having energy (OR = 0.86 [95% CI 0.76-0.97], P = 0.02) was associated with reduced PASS attainment. In females, only a poorer preoperative response in feeling calm and peaceful (OR = 0.87 [95% CI 0.78-0.96], P = 0.01) was associated with reduced odds of PASS attainment. Individual questions of the HOOS and VR-12 MCS were identified as being independently associated with achieving patient satisfaction at one-year following THA. Notably, predictors of satisfaction differed by sex, with both physical function and mental health factors playing a larger role in males, while mental health alone was predictive in females. Understanding specific aspects that matter most to patients, such as mental health, allows healthcare providers to tailor their care to better meet patients' needs. This approach could involve counseling, stress management techniques, and interventions aimed at reducing feelings of depression and anxiety. III.","RAYYAN-INCLUSION: {""Dhruv ""=>""Included""}",,,,
rayyan-637106560,Effect of a smart ring-assisted physiotherapeutic intervention on the postoperative outcomes 12 months after a total knee replacement (SmarTKRing): protocol for a randomised controlled trial.,2025,1,1,BMJ open,,,,,Hautala J and Koriseva L and Reito A and Mattila V and Eskelinen A,https://pubmed.ncbi.nlm.nih.gov/40379331/,,,,"This protocol assesses the effect of a wearable activity tracker-assisted physiotherapeutic intervention on postoperative outcomes in patients undergoing total knee replacement (TKR) surgery. Despite advancements in TKR technology, patient dissatisfaction remains a concern, with adherence to physical activity guidelines being particularly poor among those with knee osteoarthritis. The primary aim of this trial is to evaluate the effectiveness of a smart ring-assisted physiotherapeutic intervention in improving outcomes, as measured by the Oxford Knee Score (OKS), 12 months after a TKR. We are conducting this randomised controlled trial at Coxa Hospital for Joint Replacement in Finland, where participants are randomly assigned to either an intervention with smart ring-supported physiotherapeutic intervention or a usual care control group in a 1:1 ratio in patients undergoing TKR surgery. The primary outcome measure is the OKS at 12 months after surgery. Secondary outcomes encompass OKS variance, poor postoperative outcome (defined as ≤7 points change on the OKS), quality of life questionnaire EuroQol 5-Dimensions 5-Levels(EQ-5D-5L), knee range of motion, pain scores, patient satisfaction and healthcare resource utilisation. The study population comprises patients aged 18-70 undergoing unilateral primary TKR for knee osteoarthritis. Statistical analysis involves logistic regression and linear mixed models to assess group differences in outcomes over time, with adjustments for relevant covariates. The trial was approved by the Tampere University Hospital Ethical Committee (R22078) and participants are required to provide written informed consent. Procedures in conducting the trial are aligned with the principles of Good Scientific Practice outlined by the Finnish Advisory Board on Research Integrity. The results of this trial will be disseminated as a series of articles published in a peer-reviewed medical journal. NCT05599776.","RAYYAN-INCLUSION: {""Dhruv ""=>""Included""}",,,,
rayyan-637106561,What Matters Most for Patient Satisfaction Following Total Knee Arthroplasty? A Prospective Institutional Assessment of Individual Questions Captured by KOOS and VR-12 Mental Composite Score.,2025,1,1,The journal of knee surgery,,,,,Emara AK and Benyamini B and Pasqualini I and Ibaseta A and Klika AK and Khan ST and Cleveland Clinic Adult Reconstruction Research and Piuzzi NS,https://pubmed.ncbi.nlm.nih.gov/40368408/,,,,"Patient-reported outcome measures (PROMs) are crucial in evaluating the success of primary total knee arthroplasty (TKA). This study aimed to determine the individual significance of each question of the Knee Osteoarthritis Outcome Score (KOOS) and the Veterans RAND 12 (VR-12) Mental Composite Score (MCS) in achieving a Patient Acceptable Symptom State (PASS). A prospectively collected cohort of 9,942 unilateral elective TKAs was analyzed. Responses were collected for 17 KOOS questions (KOOS-Pain subscore, KOOS-Physical Function Short form [PS], and KOOS-Joint related [JR]) and 6 MCS questions preoperatively and 1-year postoperatively. Achievement of PASS was assessed through a positive response to a binary satisfaction-related question. The association between responses to questions and outcomes was examined via multivariable logistic regression models. A poorer preoperative response to knee pain frequency (odds ratio [OR] = 0.86 [0.77-0.97], p = 0.017) and knee pain while sitting or lying (OR = 0.88 [0.79-0.99], p = 0.029) was independently associated with reduced odds of achieving PASS at 1-year post-TKA. A more favorable preoperative response in knee pain during full knee straightening was independently associated with an increased odds of PASS attainment (OR = 1.10 [1.01-1.19], p = 0.035). No other metric was independently associated with PASS attainment at 1 year. Individual KOOS questions evaluating knee pain frequency, knee pain while sitting or lying down, and knee pain during full knee straightening were linked to patient satisfaction 1 year following TKA. Patients experiencing frequent or persistent knee pain at rest may represent those with more advanced joint disease or heightened pain sensitivity, contributing to lower postoperative satisfaction. Conversely, patients reporting minimal or no pain during specific movements, such as full knee straightening, likely had a less severe baseline condition, making their postoperative expectations more easily attainable, thereby leading to higher satisfaction.Level of evidence III.","RAYYAN-INCLUSION: {""Dhruv ""=>""Included""}",,,,
rayyan-637106562,Application of artificial intelligence-based three dimensional digital reconstruction technology in precision treatment of complex total hip arthroplasty.,2025,1,1,International orthopaedics,,,,,Zheng Q and She H and Zhang Y and Zhao P and Liu X and Xiang B,https://pubmed.ncbi.nlm.nih.gov/40347264/,,,,"To evaluate the predictive ability of AI HIP in determining the size and position of prostheses during complex total hip arthroplasty (THA). Additionally, it investigates the factors influencing the accuracy of preoperative planning predictions. From April 2021 to December 2023, patients with complex hip joint diseases were divided into the AI preoperative planning group (n = 29) and the X-ray preoperative planning group (n = 27). Postoperative X-rays were used to measure acetabular anteversion angle, abduction angle, tip-to-sternum distance, intraoperative duration, blood loss, planning time, postoperative Harris Hip Scores (at 2 weeks, 3 months, and 6 months), and visual analogue scale (VAS) pain scores (at 2 weeks and at final follow-up) to analyze clinical outcomes. On the acetabular side, the accuracy of AI preoperative planning was higher compared to X-ray preoperative planning (75.9% vs. 44.4%, P = 0.016). On the femoral side, AI preoperative planning also showed higher accuracy compared to X-ray preoperative planning (85.2% vs. 59.3%, P = 0.033). The AI preoperative planning group showed superior outcomes in terms of reducing bilateral leg length discrepancy (LLD), decreasing operative time and intraoperative blood loss, early postoperative recovery, and pain control compared to the X-ray preoperative planning group (P < 0.05). No significant differences were observed between the groups regarding bilateral femoral offset (FO) differences, bilateral combined offset (CO) differences, abduction angle, anteversion angle, or tip-to-sternum distance. Factors such as gender, age, affected side, comorbidities, body mass index (BMI) classification, bone mineral density did not affect the prediction accuracy of AI HIP preoperative planning. Artificial intelligence-based 3D planning can be effectively utilized for preoperative planning in complex THA. Compared to X-ray templating, AI demonstrates superior accuracy in prosthesis measurement and provides significant clinical benefits, particularly in early postoperative recovery.","RAYYAN-INCLUSION: {""Dhruv ""=>""Included""}",,,,
rayyan-637106563,Lateral opening wedge distal femoral osteotomy for symptomatic lateral compartment osteoarthritis: Survivorship and predictive factors at mean 10-year follow-up.,2025,1,1,Journal of ISAKOS : joint disorders & orthopaedic sports medicine,,,,,Mancino F and Fabbro GD and Qian K and Parker DA,https://pubmed.ncbi.nlm.nih.gov/40345664/,,,,"Lateral opening wedge distal femoral osteotomy (LOWDFO) is a reliable joint-preserving surgical procedure for isolated lateral compartment knee osteoarthritis (OA) and overload in valgus knees. The aim of this study was to evaluate the long-term survivorship and clinical outcomes of patients undergoing LOWDFO, and to identify the factors associated with conversion to total knee arthroplasty (TKA). This was a retrospective study of prospectively collected patients who underwent LOWDFO for isolated lateral osteoarthritis and mechanical overload between 2003 and 2023. Clinical outcomes including the Knee Injury and Osteoarthritis Outcome Score (KOOS), the Veterans RAND-12 (VR-12) Physical and Mental scores, and the International Knee Documentation Committee subjective evaluation form (IKDC) were collected and analyzed. Radiographic parameters included hip-knee-ankle angle (HKA) and lateral distal femoral angle (LDFA). Postoperative complications and further reoperations during the follow-up period were recorded. Survivorship was from conversion to TKA and investigated using Kaplan-Meier curve. Logistic regression was used to identify factors associated with conversion, and p values ​< ​0.05 were considered significant. A total of 48 patients (56% males, mean age 36.5 ​± ​11.3 years) were included for analysis. The complication rate was 35.4%, and the reoperation rate was 29.2% at a mean 10.1 ​± ​4.9-year follow-up. Removal of metal hardware due to pain and/or discomfort was the main cause of reoperation in 20.8% of the patients. The cumulative rate of conversion to TKA at 5 years was 7.0%, 10 years 15.0% and 15 years 29%. Older age was significantly associated with an odd ratio (OR) of 1.16 (R2N ​= ​0.31; 95% CI: 1.03 to 1.30). The survival analysis showed that patients >45 years at the time of index surgery had an increased hazard ratio (HR) for conversion to TKA of 5.16 (95% CI: 1.32 to 10.10). LOWDFO yields a 10-year cumulative survivorship of 85% in young patients with lateral compartment isolated knee OA and overload in valgus knees. Age at the time of index surgery is associated with an increased odds of conversion. Removal of metal hardware can affect one in five patients. IV.","RAYYAN-INCLUSION: {""Dhruv ""=>""Included""}",,,,
rayyan-637106564,Comparison of traditional template measurements and artificial intelligence preoperative planning in total knee arthroplasty.,2025,1,1,Frontiers in surgery,,,,,Min M and Wang X and Urba R and Zhang W and Gao J and Fan L,https://pubmed.ncbi.nlm.nih.gov/40303951/,,,,"The poor reliability of preoperative planning measured by traditional x-ray templates increases the difficulty of osteotomy and prosthesis implantation during an operation, which to some extent affects the surgical outcome of total knee arthroplasty and postoperative satisfaction of patients. To evaluate the accuracy and effectiveness of artificial intelligence (AI) preoperative planning in total knee arthroplasty (TKA). We prospectively selected 48 patients who underwent primary total knee arthroplasty for knee osteoarthritis in our Joint Surgery Department between March 2021 and May 2022. The test group included 24 patients who underwent three-dimensional preoperative planning using artificial intelligence (AI), and the control group consisted of 24 patients who underwent two-dimensional preoperative planning using traditional template measurement. The differences were not statistically significant when comparing the general information of the two groups, such as gender, age, BMI, affected side category, ASA classification, history of diabetes, history of stroke (P > 0.05). For analyzing the accuracy and application effect of the two preoperative planning methods, the intraoperative operation time, intraoperative blood loss, postoperative drainage volume, postoperative lower limb alignment angle, VAS score, and AKS score were compared between the two groups. All patients were followed for 6-8 months, and no postoperative complications or postoperative deaths occurred in either group. There was no statistically significant difference between the general data of patients in both groups (P > 0.05). The complete matching rates of femoral component, tibial component, and tibial liner in the test group were significantly better than those in the control group (P < 0.05). The operation time, intraoperative blood loss, and postoperative drainage volume in the test group were significantly less than those in the control group (P < 0.05). There was a statistically significant difference in the postoperative lower limb alignment Angle between the two groups (P < 0.05). The VAS score of the test group was significantly better than that of the control group within 2 weeks (P < 0.05), but there was no statistically significant difference after 1 month (P > 0.05). The AKS score of the test group was significantly higher than that of the control group at 3 months after operation (P < 0.05). Compared with traditional film planning, AI preoperative planning can improve the accuracy of intraoperative prosthesis implantation and the surgical outcome of TKA, which is worthy of further promotion and application in clinical practice.","RAYYAN-INCLUSION: {""Dhruv ""=>""Included""}",,,,
rayyan-637106565,AI-assisted direct anterior approach versus posterolateral approach in total hip arthroplasty: a retrospective cohort study based on artifact-reduced CT 3D reconstruction.,2025,1,1,Frontiers in bioengineering and biotechnology,,,,,Zheng S and Zhu J and Chen Z and Cao X and Xia T and Zhang C and Shen JR,https://pubmed.ncbi.nlm.nih.gov/40297284/,,,,"To compare the accuracy of implant positioning and early functional recovery between direct anterior approach (DAA) and posterolateral approach (PLA) in total hip arthroplasty (THA) guided by an artificial intelligence preoperative planning system (AIHIP). The study population consisted of 206 patients who underwent DAA surgery and 81 patients who underwent PLA surgery, all of whom were designed preoperatively using AI-HIP, and postoperatively using artefact-reduced CT reconstruction for prosthesis mounting angle measurements and follow-up such as postoperative outcomes. The main assessments included prosthesis positioning accuracy (compared to the preoperative plan): acetabular anterior inclination (AA), femur anterior inclination (FNA), combined anterior inclination (CA), alignment of femoral stem prosthesis and femur; clinical outcomes: operative time, hospital stay, and time to grounding; functional scores: Harris Hip Score, WOMAC, and VAS Pain Score; and biomarkers: haemoglobin, CRP, and IL-6, among others. All 287 patients completed ≥6-month follow-up. While preoperative femoral/acetabular anteversion showed no intergroup differences (p > 0.05), the direct anterior approach (DAA) demonstrated superior postoperative acetabular anteversion control (20.93 ± 7.54° vs. 24.34 ± 7.93°, p < 0.001) despite comparable femoral anteversion (12.97 ± 6.93° vs. 14.56 ± 7.21°, p = 0.009). AI-assisted predictions exhibited smaller deviations in DAA for both parameters (FNA: 3.12 ± 5.88° vs. 5.59 ± 8.21°, p = 0.005; AA: 0.93 ± 7.54° vs. -4.34 ± 7.93°, p < 0.001). No significant differences emerged in combined anteversion, acetabular abduction, or femoral stem alignment parameters (all p > 0.05). DAA achieved shorter incisions (10.64 ± 0.94 vs. 15.21 ± 1.33 cm, p < 0.001) and hospital stays (7.59 ± 4.18 vs. 9.09 ± 3.65 days, p < 0.001) despite longer operative times (118.67 ± 26.95 vs. 53.27 ± 58.71 min, p < 0.001). Functional recovery favored DAA, with better VAS/Harris scores at 3 months and WOMAC scores at 1 month (all p < 0.05). No intergroup differences were observed in postoperative CK, CRP, Hb, or IL-6 levels (p > 0.05). Both DAA and PLA approaches resulted in satisfactory postoperative outcomes; however, the DAA approach demonstrated enhanced early postoperative efficacy indicators, as well as improved femoral neck and acetabular anteversion compared to the PLA approach. This study advocates for the preferential adoption of the DAA technique for THA, while also emphasizing the importance of considering individual patient factors, as well as the surgeon's preferences and expertise.","RAYYAN-INCLUSION: {""Dhruv ""=>""Included""}",,,,
rayyan-637106567,"Patients Undergoing Hip Arthroscopy for Acetabular Labral Treatment From Neighborhoods With Greater Socioeconomic Disadvantage Experience Worse Health Care Accessibility, Inferior Midterm Functional Outcomes, and Similar Rates of Conversion to Total Hip Arthroplasty.",2025,1,1,Arthroscopy : the journal of arthroscopic & related surgery : official publication of the Arthroscopy Association of North America and the International Arthroscopy Association,,,,,Lee JS and Gillinov SM and Siddiq BS and Dowley KS and Rachala RR and Cherian NJ and Eberlin CT and Kucharik MP and Martin SD,https://pubmed.ncbi.nlm.nih.gov/40246088/,,,,"To investigate the effects of neighborhood-level socioeconomic disadvantage on health care accessibility and midterm functional outcomes for patients undergoing primary hip arthroscopy for the treatment of acetabular labral tears. This retrospective analysis queried patients ≥18 years old who underwent primary hip arthroscopy for treatment of symptomatic labral tears secondary to femoroacetabular impingement syndrome, had complete patient-reported outcome measures (PROMs) at minimum 8-year follow-up, and resided in the United States. All patients underwent surgery between May 2001 and September 2013. Using the area deprivation index (ADI) to quantify neighborhood-level socioeconomic disadvantage, patients were divided into quartiles. Those in the least and most disadvantaged quartiles represented the ADILow and ADIHigh cohorts, respectively. Health care accessibility and socioeconomic disadvantage were compared between cohorts using rural, Health Professional Shortage Area, medically underserved area/population, insurance status, education level, and household income classifications. Collected PROMs included the modified Harris Hip Score (mHHS), Hip Outcome Score (HOS)-Activities of Daily Living (HOS-ADL), HOS-Sports Specific Subscale (HOS-SSS), Nonarthritic Hip Score, 33-item International Hip Outcome Tool, and rates of conversion to total hip arthroplasty (THA). The ADILow (ADI: 4.0 ± 2.1) and ADIHigh (ADI: 37.7 ± 12.1) cohorts each consisted of 43 patients. A greater proportion of patients in ADIHigh resided in rural communities (P = .026), primary care Health Professional Shortage Areas (P = .024), and medically underserved area/populations (P = .019). At a patient level, the ADIHigh cohort had lower levels of insurance coverage (P = .035), education (P = .002), and household income (P = .002). Finally, ADIHigh patients achieved worse functional outcome scores for mHHS (P = .008), Nonarthritic Hip Score (P = .043), HOS-ADL (P = .020), and 33-item International Hip Outcome Tool (P = .041). By multivariate logistic regression, patients in ADIHigh were nearly 11.4 and 10.4 times less likely to achieve the 10-year patient acceptable symptom state for mHHS (odds ratio, 0.09; P = .008) and HOS-ADL (odds ratio, 0.10; P = .018), respectively. Despite having significantly worse PROMs, patients in ADIHigh underwent statistically similar rates of revision hip arthroscopy (ADIHigh: 7.0% vs. ADILow: 4.7%; P = .645) and conversion to THA (ADIHigh: 11.6% vs ADILow: 20.9%; P = .213). Patients undergoing hip arthroscopy for acetabular labral treatment from neighborhoods with greater ADI scores experience worse health care accessibility, inferior mid-term functional outcomes, and similar rates of conversion to THA. Level III, retrospective cohort.","RAYYAN-INCLUSION: {""Dhruv ""=>""Included""}",,,,
rayyan-637106570,Quality of life reported by patients with ecchymosis following total knee arthroplasty.,2025,1,1,Frontiers in surgery,,,,,Gong Z and Qiu H and Zhang H and Xu Y and Wu R and Zhang Q and Lin H and Wu Z and Xu F and Zhuang Z and Huang C,https://pubmed.ncbi.nlm.nih.gov/40182308/,,,,"To explore the early quality of life (QOL), function, and pain of patients with ecchymosis after total knee arthroplasty (TKA) using Patient-Reported Outcome Measures (PROMs), and to investigate the incidence of post-TKA ecchymosis and its potential risk factors under anticoagulant therapy. This single-center observational study included patients who underwent TKA at our center from June 2022 to June 2023. Data on demographic information, surgical details, pre-operative and post-operative laboratory results, imaging data, etc., were collected. Patients were divided into two groups based on the presence or absence of ecchymosis after TKA: the ecchymosis group and the non-ecchymosis group. Patients' QOL postoperatively was assessed using Visual Analog Scale (VAS), Hospital for Special Surgery (HSS) score, and Rand 36-Item Short Form Health Survey (SF-36). A binary logistic regression model was employed to analyze the risk factors for post-TKA ecchymosis. A total of 138 participants were included, 15 males and 123 females, with a mean age of 67.91 ± 7.24 years and BMI of 25.57 ± 3.85 kg/m2. There were 60 cases in the ecchymosis group and 78 cases in the non-ecchymosis group, resulting in an incidence of post-TKA ecchymosis of 43.48%. The ecchymosis group demonstrated more significant pain and poorer joint function postoperatively, with significantly lower scores in the SF-36 dimensions and 7 subdomains compared to the non-ecchymosis group. Regression analysis suggested that age may be a risk factor for post-TKA ecchymosis. The incidence of ecchymosis after TKA is high under anticoagulant therapy, leading to increased pain sensitivity, decreased function, and quality of life in patients. Age may be a risk factor for early post-TKA ecchymosis. Incorporating information on ecchymosis into preoperative education and providing appropriate psychological interventions for patients experiencing ecchymosis may be necessary.","RAYYAN-INCLUSION: {""Dhruv ""=>""Included""}",,,,
rayyan-637106571,Anterior total hip arthroplasty is associated with lower risk of revision but higher odds of delayed wound healing.,2025,1,1,Archives of orthopaedic and trauma surgery,,,,,Sarhan OA and Imam N and Levine HB and Redfern RE and Ren AN and Seidenstein AD and Klein GR,https://pubmed.ncbi.nlm.nih.gov/40167818/,,,,"The direct anterior approach (DAA) to total hip arthroplasty (THA) has increased in popularity, given the potential for improved post-operative recovery. Patient selection is cited as a factor in complication rates compared to the posterior approach (PA). We compared complications by approach, controlling for relevant baseline characteristics. This is a secondary data analysis from a prospective cohort patient study prescribed a smartphone-based care management platform following THA. Baseline patient characteristics were collected pre-operatively and included in logistic regression models investigating the impact of surgical approach with THA-related adverse events including intraoperative periprosthetic fracture, delayed wound healing, and revision surgery. In total, 1722 patients were included in analysis; 664 (37.4%) underwent THA via DAA. Pre-operative characteristics including age, HOOS JR, and sex were similar between approach groups, patients undergoing anterior THA had lower comorbidities (p = 0.04) and BMI (p = 0.015). Considering baseline characteristics, anterior approach was associated with reduced odds of revision (OR 0.37, 95%CI 0.12-0.90, p = 0.045). Delayed wound healing occurred more frequently in the anterior approach (OR 3.03, 95%CI 1.39-6.97, p = 0.006), and was associated with BMI (OR 1.10, 95% CI 1.04-1.17, p = 0.002). This data demonstrated the DAA was associated with lower odds of revision and an increased risk of delayed wound healing. These must be considered when determining the surgical approach, particularly given the effects of BMI on wound healing.","RAYYAN-INCLUSION: {""Dhruv ""=>""Included""}",,,,
rayyan-637106572,Can a Large Language Model Interpret Data in the Electronic Health Record to Infer Minimum Clinically Important Difference Achievement of Knee Osteoarthritis Outcome Score-Joint Replacement Score Following Total Knee Arthroplasty?,2025,1,1,The Journal of arthroplasty,,,,,Zalikha L and Hong TS and Small EA and Constant M and Harris AHS and Giori NJ,https://pubmed.ncbi.nlm.nih.gov/40139476/,,,,"Obtaining total knee arthroplasty patient-reported outcomes for quality assessment is costly and difficult. We asked whether a large language model (LLM) could interpret electronic health record notes to differentiate patients attaining a 1-year minimum clinically important difference (MCID) for the Knee Osteoarthritis Outcome Score-Joint Replacement (KOOS-JR) from those who did not. We also investigated whether sufficient information to infer MCID achievement exists in the chart by having a blinded orthopaedic surgeon make the same determination. In this retrospective case-control study, we selected 40 total knee arthroplasty patients who achieved 1-year KOOS-JR MCID and 40 who did not. Orthopaedic, emergency medicine, and primary care notes from zero to six months preoperatively and nine to 15 months postoperatively were deidentified. ChatGPT 3.5 (ChatGPT) interpreted these notes to determine whether the patient improved after surgery. A blinded orthopaedic surgeon classified these patients using all chart information. The sensitivity, specificity, and accuracy of ChatGPT and the surgeon's responses were calculated. ChatGPT classified 78 of 80 cases with 97% sensitivity, but only 33% specificity. The surgeon's assessment had 90% sensitivity and 63% specificity. Given the equal distribution of patients meeting or not meeting MCID, Chat GPT's accuracy was 65%. The surgeon's was 76%. ChatGPT's assessment of KOOS-JR MCID attainment had 97% sensitivity, but only 33% specificity. False positives were commonly due to the LLM not having access to, or not properly interpreting, signs of problems in the chart. This was an initial evaluation of the current ability of a general-purpose LLM to evaluate patient outcomes based on information in chart notes. An orthopaedic surgeon's assessment of the full chart suggests an opportunity to improve on this baseline performance, possibly enabling quality monitoring and identification of best practices across a large health care system. Additional work is needed to optimize model performance and confirm the utility of this approach.","RAYYAN-INCLUSION: {""Dhruv ""=>""Included""}",,,,
rayyan-637106574,Age and waist circumference as key determinants of postoperative thrombosis and squatting recovery after unicompartmental knee arthroplasty.,2025,1,1,Aging clinical and experimental research,,,,,Cao X and Wang M and Zhao Z and Kong T,https://pubmed.ncbi.nlm.nih.gov/40106047/,,,,"Thrombosis is a common postoperative complication after unicompartmental knee arthroplasty (UKA), and the ability to squat is an important functional outcome reflecting recovery of knee function. This study aimed to investigate the factors influencing postoperative thrombosis as well as the ability to squat within 1 year after UKA. Data from UKA patients were retrospectively analyzed and grouped based on the occurrence of thrombosis (including deep vein thrombosis and superficial vein thrombosis) and the ability to squat within 1 year. Factors affecting thrombosis and squatting were compared and analyzed using multifactorial logistic regression. Univariate analysis revealed that age (P = 0.014), pre-operative haemoglobin (P = 0.044), and gender (P = 0.047) were associated with thrombosis, while multifactorial analysis found age (P = 0.024) as the key factor. Regarding squatting ability, univariate analysis identified age (P = 0.018), body weight (P = 0.001), BMI (P = 0.001), waist circumference (P < 0.001), pre-operative VAS score (P = 0.002), and family living conditions (P = 0.019) as influencing factors, with multifactorial analysis identifying waist circumference (P = 0.002) as a significant factor. Older age increases the likelihood of thrombosis after UKA. Additionally, a larger waist circumference decreases the likelihood of squatting within 1 year after surgery.","RAYYAN-INCLUSION: {""Dhruv ""=>""Included""}",,,,
rayyan-637106576,Risk Factors and Thresholds for Minimal Clinically Important Difference in Worsening after Unicompartmental Knee Arthroplasty.,2025,1,1,The journal of knee surgery,,,,,Lim PL and Gonzalez MR and Bedair HS and Melnic CM,https://pubmed.ncbi.nlm.nih.gov/40068918/,,,,"The rising demand for unicompartmental knee arthroplasty (UKA) in the United States has led to high 1-year patient satisfaction rates. However, some patients experience substantial declines in patient-reported outcome measures (PROMs) postoperatively, which we refer to as ""minimal clinically important difference for worsening"" (MCID-W). We sought to define MCID-W values for specific PROMs and identify risk factors associated with PROMIS Physical Function Short Form 10a (PROMIS PF-10a) declines after UKA. We conducted a retrospective study of 760 patients undergoing UKA at our institution between 2016 and 2023. Preoperative and postoperative PROMIS PF-10a, PROMIS global physical, and knee injury and osteoarthritis outcome score-physical function short-form (KOOS-PS) scores were collected. Patients were stratified upon reaching minimal clinically importance difference for improvement (MCID-I), MCID-W, or ""no significant change"" (score between MCID-W and MCID-I). MCID-W and MCID-I values were determined using a distribution-based method. Logistic regression was performed to identify risk factors for scoring below MCID-W. We established the following MCID-I and MCID-W thresholds: PROMIS PF-10a (+3.00 and -1.64), KOOS-PS (+6.25 and -3.42), and PROMIS Global-Physical (+2.72 and -1.55). Bivariate analysis revealed differences in terms of revision (p = 0.02), reoperation (p = 0.03), postoperative complications (p = 0.002), deep venous thrombosis (DVT; p < 0.001), and pneumonia (p = 0.01) between cohorts. Body mass index >35 (odds ratio [OR] = 2.49), postoperative complications (OR = 5.09), pneumonia (OR = 22.39), DVT (OR = 9.27), and preoperative PROMIS PF-10a scores (OR = 1.07) were risk factors for scoring below the MCID-W threshold, whereas age > 80 (OR = 2.89) and preoperative PROMIS PF-10a scores (OR = 1.05) were risk factors for failing to achieve MCID-I. Our study established MCID-W values for pivotal PROMs after primary UKAs. We found that 8.8% of patients scored below MCID-W, highlighting the need to improve patient selection and perioperative care in UKA.","RAYYAN-INCLUSION: {""Dhruv ""=>""Included""}",,,,
rayyan-637106577,The Chitranjan S. Ranawat Award: Factors That Predict Outcome Five Years Following Total Knee Arthroplasty.,2025,1,1,The Journal of arthroplasty,,,,,Ayers DC and Zheng H and Yang W and Yousef M,https://pubmed.ncbi.nlm.nih.gov/40068725/,,,,"Previous reports have identified several potential predictors of pain and function after total knee arthroplasty (TKA). However, the results of these studies are conflicting, and most have a short follow-up after TKA. The purpose of this study was to identify factors predictive of pain and function five years after TKA. A multicenter cohort of 3,688 primary unilateral TKA patients from a comparative effectiveness consortium was enrolled. Demographic data, medical, and musculoskeletal comorbidities, and patient-reported outcome measures were collected preoperatively and postoperatively at five years, including the short-form health survey 36-item (SF-36) and the Knee Disability and Osteoarthritis Outcome Score (KOOS) pain and activities of daily living (ADL) function scores. Multivariate regression models with a 95% confidence interval were used to identify independent predictors of KOOS pain and function scores at five years. The analysis identified the factors that were independently predictive for KOOS pain score at five years as follows: age, insurance, race, Charlson comorbidity index, back pain, number of other painful hip and knee joints, contralateral knee pain, preoperative SF-36 mental component summary, and baseline KOOS pain scores. For KOOS ADL, the following predictive factors were identified: age, body mass index, insurance, race, Charlson comorbidity index, back pain, number of other painful joints, contralateral knee pain, ipsilateral hip pain, preoperative SF-36 mental component summary, and physical component summary scores, and baseline KOOS ADL scores. We have identified the factors that each independently predict less improvement in pain and function five years after TKA. These potentially modifiable factors, such as musculoskeletal comorbidities, can be targeted with preoperative patient optimization programs to improve patient outcomes and patient satisfaction after primary TKA. Knowledge of these factors that predict less improvement in pain and function can assist the surgeon and patient during shared decision-making and in setting appropriate patient expectations preoperatively.","RAYYAN-INCLUSION: {""Dhruv ""=>""Included""}",,,,
rayyan-637106578,Readmission Within 90 Days After Primary THA Is Associated With Decreased Improvement in 1-Year Patient-reported Outcome Measures and Increased Reoperation Rates.,2025,1,1,Clinical orthopaedics and related research,,,,,Khan ST and Pasqualini I and Jin Y and Klika AK and Piuzzi NS and the Cleveland Clinic Arthroplasty Group,https://pubmed.ncbi.nlm.nih.gov/40035815/,,,,"Readmissions after THA can negatively impact patients, increase healthcare utilization, and subsequently increase costs. However, there is little to demonstrate whether readmission after THA is associated with poorer results in outcomes that matter to patients, such as pain relief, restoration of function, or activities of daily living. Moreover, the impact of medical-related readmissions compared with orthopaedic-related readmissions on postoperative outcomes is currently unknown. Are patients readmitted within 90 days of an index THA less likely to achieve a minimum clinically important difference (MCID) or patient acceptable symptom state (PASS) threshold in postoperative patient-reported outcome measures (PROMs) compared with those who are not readmitted? (2) Is the cause of readmission within 90 days (medical or orthopaedic) associated with a lower likelihood of achieving either MCID or PASS thresholds 1 year after THA? (3) How does 90-day readmission compare with other patient-specific factors associated with a lower likelihood of attaining either MCID or PASS? (4) Are patients readmitted within 90 days more likely to undergo further surgery? Between January 2016 and December 2020, we treated 11,026 patients with primary THA at a large tertiary academic center. Patients undergoing nonelective (n = 551) and bilateral THAs (n = 1582) were excluded, leaving 8893 for final analysis here. Of these, 2476 patients were lost to follow-up and thus not included in the 1-year PROMs analysis, but they remained included in the study overall. Data for each patient were extracted from a validated longitudinally maintained institutional database. The mean ± SD age of patients was 65 ± 11.5 years, 57% were women, and 86% self-reported as White. Readmissions were individually reviewed and grouped into medical-related or orthopaedic-related causes based on the primary cause. Multivariable logistic regression models were used to investigate the association of 90-day readmission with 1-year PROMs. Overall, 6% (502 of 8893) were readmitted within 90 days, with 75% (377 of 502) being medically related and 25% (125 of 502) being orthopaedically related readmissions. PROM scores were obtained preoperatively and at 1 year after each of the THAs and included Hip Disability and Osteoarthritis Outcome Score (HOOS) pain, physical function, and joint replacement scores, as well as the Veterans Rand 12-Item Health Survey mental component summary score. Each was scored from 0 to 100, with higher scores representing better patient-perceived outcomes. Anchor-based MCID (HOOS pain 33, HOOS physical function 34, and HOOS joint replacement 18) and PASS thresholds (HOOS pain 80.6, HOOS physical function 83.6, and HOOS joint replacement 76.8) were utilized. Patients readmitted within 90 days of an index THA were less likely to achieve the MCID in HOOS joint replacement (OR 1.5 [95% confidence interval (CI) 1.1 to 2.06]; p = 0.01). Similarly, compared with patients who were not readmitted, readmitted patients were less likely to achieve PASS thresholds in HOOS pain (OR 1.37 [95% CI 1.07 to 1.77]; p = 0.01) and HOOS joint replacement (OR 1.4 [95% CI 1.05 to 1.92]; p = 0.02). Patients readmitted for orthopaedic causes compared with those not readmitted were less likely to achieve the MCID in HOOS joint replacement (OR 2.59 [95% CI 1.56 to 4.31]; p < 0.001) and the PASS threshold in HOOS pain (OR 1.79 [95% 1.12 to 2.86]; p = 0.02) and HOOS joint replacement (1.76 [95% CI 1.06 to 2.93]; p = 0.03) at 1 year. However, patients readmitted for medical causes, compared with patients who were not readmitted, were not less likely to achieve MCID or PASS thresholds in any of the HOOS subscales. The 90-day readmission (Akaike information criterion [AIC] increase 14.1) was the sixth most important variable influencing the likelihood of not achieving the MCID in HOOS joint replacement, following PROM phenotype (AIC 265), opioid use (Narx score), smoking, insurance, and race. Similarly, 90-day readmission ranked as the seventh and sixth most important variable for not achieving PASS thresholds in HOOS pain (AIC increase 7.5) and HOOS joint replacement (AIC increase 8.3), respectively. Patients readmitted within 90 days were more likely to undergo further surgery compared with those who were not readmitted (20.3% versus 0.04%; p < 0.001). Although medical-related readmissions are more frequent after THA, patients readmitted for orthopaedic causes are less likely to perceive meaningful improvements in pain relief and hip function at 1 year. Surgeons can reassure patients readmitted for medical reasons that their long-term symptom relief and functional recovery remain achievable. These findings highlight the importance of specifically identifying patients at higher risk of orthopaedic-related readmissions and implementing personalized preoperative optimization strategies tailored to their specific risk factors to reduce the chance of complications that may lead to readmission. Future studies should focus on identifying optimal management strategies for readmitted patients to ensure that they continue to perceive substantial benefits in their hip symptoms and function after surgery. Level III, therapeutic study.","RAYYAN-INCLUSION: {""Dhruv ""=>""Included""}",,,,
rayyan-637106579,Leveraging machine learning for duration of surgery prediction in knee and hip arthroplasty - a development and validation study.,2025,1,1,BMC medical informatics and decision making,,,,,Langenberger B and Schrednitzki D and Halder A and Busse R and Pross C,https://pubmed.ncbi.nlm.nih.gov/40033378/,,,,"Duration of surgery (DOS) varies substantially for patients with hip and knee arthroplasty (HA/KA) and is a major risk factor for adverse events. We therefore aimed (1) to identify whether machine learning can predict DOS in HA/KA patients using retrospective data available before surgery with reasonable performance, (2) to compare whether machine learning is able to outperform multivariable regression in predictive performance and (3) to identify the most important predictor variables for DOS both in a multi- and single-hospital context. eXtreme Gradient Boosting (XGBoost) and multivariable linear regression were used for predictions. Both models were applied to both the whole dataset which included multiple hospitals (3,704 patients), and a single-hospital dataset (1,815 patients) of the hospital with the highest case-volumes of our sample. Data was split into training (75%) and test data (25%) for both datasets. Models were trained using 5-fold cross-validation (CV) on the training datasets and applied to test data for performance comparison. On test data in the multi-hospital setting, the mean absolute error (MAE) was 12.13 min (HA) / 13.61 min (KA) for XGBoost. In the single-hospital analysis, performance on test data was MAE 10.87 min (HA) / MAE 12.53 min (KA) for XGBoost. Predictive ability of XGBoost was tended to be better than of regression in all setting, however not statistically significantly. Important predictors for XGBoost were physician experience, age, body mass index, patient reported outcome measures and, for the multi-hospital analysis, the hospital. Machine learning can predict DOS in both a multi-hospital and single-hospital setting with reasonable performance. Performance between regression and machine learning differed slightly, however insignificantly, while larger datasets may improve predictive performance. The study found that hospital indicators matter in the multi-hospital setting despite controlling for various variables, highlighting potential quality differences between hospitals. The study was registered at the German Clinical Trials Register (DRKS) under DRKS00019916.","RAYYAN-INCLUSION: {""Dhruv ""=>""Included""}",,,,
rayyan-637106580,Artificial intelligence and machine learning in knee arthroplasty.,2025,1,1,The Knee,,,,,Rodriguez HC and Rust BD and Roche MW and Gupta A,https://pubmed.ncbi.nlm.nih.gov/40022960/,,,,"Artificial intelligence (AI) and its subset, machine learning (ML), have significantly impacted clinical medicine, particularly in knee arthroplasty (KA). These technologies utilize algorithms for tasks such as predictive analytics and image recognition, improving preoperative planning, intraoperative navigation, and postoperative complication anticipation. This systematic review presents AI-driven tools' clinical implications in total and unicompartmental KA, focusing on enhancing patient outcomes and operational efficiency. A systematic search was conducted across multiple databases including Cochrane Central Register of Controlled Trials, Embase, OVID Medline, PubMed, and Web of Science, following the PRISMA guidelines for studies published in the English language till March 2024. Inclusion criteria targeted adult human models without geographical restrictions, specifically related to total or unicompartmental KA. A total of 153 relevant studies were identified, covering various aspects of ML application for KA. Topics of studies included imaging modalities (n = 28), postoperative primary KA complications (n = 26), inpatient status (length of stay, readmissions, and cost) (n = 24), implant configuration (n = 14), revision (n = 12), patient-reported outcome measures (PROMs) (n = 11), function (n = 11), procedural communication (n = 8), total knee arthroplasty/unicompartmental knee arthroplasty prediction (n = 6), outpatient status (n = 4), perioperative efficiency (n = 4), patient satisfaction (n = 3), opioid usage (n = 3). A total of 66 ML models were described, with 48.7% of studies using multiple approaches. This review assesses ML applications in knee arthroplasty, highlighting their potential to improve patient outcomes. While current algorithms and AI show promise, our findings suggest areas for enhancement in predictive performance before widespread clinical adoption.","RAYYAN-INCLUSION: {""Dhruv ""=>""Included""}",,,,
rayyan-637106581,"Can Robot-Assisted Total Hip Arthroplasty Improve the Incidence of Self-Reported Leg-Length Discrepancy? A Multicenter, Propensity Score Matching Comparative Study.",2025,1,1,The Journal of arthroplasty,,,,,Zhang J and Tian H and Shi Z and Wang K and Yang P and Tian R,https://pubmed.ncbi.nlm.nih.gov/40015382/,,,,"Patients often report leg-length discrepancy (LLD) after total hip arthroplasty (THA). The factors behind self-reported LLD (sLLD) are unclear. Robot-assisted THA (RA-THA) offers improved precision, but its effect on sLLD has not been well studied. This study aimed to assess RA-THA's benefits in reducing sLLD and identify impacting factors. Patients who underwent RA-THA or conventional THA (CON-THA) at three Chinese hospitals were reviewed. Propensity score matching was used to match the RA-THA and CON-THA groups by preoperative data. Initially, 215 patients were enrolled; nine were excluded. The RA-THA group had 102 patients, and the CON-THA group had 104. After propensity score matching, 74 patients remained in each group. Postoperative outcomes, including imaging data, clinical scores, and sLLD, were compared. Patients were categorized by whether the measured LLD (mLLD) postsurgery was less than 10 mm. Disparities in data and surgical methods were compared. Univariate and multivariate logistic regression analyses identified sLLD predictors. The RA-THA group showed better postoperative mLLD, cup anteversion, inclination, and offset discrepancy, but no significant differences in sLLD at 3 years. The RA-THA percentage was higher in the mild LLD group (59.4%) and lower in the severe LLD group (32.7%). Patients who had mild LLD had a lower proportion of sLLD at 3 years. Logistic regression identified preoperative mLLD, preoperative Harris Hip Score (HHS), postoperative mLLD, and postoperative HHS as significant predictors of sLLD. The RA-THA may not significantly reduce sLLD. Key predictors of sLLD included preoperative mLLD, preoperative HHS, postoperative mLLD, and postoperative HHS, highlighting the need for thorough preoperative assessment and patient education for better outcomes and satisfaction.","RAYYAN-INCLUSION: {""Dhruv ""=>""Included""}",,,,
rayyan-637106582,Satisfactory 10-year survivorship of medial opening wedge high tibial osteotomy for isolated medial compartment osteoarthritis and varus alignment: An analysis from a high-volume institution.,2025,1,1,"Knee surgery, sports traumatology, arthroscopy : official journal of the ESSKA",,,,,Ayet CAB and Mancino F and Lim YP and Qian K and Jacob G and Parker DA,https://pubmed.ncbi.nlm.nih.gov/39976154/,,,,"Medial opening wedge high tibial osteotomy (MOWHTO) is a reliable joint-preserving surgical procedure for isolated medial compartment knee osteoarthritis (OA) and overload. The aim of this study was to evaluate the long-term survivorship and clinical outcomes of patients undergoing MOWHTO and to identify the risk factors associated with an increased risk of failure. This was a retrospective study of prospectively collected patients who underwent MOWHTO for isolated medial OA and overload between 2002 and 2023. Clinical outcomes were evaluated using the Knee Injury and Osteoarthritis Outcome Score (KOOS) and Tegner activity score. Radiographic analysis included hip-knee-ankle (HKA) angle and medial proximal tibial angle (MPTA). Survivorship was intended from conversion to total knee arthroplasty (TKA). Logistic regression was used to identify risk factors, and p values < 0.05 were considered significant. Four hundred thirty-one patients who underwent MOWHTO were included for analysis. Males were 82.5%, and the mean age was 49.1 ± 8.0 years. The KOOS increased in any subsection at mean 5.7 ± 4.5 years of follow-up (p < 0.001). Complication rate was 35.9% and reoperation rate was 25.5% at mean 9.6 years of follow-up. Removal of metal hardware due to pain and/or discomfort was the main cause of reoperation in 22% of the patients. The cumulative rate of conversion to TKA at 5 years was 2.2%, at 10 years 17.8% and at 15 years 37.1%. Age (odds ratio [OR]: 1.05, p = 0.017), wedge thickness (OR: 1.08, p = 0.015), medial femoral condyle OA (OR: 3.41, p = 0.029), medial tibial plateau OA (OR: 2.04, p = 0.044), post-operative HKA (OR: 1.25, p = 0.031) and post-operative MPTA (OR: 1.26, p = 0.04) were associated with an increased risk of failure. MOWHTO yields satisfactory 10-year survivorship in patients with medial compartment isolated knee OA and overload. Age, preoperative stage of OA, cartilage wear and post-operative alignment are relevant patient-related risk factors for reduced survivorship. Level III, retrospective cohort study.","RAYYAN-INCLUSION: {""Dhruv ""=>""Included""}",,,,
rayyan-637106583,Construction of a risk prediction model to identify potential risk factors for the development of delirium after total hip arthroplasty.,2024,1,1,Medicine,,,,,Cheng YC,https://pubmed.ncbi.nlm.nih.gov/39969388/,,,,"The aim was to investigate the factors associated with the development of delirium after total hip arthroplasty and to develop a predictive model. The clinical data of 320 patients who underwent total hip arthroplasty between January 2021 and December 2023 were retrospectively analyzed, and 72 cases were classified as the delirium group and 248 cases were classified as the no delirium group based on the occurrence of delirium after surgery. One-way ANOVA was used to compare the differences in basic information between the 2 groups; statistically significant indicators were included in the binary logistic regression model to analyze in depth the associated factors affecting postoperative delirium after total hip arthroplasty and to construct a prediction framework. Binary logistic regression analysis revealed that age, history of chronic obstructive pulmonary disease, femoral neck fracture, duration of surgery, intraoperative bleeding, C-reactive protein level at 4 hours postoperatively, postoperative hypoxemia, resuscitation time (≥1 hour), postoperative pain scores (≥4), nutritional deficits, sleep disorders, and cognitive deficits were all significant risk factors for the occurrence of delirium after total hip arthroplasty significant risk factors for delirium after total hip arthroplasty. The prediction model constructed based on these factors had an overall prediction accuracy of 99.7%, and the Hosmer-Lemeshow test confirmed that the model had a good fit. The area under the curve of the model was 0.992 as internally validated by Bootstrap method, which proved that the accuracy of the constructed model was strong. Age, history of chronic obstructive pulmonary disease, femoral neck fracture, duration of surgery, intraoperative bleeding, 4-hour postoperative C-reactive protein level, postoperative hypoxemia, resuscitation time (≥1 hour), postoperative pain score (≥4), nutritional disorders, sleep disorders, and cognitive dysfunctions were risk factors for delirium after total hip arthroplasty, and the risk prediction model constructed based on this demonstrated excellent stability and prediction ability.","RAYYAN-INCLUSION: {""Dhruv ""=>""Included""}",,,,
rayyan-637106584,Risk factors and predictive model for acute postoperative pain after hip and knee arthroplasty.,2024,1,1,Medicine,,,,,Chen W and Chen W and Wan W,https://pubmed.ncbi.nlm.nih.gov/39969304/,,,,"This study aims to identify key factors influencing acute postoperative pain (APP) following hip and knee arthroplasty, and to develop a predictive model to optimize pain management. The study included 492 patients who underwent hip or knee replacement surgery at our institution from July 2021 to July 2024. Preoperative, intraoperative, and postoperative data were collected. Least Absolute Shrinkage and Selection Operator regression and multivariate logistic regression analyses were utilized to identify factors significantly associated with the occurrence of APP. The findings indicated that factors such as body mass index, diabetes, history of long-term use of analgesics, preoperative Visual Analogue Scale scores, Pain Catastrophizing Scale scores, duration of surgery, and intraoperative blood loss were closely linked to the occurrence of APP. Additionally, the preoperative use of prophylactic analgesics, postoperative use of analgesic pumps, and implementation of nerve blocks significantly reduced the risk of APP. This study identified several factors closely related to APP after hip and knee arthroplasty and provided a basis for postoperative pain management through the developed predictive model. The research underscores the importance of comprehensive preoperative assessment and the implementation of targeted pain prevention measures. Future studies are recommended to expand the sample size and include multiple centers to enhance the generalizability and practicality of these findings.","RAYYAN-INCLUSION: {""Dhruv ""=>""Included""}",,,,
rayyan-637106585,Preoperatively predicting failure to achieve the minimum clinically important difference and the substantial clinical benefit in patient-reported outcome measures for total hip arthroplasty patients using machine learning.,2025,1,1,BMC musculoskeletal disorders,,,,,Park J and Zhong X and Miley EN and Gray CF,https://pubmed.ncbi.nlm.nih.gov/39953514/,,,,"Attention to the collection of patient-reported outcomes measures (PROMs) associated with total hip arthroplasty (THA) is growing. The aim of this study was to preoperatively predict failure to achieve the minimal clinically important difference (MCID) and substantial clinical benefit (SCB) between pre- and postoperative PROMs. In addition, we sought to identify factors predictive of failure to achieve MCID and SCB in patients undergoing a THA. A retrospective query of the electronic health record data was performed at a single institution. Outcomes of interest were the anchor-based MCID, the distribution-based MCID, and the SCB for the Hip Disability and Osteoarthritis Outcome Score for Joint Replacement. Several machine learning models were built for each outcome and were evaluated by areas under the receiver operating characteristic curve and the precision-recall curve. Furthermore, logistic regression models were used to identify significant risk factors. Of the 857 patients who underwent THA, 350 patients completed both pre- and postoperative surveys. Of the final sample (i.e., 350 patients), 56 (16.0%), 29 (8.3%), and 71 (20.3%) failed to reach the anchor-based (i.e., 17.7 points) and distribution-based (10.6 points) MCIDs and the SCB (i.e., 22.0 points). The machine learning model performances were far beyond the baseline and comparable to the ones in existing studies, suggesting reliability in the prediction. Two shared factors associated with the failure in both the MCIDs and the SCB were highlighted: a patient's race and pre-existing mental illness. Understanding the risk factors of failing to meet MCID and SCB may provide a more objective opportunity to quantify patient and surgeon expectations associated with THA. Our findings call stakeholders' particular attention to patients with preoperative mental disorders, and raise further questions regarding the impact of race, in the care of patients with degenerative hip disease.","RAYYAN-INCLUSION: {""Dhruv ""=>""Included""}",,,,
rayyan-637106587,Deep learning-based clustering for endotyping and post-arthroplasty response classification using knee osteoarthritis multiomic data.,2025,1,1,Annals of the rheumatic diseases,,,,,Rockel JS and Sharma D and Espin-Garcia O and Hueniken K and Sandhu A and Pastrello C and Sundararajan K and Potla P and Fine N and Lively SS and Perry K and Mahomed NN and Syed K and Jurisica I and Perruccio AV and Rampersaud YR and Gandhi R and Kapoor M,https://pubmed.ncbi.nlm.nih.gov/39948003/,,,,"Primary knee osteoarthritis (KOA) is a heterogeneous disease with clinical and molecular contributors. Biofluids contain microRNAs and metabolites that can be measured by omic technologies. Multimodal deep learning is adept at uncovering complex relationships within multidomain data. We developed a novel multimodal deep learning framework for clustering of multiomic data from 3 subject-matched biofluids to identify distinct KOA endotypes and classify 1-year post-total knee arthroplasty (TKA) pain/function responses. In 414 patients with KOA, subject-matched plasma, synovial fluid, and urine were analysed using microRNA sequencing or metabolomics. Integrating 4 high-dimensional datasets comprising metabolites from plasma and microRNAs from plasma, synovial fluid, or urine, a multimodal deep learning variational autoencoder architecture with K-means clustering was employed. Features influencing cluster assignment were identified and pathway analyses conducted. An integrative machine learning framework combining 4 molecular domains and a clinical domain was then used to classify Western Ontario and McMaster Universities Arthritis Index (WOMAC) pain/function responses after TKA within each cluster. Multimodal deep learning-based clustering of subjects across 4 domains yielded 3 distinct patient clusters. Feature signatures comprising microRNAs and metabolites across biofluids included 30, 16, and 24 features associated with clusters 1 to 3, respectively. Pathway analyses revealed distinct pathways associated with each cluster. Integration of 4 multiomic domains along with clinical data improved response classification performance, surpassing individual domain classifications alone. We developed a multimodal deep learning-based clustering model capable of integrating complex multifluid, multiomic data to assist in uncovering biologically distinct patient endotypes and enhance outcome classifications to TKA surgery, which may aid in future precision medicine approaches.","RAYYAN-INCLUSION: {""Dhruv ""=>""Included""}",,,,
rayyan-637106588,Geriatric Nutritional Risk Index is a risk factor for long-term decreases in patient-reported outcome measures following total knee arthroplasty.,2025,1,1,Journal of experimental orthopaedics,,,,,Kokubu Y and Kawahara S and Hamai S and Akasaki Y and Sato T and Konishi T and Inoue T and Nakashima Y,https://pubmed.ncbi.nlm.nih.gov/39944723/,,,,"Total knee arthroplasty (TKA) is an effective treatment for alleviating pain and improving function in patients with end-stage knee osteoarthritis. However, factors influencing long-term patient-reported outcome measures (PROMs) remain underexplored. This study aimed to evaluate the relationship between preoperative nutritional status, specifically the Geriatric Nutritional Risk Index (GNRI), and the long-term decline in PROMs following TKA. We conducted a retrospective cohort study including patients who underwent TKA between 2000 and 2009. PROMs were assessed using the Knee Society Score (KSS) at two time points: an initial evaluation in 2012 (median postoperative 4 years) and a follow-up in 2023 (median 13 years). Preoperative GNRI, body mass index (BMI), and other demographic and clinical data were collected from medical records. Statistical analysis included paired t-tests and multivariate logistic regression to identify independent risk factors for long-term decline in KSS scores. A total of 75 patients completed follow-up assessments. Over the 11-year follow-up period, there was a significant decrease in the KSS functional activity scores (p < 0.001), with 47 patients experiencing a decline exceeding the minimal clinically important difference. A multivariate analysis revealed low preoperative GNRI (p = 0.0043) as a significant risk factor for long-term decline in PROMs. Preoperative malnutrition, as indicated by a low GNRI, is a significant risk factor for long-term decline in functional outcomes following TKA. These findings highlight the importance of preoperative nutritional interventions and rehabilitation for improving the long-term outcomes of patients undergoing TKA. Level III, retrospective cohort study.","RAYYAN-INCLUSION: {""Dhruv ""=>""Included""}",,,,
rayyan-637106589,Biopsychosocial based machine learning models predict patient improvement after total knee arthroplasty.,2025,1,1,Scientific reports,,,,,Ribbons K and Cochrane J and Johnson S and Wills A and Ditton E and Dewar D and Broadhead M and Chan I and Dixon M and Dunkley C and Harbury R and Jovanovic A and Leong A and Summersell P and Todhunter C and Verheul R and Pollack M and Walker R and Nilsson M,https://pubmed.ncbi.nlm.nih.gov/39929870/,,,,"Total knee arthroplasty (TKA) is an effective treatment for end stage osteoarthritis. However, biopsychosocial features are not routinely considered in TKA clinical decision-making, despite increasing evidence to support their role in patient recovery. We have developed a more holistic model of patient care by using machine learning and Bayesian inference methods to build patient-centred predictive models, enhanced by a comprehensive battery of biopsychosocial features. Data from 863 patients with TKA (mean age 68 years (SD 8), 50% women), identified between 2019 and 2022 from four hospitals in NSW, Australia, was included in model development. Predictive models for improvement in patient quality-of-life and knee symptomology at three months post-TKA were developed, as measured by a change in the Short Form-12 Physical Composite Score (PCS) or Western Ontario and McMasters Universities Osteoarthritis Index (WOMAC), respectively. Retained predictive variables in the quality-of-life model included pre-surgery PCS, knee symptomology, nutrition, alcohol consumption, employment, committed action, pain improvement expectation, pain in other places, and hand grip strength. Retained variables for the knee symptomology model were comparable, but also included pre-surgery WOMAC, pain catastrophizing, and exhaustion. Bayesian machine learning methods generated predictive distributions, enabling outcomes and uncertainty to be determined on an individual basis to further inform decision-making.","RAYYAN-INCLUSION: {""Dhruv ""=>""Included""}",,,,
rayyan-637106590,ChatGPT's role in alleviating anxiety in total knee arthroplasty consent process: a randomized controlled trial pilot study.,2025,1,1,"International journal of surgery (London, England)",,,,,Gan W and Ouyang J and She G and Xue Z and Zhu L and Lin A and Mou W and Jiang A and Qi C and Cheng Q and Luo P and Li H and Zheng X,https://pubmed.ncbi.nlm.nih.gov/39903546/,,,,"Recent advancements in artificial intelligence (AI) like ChatGPT have expanded possibilities for patient education, yet its impact on perioperative anxiety in total knee arthroplasty (TKA) patients remains unexplored. In this single-blind, randomized controlled pilot study from April to July 2023, 60 patients were randomly allocated using sealed envelopes to either ChatGPT-assisted or traditional surgeon-led informed consent groups. In the ChatGPT group, physicians used ChatGPT 4.0 to provide standardized, comprehensive responses to patient queries during the consent process, while maintaining their role in interpreting and contextualizing the information. Outcomes were measured using Hospital Anxiety and Depression Scales (HADS), Perioperative Apprehension Scale-7 (PAS-7), Visual Analogue Scales for Anxiety and Pain (VAS-A, VAS-P), Western Ontario and McMaster Universities Osteoarthritis Index (WOMAC), and satisfaction questionnaires. Of 55 patients completing the study, the ChatGPT group showed significantly lower anxiety scores after informed consent (HADS-A: 10.48 ± 3.84 vs 12.75 ± 4.12, P = .04, Power = .67; PAS-7: 12.44 ± 3.70 vs 14.64 ± 2.11, P = .01, Power = .85; VAS-A: 5.40 ± 1.89 vs 6.71 ± 2.27, P = .02, Power = .75) and on the fifth postoperative day (HADS-A: 8.33 ± 3.20 vs 10.71 ± 3.83, P = .01, Power = .79; VAS-A: 3.41 ± 1.58 vs 4.64 ± 1.70, P = .008, Power = .85). The ChatGPT group also reported higher satisfaction with preoperative education (4.22 ± 0.51 vs 3.43 ± 0.84, P <.001, Power = .99) and overall hospitalization experience (4.11 ± 0.65 vs 3.46 ± 0.69, P = .001, Power = .97). No significant differences were found in depression scores, knee function, or pain levels. ChatGPT-assisted informed consent effectively reduced perioperative anxiety and improved patient satisfaction in TKA patients. While these preliminary findings are promising, larger studies are needed to validate these results and explore broader applications of AI in preoperative patient education.","RAYYAN-INCLUSION: {""Dhruv ""=>""Included""}",,,,
rayyan-637106593,Multidimensional Analysis of Preoperative Patient-Reported Outcomes Identifies Distinct Phenotypes in Total Knee Arthroplasty: Secondary Analysis of the SHARKS Registry in a Public Hospital Department.,2025,1,1,The journal of knee surgery,,,,,McGill R and Scholes C and Torbey S and Calabro L,https://pubmed.ncbi.nlm.nih.gov/39884306/,,,,"Traditional research on total knee arthroplasty (TKA) relies on preoperative patient-reported outcome measures (PROMs) to predict postoperative satisfaction. We aim to identify distinct patient phenotypes among TKA candidates, and investigate their correlations with patient characteristics. Between 2017 and 2021, patients with primary knee cases at a metropolitan public hospital were enrolled in a clinical quality registry. Demographics, clinical data, and the Veterans Rand 12 and Oxford Knee Score were collected. Imputed data were utilized for the primary analysis, employing k-means clustering to identify four phenotypes. Analysis of variance assessed differences in scores between clusters, and nominal logistic regression determined relationships between phenotypes and patient age, sex, body mass index (BMI), and laterality. The sample comprised 389 patients with 450 primary knees. Phenotype 4 (mild symptoms with good mental health) exhibited superior physical function and overall health. In contrast, patients in phenotype 2 (severe symptoms with poor mental health) experienced the most knee pain and health issues. Phenotype 1 (moderate symptoms with good mental health) reported high mental health scores despite knee pain and physical impairment. Patient characteristics significantly correlated with phenotypes; those in the severe symptoms with poor mental health phenotype were more likely to be younger, female, have a higher BMI, and bilateral osteoarthritis (p < 0.05). This multidimensional analysis identified TKA patient phenotypes based on common PROMs, revealing associations with patient demographics. This approach has the potential to inform prognostic models, enhancing clinical decision-making and patient outcomes in joint replacement.","RAYYAN-INCLUSION: {""Dhruv ""=>""Included""}",,,,
rayyan-637106594,Effect of central sensitization on postoperative cognitive dysfunction in total knee arthroplasty patients: a retrospective study.,2024,1,1,Frontiers in neurology,,,,,Yang Q and Li C and Ye M and Zhou X and Li W and Li F,https://pubmed.ncbi.nlm.nih.gov/39882356/,,,,"Postoperative cognitive dysfunction (POCD) is a common complication after total knee arthroplasty (TKA), impacting recovery and quality of life. This study aims to investigate central sensitization (CS) as an independent risk factor for POCD to improve preoperative screening and postoperative interventions. A retrospective analysis was conducted on 142 TKA patients from January 2020 to May 2024 across three hospitals. Data were collected at six time points: preoperatively (T0), intraoperatively (T1), and postoperatively on days 1 (T2), 3 (T3), 7 (T4), and 30 (T5). Patients were classified into CS (CSI ≥ 40) and non-CS (CSI < 40) groups according to Central Sensitization Inventory (CSI) score. Cognitive function and POCD incidence were assessed with the Mini-Mental State Examination (MMSE), and knee recovery with the Knee Injury and Osteoarthritis Outcome Score (KOOS). Logistic regression was used to identified risk factors for POCD. The overall incidence of POCD at T5 was 19.72%, with a significantly higher rate in CS group (30.91%) compared to non-CS group (12.64%) (p = 0.008). MMSE scores declined significantly in both groups at T2 and T3 compared to T0 (p < 0.05), with CS group showing consistently lower scores than non-CS group at T2-T5 (p < 0.05). KOOS scores revealed that CS group had worse pain and quality of life scores at T0, T4, and T5 compared with non-CS group (p < 0.05). Logistic regression revealed that CS, cerebrovascular disease, intraoperative hemorrhage, and preoperative MMSE were associated with the risk of POCD (p < 0.05). CS is a significant risk factor for POCD following TKA, adversely affecting recovery in terms of pain and quality of life. Prospective studies are warranted to validate findings and develop targeted interventions.","RAYYAN-INCLUSION: {""Dhruv ""=>""Included""}",,,,
rayyan-637106598,Mid-term Clinical and Radiographic Outcomes of the Actis Total Hip System: A Retrospective Study.,2025,1,1,Cureus,,,,,Masada Y and Tetsunaga T and Yamada K and Koura T and Inoue T and Okuda R and Tetsunaga T and Yokoyama Y and Okazaki Y and Ozaki T,https://pubmed.ncbi.nlm.nih.gov/39834669/,,,,"Introduction Implant technology for total hip arthroplasty (THA) was developed to improve hip function and patient satisfaction. Actis (DePuy Synthes, Warsaw, IN, USA) is a short fit-and-fill titanium stem, with a medial-collared and triple-taper (MCTT) geometry, that is fully coated with hydroxyapatite (HA). We evaluated the radiographic and clinical outcomes of the Actis Total Hip System during a mean follow-up of five years. Patients and methods We retrospectively analyzed data from 80 patients (14 male and 66 female, mean age: 65 ± 8.4 years) who underwent primary THA using Actis stems (anterolateral approach, 60 hips; posterior approach, 20 hips). Radiographs were obtained postoperatively and at the time of the final examination. Radiographic assessments included the alignment of the femoral stem, spot welds, stress shielding, cortical hypertrophy, subsidence (>2 mm), radiolucent line, pedestal formation, Dorr type, canal fill ratio (CFR), and stem fixation. Clinical evaluation included the Japanese Orthopaedic Association Hip-Disease Evaluation Questionnaire (JHEQ) and Harris Hip Score (HHS). Results The mean follow-up period was 64.0 ± 6.0 months. No significant differences were observed in the alignment of the femoral components between approaches. Of the 80 hips, 53 (66.3%) showed radiographic signs of stem osseointegration, predominantly in the mid-distal region of the stem at the final follow-up. Multiple logistic regression analysis revealed that younger age and a higher CFR (20 mm proximal to the lesser trochanter) were associated with the presence of spot welds. Mild stress shielding occurred in 25 hips (31.3%), and no patient experienced severe stress shielding. All stems were fixed by bone on growth. The JHEQ and HHS significantly improved at the final assessment. Conclusion At the five-year follow-up, patients who received the Actis Total Hip System during THA had good radiographic and clinical outcomes.","RAYYAN-INCLUSION: {""Dhruv ""=>""Included""}",,,,
rayyan-637106601,"Association of Physical Function, Quantity, and Quality of the Quadriceps with Postoperative Physical Activity Before Total Knee Arthroplasty.",2025,1,1,Journal of clinical medicine,,,,,Watabe T and Sengoku T and Sakurai G and Yoshida S and Taniguchi Y,https://pubmed.ncbi.nlm.nih.gov/39797376/,,,,"Background/Objectives: This single-center cohort study investigated preoperative risk factors such as physical function, quantity, and quality of the quadriceps femoris for physical activity (PA) 1 year after total knee arthroplasty (TKA). Methods: This study included 204 patients with knee osteoarthritis who underwent TKA; they were divided into increased and decreased PA groups. Items with significant differences between the two groups in non-operative-side quadriceps strength, knee injury and osteoarthritis outcome scores (KOOS), Sport/Rec scores, operative-side cross-sectional area (CSA) of the vastus medialis (VM), and operative-side computed tomography attenuation values (CTV) of the vastus lateralis (VL) were fitted in the multiple logistic regression analysis. The cutoff value of the preoperative CSA of the VM required for PA to exceed the required points at 1 year postoperatively was calculated using the receiver operating characteristic (ROC) curve. Results: Multivariate logistic regression analysis showed that the non-operative-side quadriceps strength KOOS sport/rec, operative-side CSA of VM, and operative-side CTV of the VL were significantly associated with increased PA after TKA. The ROC-calculated cutoff value was 10.2 cm2. Conclusions: These results suggested that preoperative muscle quantity and quality, particularly in the VM, could play important roles in postoperative PA outcomes after TKA.","RAYYAN-INCLUSION: {""Dhruv ""=>""Included""}",,,,
rayyan-637106602,"Factors Associated With Postoperative Pain Trajectory, Nausea, and Vomiting After Total Knee Arthroplasty: A Retrospective Study.",2025,1,1,The Clinical journal of pain,,,,,Chen TH and Wu CC and Chen JP,https://pubmed.ncbi.nlm.nih.gov/39782064/,,,,"Postoperative pain, nausea, and vomiting (PONV) adversely affect postoperative rehabilitation after total knee arthroplasty (TKA). We aimed to identify factors associated with postoperative pain trajectory and PONV and evaluated the effects of different analgesic modalities. We retrospectively reviewed patients undergoing unilateral primary TKA from 2017 to 2022. Patients received either general or spinal anesthesia. Patient-controlled analgesia (PCA) included patient-controlled epidural analgesia (PCEA) and intravenous analgesia (PCIA). Outcome variables included maximal pain intensity at certain times (before surgery, and 24 h and 48 h after surgery); and incidence of PONV. A generalized estimating equation was used to determine the correlation between PCA usage and longitudinal pain score at 48 hours follow-up after surgery. Multivariable logistic regression analyses were used to evaluate PONV after adjusting for potential confounders. In total, 2510 patients were included in the analyses﻿. Patients without PCA intervention and with higher BMI reported greater acute postoperative pain. Furthermore, women and lower BMI were associated with higher rates of PONV. After adjusting for confounding factors, the PCEA group had a lower pain score than both the no PCA group (β estimate =-0.443, 95% CI= [-0.561 to -0.324], P <0.001) and the PCIA group (mean difference=-0.227, 95% CI = [-0.328 to -0.126], P <0.001). General anesthesia and PCA had no effect on the PONV incidence after TKA. Greater BMI﻿ correlated with higher pain scores but a lower likelihood of PONV. Epidural PCA provided superior acute postoperative analgesia without increasing the incidence of PONV.","RAYYAN-INCLUSION: {""Dhruv ""=>""Included""}",,,,
rayyan-637106603,Estimating time-to-total knee replacement on radiographs and MRI: a multimodal approach using self-supervised deep learning.,2022,1,1,Radiology advances,,,,,Cigdem O and Chen S and Zhang C and Cho K and Kijowski R and Deniz CM,https://pubmed.ncbi.nlm.nih.gov/39744045/,,,,"Accurately predicting the expected duration of time until total knee replacement (time-to-TKR) is crucial for patient management and health care planning. Predicting when surgery may be needed, especially within shorter windows like 3 years, allows clinicians to plan timely interventions and health care systems to allocate resources more effectively. Existing models lack the precision for such time-based predictions. A survival analysis model for predicting time-to-TKR was developed using features from medical images and clinical measurements. From the Osteoarthritis Initiative dataset, all knees with clinical variables, MRI scans, radiographs, and quantitative and semiquantitative assessments from images were identified. This resulted in 895 knees that underwent TKR within the 9-year follow-up period, as specified by the Osteoarthritis Initiative study design, and 786 control knees that did not undergo TKR (right-censored, indicating their status beyond the 9-year follow-up is unknown). These knees were used for model training and testing. Additionally, 518 and 164 subjects from the Multi-Center Osteoarthritis Study and internal hospital data were used for external testing, respectively. Deep learning models were utilized to extract features from radiographs and MR scans. Extracted features, clinical variables, and image assessments were used in survival analysis with Lasso Cox feature selection and a random survival forest model to predict time-to-TKR. The proposed model exhibited strong discrimination power by integrating self-supervised deep learning features with clinical variables (eg, age, body mass index, pain score) and image assessment measurements (eg, Kellgren-Lawrence grade, joint space narrowing, bone marrow lesion size, cartilage morphology) from multiple modalities. The model achieved an area under the curve of 94.5 (95% CI, 94.0-95.1) for predicting the time-to-TKR. The proposed model demonstrated the potential of self-supervised learning and multimodal data fusion in accurately predicting time-to-TKR that may assist physicians to develop personalize treatment strategies.","RAYYAN-INCLUSION: {""Dhruv ""=>""Included""}",,,,
rayyan-637106604,Factors associated with poor hip flexion range of motion after total hip arthroplasty in patients with ankylosing spondylitis: a retrospective study on 538 consecutive hips.,2024,1,1,Journal of orthopaedic surgery and research,,,,,Li L and Fu J and Xu C and Ni M and Chai W and Hao L and Zhou Y and Chen J,https://pubmed.ncbi.nlm.nih.gov/39726010/,,,,"This study aimed to report the mid-term functional outcomes of total hip arthroplasty (THA) for the treatment of advanced hip involvement in ankylosing spondylitis (AS) and identify the factors associated with poor hip flexion range of motion (ROM) after THA in patients with AS. We retrospectively investigated the mid-term functional outcomes in 313 AS patients (538 hips) who underwent primary THA from 2012 to 2017, with a mean follow-up of 7 years (range, 4-9 years). Postoperative functional outcomes were assessed by hip flexion ROM, Harris hip score (HHS), and the Western Ontario and McMaster Universities Arthritis Index (WOMAC). The hips were divided into poor (≤ 90°) and good hip flexion ROM (> 90°) groups based on the degree of hip flexion ROM recorded at the most recent follow-up. We grouped factors related to postoperative hip flexion ROM into three categories: preoperative (or patient-related), intraoperative (or surgery-related), and postoperative factors. Multivariate logistic regression was performed to identify the independent factors associated with postoperative poor hip flexion ROM. The overall flexion-extension ROM improved significantly with a median from 0° (0 ~ 120°) to 100° (30 ~ 130°) after THA (P < 0.001), and the mean HHS increased from 37 to 90 (P < 0.001). There were 102 hips (19%) with a hip flexion ROM of no more than 90°. The poor hip flexion ROM group had significantly lower postoperative HHS and WOMAC than the good hip flexion ROM group (85 ± 6 vs. 91 ± 4, P < 0.001; 63 ± 16 vs. 32 ± 16, P < 0.001). The result of multivariate logistic regression showed that male sex (odds ratio [OR] = 9.42, 95% confidence interval [CI], 1.23 to 72.03), bony ankylosis (OR = 3.02, 95%CI, 1.76 to 5.17), cup anteversion angle (OR = 0.96, 95%CI, 0.93 to 0.98), cup inclination angle (OR = 0.96, 95%CI, 0.93 to 0.99), American Society of Anesthesiologists (ASA) class III (OR = 6.23, 95%CI, 1.83 to 21.70), knee involvement (OR = 7.80, 95%CI, 2.75 to 22.16), and noise (OR = 0.45, 95%CI, 0.25 to 0.81) were independent factors associated with poor hip flexion ROM after THA in patients with AS. Nearly one out of the five hips in patients with AS have a poor hip flexion ROM after THA. Care has to be taken in acetabular component positioning during THA and its effect on the postoperative hip flexion function should be considered in the patients. The optimum treatment strategy is that THA should be performed before ankylosis in patients with AS.","RAYYAN-INCLUSION: {""Dhruv ""=>""Included""}",,,,
rayyan-637106607,Demographic Disparities and Outcomes Following Hip Arthroscopy: Exploring the Impact of Social Determinants of Health in Femoroacetabular Impingement Syndrome.,2024,1,1,The Journal of bone and joint surgery. American volume,,,,,Kazi O and Alvero AB and Castle JP and Vogel MJ and Boden SA and Wright-Chisem J and Nho SJ,https://pubmed.ncbi.nlm.nih.gov/39630138/,,,,"The purpose of this study was to explore the impact of social deprivation on preoperative characteristics and postoperative outcomes following hip arthroscopy (HA) for femoroacetabular impingement syndrome (FAIS). Patients undergoing primary HA for FAIS were identified, and their social deprivation index (SDI) score was assigned on the basis of the provided ZIP code. Quartiles (Q1 to Q4) were established using national percentiles, with Q4 representing patients from the areas of greatest deprivation. Patient-reported outcomes (PROs) were collected preoperatively and at a minimum follow-up of 2 years. Achievement rates for clinically meaningful outcomes, including the minimal clinically important difference (MCID), patient acceptable symptom state (PASS), and substantial clinical benefit (SCB), were determined. The incidences of revision HA and conversion to total hip arthroplasty (THA) were recorded. SDI groups were compared with respect to preoperative characteristics and postoperative outcome measures. Predictors of MCID, PASS, and SCB achievement; revision HA; and conversion to THA were identified with use of multivariable logistic regression. In total, 2,060 hips were included, which had the following SDI distribution: Q1 = 955, Q2 = 580, Q3 = 281, and Q4 = 244. The composition of the included patients with respect to race and/or ethnicity was 85.3% Caucasian, 3.8% African American, 3.7% Hispanic, 1.7% Asian, and 5.4% ""other."" Patients with more social deprivation presented at a later age and with a higher body mass index (BMI), a longer duration of preoperative hip pain, and greater joint degeneration (p ≤ 0.035 for all). The most socially deprived groups had higher proportions of African American and Hispanic individuals, less participation in physical activity, and greater prevalences of smoking, lower back pain, and Workers' Compensation (p ≤ 0.018 for all). PRO scores and achievement of the PASS and SCB were worse among patients from areas of greater social deprivation (p ≤ 0.017 for all). Age, BMI, activity status, race and/or ethnicity classified as ""other,"" SDI quartile, Workers' Compensation, preoperative back pain, duration of preoperative hip pain, and Tönnis grade were independent predictors of clinically meaningful outcome achievement, revision arthroscopy, and/or THA conversion (p ≤ 0.049 for all). Individuals with more social deprivation demonstrated inferior postoperative outcome measures. This was driven primarily by preoperative characteristics such as SDI, hip pain duration, joint degeneration, and overall health at presentation. Despite differential outcomes, patients still showed clinical improvement regardless of SDI quartile. Prognostic Level III. See Instructions for Authors for a complete description of levels of evidence.","RAYYAN-INCLUSION: {""Dhruv ""=>""Included""}",,,,
rayyan-637106610,Machine learning is better than surgeons at assessing unicompartmental knee replacement radiographs.,2025,1,1,The Knee,,,,,Tu SJ and Kendrick S and Saravanan K and Dodd C and Murray DW and Mellon SJ,https://pubmed.ncbi.nlm.nih.gov/39615060/,,,,"Poor results occasionally occur after unicompartmental knee replacement (UKR). It is often difficult, even for experienced surgeons, to determine why patients have poor outcomes from radiographs. The aim was to compare the ability of experienced surgeons and machine learning to predict whether patients had poor or excellent outcomes from radiographs. 924 one-year anterior-posterior radiographs post-UKR were used to train a machine learning model (ResNet50v2) with a transfer learning approach based on their one-year Oxford Knee Score categories. Two experienced surgeons and the model assessed and categorised 70 radiographs (14 Poor scores; 56 Excellent scores) not used for training according to their expected outcome. The ResNet50v2 model correctly identified 71% (n = 10) of the patients with a poor score and 46 (82%) of those with an excellent score. In contrast, one surgeon could not identify patients with Poor scores (0%) and the other identified one (7%). Both misidentified 3 of those with Excellent scores. The model visualisation method suggested that estimated classifications were made from image features around the implants. The results suggest that there are radiographical features that relate to poor outcomes, which the surgeons are unaware of. Those the model did not identify may have an extra-articular cause for their poor outcome. Further analysis to identify the features associated with poor outcomes could potentially suggest ways that indications or techniques could be improved so as to decrease the incidence of poor results.","RAYYAN-INCLUSION: {""Dhruv ""=>""Included""}",,,,
rayyan-637106612,Patient Satisfaction Is Nearly 90% After Total Knee Arthroplasty; We Are Better Than We Were.,2025,1,1,The Journal of arthroplasty,,,,,Singh M and Harary J and Schilling PL and Moschetti WE,https://pubmed.ncbi.nlm.nih.gov/39581239/,,,,"Total knee arthroplasty (TKA) is frequently performed to reduce pain and improve quality of life. Patient satisfaction following TKA is commonly reported at 80%. However, given recent advancements in perioperative management, implants, and operative techniques, new assessments on patient satisfaction are warranted. Patients who underwent unilateral or bilateral TKA between November 2018 and December 2023 and used a web-based home therapy program were included. In total, 1,702 patients with 1,527 (89.7%) reporting satisfaction following TKA were included. Patients were stratified by satisfaction with postoperative outcomes. Univariate analyses were performed on demographics and patient-reported outcomes. Multivariate logistic regression analyses were performed to identify parameters predictive of postoperative satisfaction with TKA. Satisfied patients had higher mean age, body mass index (BMI), and hypertension (all P = 0.05). Throughout the entire cohort, Patient-Reported Outcomes Measurement Information System (PROMIS), Knee Injury and Osteoarthritis Outcome Score Junior (KOOS Jr), and visual analog scale pain scores improved from preoperatively to 1 year postoperatively (P < 0.001). Preoperatively, satisfied patients reported higher PROMIS overall, PROMIS mental, and KOOS Jr scores (all P < 0.05). At one year postoperatively, satisfied patients noted larger improvements in all functional outcomes, thus resulting in better PROMIS overall, PROMIS physical, PROMIS mental, KOOS Jr, and visual analog scale pain scores (all P < 0.001). Multivariate logistic regression analyses revealed that only age (odds ratio = 1.0, P = 0.005) and BMI (odds ratio = 1.0, P = 0.006) were predictive of satisfaction after TKA procedure. In a modern cohort of TKA patients, nearly 90% reported satisfaction following surgery. Satisfied patients had higher preoperative and postoperative functional outcome scores. Older age and BMI were strongly predictive of postoperative satisfaction. Although careful preoperative selection of patients should still be employed, patient satisfaction following TKA may be higher than commonly reported.","RAYYAN-INCLUSION: {""Dhruv ""=>""Included""}",,,,
rayyan-637106613,Association of intra-articular injection and knee arthroscopy prior to primary knee replacement with the timing and outcomes of surgery: Retrospective cohort study using data from the Clinical Practice Research Datalink GOLD database.,2024,1,1,PloS one,,,,,Strang M and Broomfield J and Whitehouse M and Kunutsor S and Glyn-Jones S and Delmestri A and Blom A and Judge A,https://pubmed.ncbi.nlm.nih.gov/39570872/,,,,"Patients with symptomatic knee osteoarthritis may undergo non-surgical interventions such as intra-articular steroid injections and knee arthroscopy. This study aimed to investigate their association with the timing and outcomes of subsequent primary knee replacement. Observational retrospective analysis of linked Clinical Practice Research Datalink, Hospital Episode Statistics, Patient Reported Outcome Measures (CPRD GOLD-HES-PROMS) data of 38,494 patients undergoing primary knee replacements in England. Prior use of intra-articular steroid injections and knee arthroscopy were identified. Hazard ratios (HRs) with 95% CIs were estimated for primary outcomes of revision and reoperation using Cox regression. Secondary outcomes included time from first diagnosis of ipsilateral knee osteoarthritis to knee replacement, 6-month post-operative Oxford Knee Scores (OKS), mortality (90-days and 3-months), and post-operative surgical site infection (SSI) (3-months) using linear and logistic regression. Prior steroid injections were associated with an increased risk of revision (HR = 1.25 95%CI (1.06 to 1.49)), re-operation (HR = 1.18 95%CI (1.05 to 1.32)), and SSI (HR = 3.10 95%CI (1.14 to 8.46). Timing from diagnosis of knee osteoarthritis to knee replacement was 6 months longer in patients receiving steroid injections. Knee arthroscopy was associated with an increased risk of revision (HR = 3.14 95%CI (2.64 to 3.73)), re-operation (HR = 3.25 95%CI (2.89 to 3.66)), lower post-operative OKS -1.63 95%CI (-2.31 to -0.95). Both interventions were associated with a lower risk of mortality. Steroid injection and knee arthroscopy prior to primary knee replacement are each associated with worse outcomes. The observed association of lower mortality risk is suggestive of confounding by indication. The observed associations in this study could be used to inform shared decision making with patients on the treatment pathway for knee osteoarthritis.","RAYYAN-INCLUSION: {""Dhruv ""=>""Included""}",,,,
rayyan-637106614,Utilization of Rehabilitation Services and Rehabilitation-Related Patient Satisfaction Following Total Knee Arthroplasty-Results of the Prospective FInGK Study.,2024,1,1,"Healthcare (Basel, Switzerland)",,,,,Oltmanns J and Jacobs H and Maus U and Ettinger M and Hoffmann F and Seeber GH,https://pubmed.ncbi.nlm.nih.gov/39517312/,,,,"(1) Background: This study aims to examine rehabilitation service utilization among total knee arthroplasty (TKA) subjects and the influencing factors associated with rehabilitation-related satisfaction. (2) Methods: The FInGK study was a single-center prospective cohort study. Patients (≥18 years) undergoing primary or revision TKA in a German university hospital were consecutively recruited between December 2019-May 2021. The subjects filled in a questionnaire one day before surgery (t0) and at two (t1) and 12 (t2) months postoperatively. Multivariable logistic regression was conducted to determine the variables associated with the subjects' rehabilitation-related satisfaction. (3) Results: A total of 236 out of 241 (97.9%) subjects participated in t1 (59.3% female; mean age: 68.2 years). Overall, 94.7% underwent post-TKA rehabilitation measures, with inpatient rehabilitation being the predominant choice (85.4%). In total, 77.6% of those with rehabilitation were satisfied or very satisfied with their rehabilitation in general. Multivariable logistic regression showed that female sex (OR 3.42; CI 1.73-6.75) and satisfaction with the surgery in general after two months (OR 4.50; CI 1.96-10.33) were associated with the subjects' rehabilitation-related satisfaction. (4) Conclusions: We found a high utilization of rehabilitation services following TKA and a high rehabilitation-related satisfaction. In international comparison, the utilization of inpatient rehabilitation services was very high. Future research should investigate the effective components for rehabilitation-related satisfaction in both in- and outpatient TKA rehabilitation.","RAYYAN-INCLUSION: {""Dhruv ""=>""Included""}",,,,
rayyan-637106615,Low-constraint insert with a medial pivot design as a potential predictor of favourable outcomes in cruciate-retaining total knee arthroplasty: A propensity score-matched analysis.,2025,1,1,"Knee surgery, sports traumatology, arthroscopy : official journal of the ESSKA",,,,,Okamoto Y and Saika T and Okayoshi T and Ishitani T and Wakama H and Otsuki S,https://pubmed.ncbi.nlm.nih.gov/39497410/,,,,"The influence of polyethylene insert conformity on the outcomes of cruciate-retaining (CR) total knee arthroplasty (TKA) with a medial pivot design remains uncertain. Therefore, this study aimed to evaluate the effects of polyethylene insert conformity in CR-TKA on patient-reported outcomes. The data of 255 knees (FINE Total Knee System) from 255 patients were retrospectively analysed to compare outcomes for high- or low-constraint medial pivot inserts, as determined through historical controls, over an average follow-up period of 2.2 years (range, 2.0-5.5 years). Multivariate logistic regression analysis was used to identify predictors of achieving the patient-acceptable symptom state (PASS) for the Forgotten Joint Score-12 (FJS-12). Propensity score-matched cohorts for age, sex, body mass index, Kellgren-Lawrence grade, Charlson Comorbidity Index, knee flexion contracture, FJS-12 and follow-up duration were created for between-group comparison (n = 50 in each group). Low-constraint insert (p = 0.031) and age (p = 0.043) were independent predictors of achieving the PASS for the FJS-12 (>33, 153/255). After successful matching, compared to the high-constraint insert, the low-constraint insert improved patient satisfaction (p = 0.029 for pain on going up or downstairs, and p = 0.047 for the function of going upstairs) and increased the likelihood of achieving the minimal clinically important difference (p = 0.019) and PASS (p = 0.025) for the FJS-12. A significant correlation was observed between the posterior tibial slope and the FJS-12 in the low-constraint insert group (p < 0.001), indicating that a greater posterior tibial slope was associated with better functional outcomes in this group. Compared with high-constraint inserts, low-constraint medial pivot inserts yielded higher functional outcomes and patient satisfaction. Therefore, insert conformity may play a crucial role in CR-TKA outcomes. Level III.","RAYYAN-INCLUSION: {""Dhruv ""=>""Included""}",,,,
rayyan-637106616,Artificial intelligence-based analysis of lower limb muscle mass and fatty degeneration in patients with knee osteoarthritis and its correlation with Knee Society Score.,2025,1,1,International journal of computer assisted radiology and surgery,,,,,Kono K and Kinoshita T and Soufi M and Otake Y and Masaki Y and Uemura K and Kutsuna T and Hino K and Miyamoto T and Tanaka Y and Sato Y and Takao M,https://pubmed.ncbi.nlm.nih.gov/39489851/,,,,"Lower-limb muscle mass reduction and fatty degeneration develop in patients with knee osteoarthritis (KOA) and could affect their symptoms, satisfaction, expectation and functional activities. The Knee Society Scoring System (KSS) includes patient reported outcome measures, which is widely used to evaluate the status of knee function of KOA. This study aimed to clarify how muscle mass and fatty degeneration of the lower limb correlate with the KSS in patients with KOA. This study included 43 patients with end-stage KOA, including nine males and 34 females. Computed tomography (CT) images of the lower limb obtained for the planning of total knee arthroplasty were utilized. Ten muscle groups were segmented using our artificial-intelligence-based methods. Muscle volume was standardized by dividing by their height squared. The mean CT value for each muscle group was calculated as an index of fatty degeneration. Bivariate analysis between muscle volume or CT values and KSS was performed using Spearman's rank correlation test. Multiple regression analysis was performed, and statistical significance was set at p  < 0.05. Bivariate analysis showed that the functional activity score was significantly correlated with the mean CT value of all muscle groups except the adductors and iliopsoas. Multiple regression analysis revealed that the functional activities score was significantly associated with the mean CT values of the gluteus medius and minimus muscles and the anterior and lateral compartments of the lower leg (β = 0.42, p = 0.01; β = 0.33, p = 0.038; and β = 0.37, p = 0.014, respectively). Fatty degeneration, rather than muscle mass, in the lower-limb muscles was significantly associated with functional activities score of the KSS in patients with end-stage KOA. Notably, the gluteus medius and minimus and the anterior and lateral compartments of the lower leg are important muscles associated with functional activities.","RAYYAN-INCLUSION: {""Dhruv ""=>""Included""}",,,,
rayyan-637106617,Effect of Race and Socioeconomic Status on the Attainment of Substantial Clinical Benefit on Patient-Reported Outcome Measures Following Total Joint Arthroplasty.,2025,1,1,The Journal of arthroplasty,,,,,Ghoshal S and Liimakka AP and Harary J and Al-Nassir Z and BWH PROMs Workgroup and Chen AF,https://pubmed.ncbi.nlm.nih.gov/39477035/,,,,"Utilization of and access to total joint arthroplasty (TJA) are disproportionately skewed in patients who have low socioeconomic status (SES) and in minority populations. Patient-reported outcome measures (PROMs) are critical markers of post-surgical outcomes following TJA. This study aimed to: 1) evaluate differences in race, SES, and demographic factors between TJA patients who achieved substantial clinical benefit (SCB) and those who did not; 2) assess differences between preoperative PROMs in these patients; and 3) identify whether race and SES are associated with SCB achievement at 1-year post-TJA. This retrospective cohort study included 1,154 total hip arthroplasty (THA) and 1,879 total knee arthroplasty (TKA) patients who underwent surgery at a single academic medical center from May 2019 to February 2023. Preoperative and postoperative PROMs were collected using the Knee Injury and Osteoarthritis Outcome Score for Joint Replacement and Hip Disability and Osteoarthritis Outcome Score for Joint Replacement surveys. Demographic and comorbidity data were collected from charts. Multivariable logistic regression analyzed the association between predictive variables and SCB achievement. No differences in race were found between patients who achieved SCB and those who did not for both TKA and THA (P > 0.05). However, preoperative Knee Injury and Osteoarthritis Outcome Score for Joint Replacement scores were lower in Black (P = 0.004) and Hispanic (P < 0.001) patients and preoperative Hip Disability and Osteoarthritis Outcome Score for Joint Replacement scores were lower in Black patients (P < 0.001) than White patients. A higher proportion of patients in the lowest income category achieved SCB for both THA and TKA than those in other income categories (P = 0.04, P = 0.03, respectively). However, race was not associated with SCB likelihood at one year. For TKA patients, men were negative, and bilateral simultaneous TKA was positively associated with SCB achievement when controlling for race, income, and body mass index (P < 0.001, P = 0.01, respectively). Race and income category were not significantly associated with achieving SCB at one year among TJA patients. However, non-White patients had a similar likelihood of achieving SCB as White patients, even with lower preoperative PROMs, indicating that these patients may benefit greatly from TJA despite delays in care. Men were negatively associated with TKA SCB achievement, while bilateral simultaneous TKA was positively associated with SCB.","RAYYAN-INCLUSION: {""Dhruv ""=>""Included""}",,,,
rayyan-637106620,"WOMAC, Kujala Score, and Knee Injury and Osteoarthritis Outcome Score for Quality of Life Thresholds for Predicting Increased and Decreased Likelihood of Failure to Improve Quality of Life After Total Knee Replacement.",2024,1,1,Cureus,,,,,Barahona M and Barahona MA and Amstein C,https://pubmed.ncbi.nlm.nih.gov/39435220/,,,,"Background Improvement in quality of life is the primary goal following total knee arthroplasty (TKA). Patient-reported outcome measures (PROMs) have become the standard for evaluating TKA results, capturing the patient's perspective. However, PROMs face challenges such as inconsistent presurgery data collection and ambiguity in determining clinical significance. Establishing reliable thresholds for success and failure is crucial for comparing outcomes. Purpose To determine cutoff values for the Western Ontario and McMaster Universities Osteoarthritis Index (WOMAC), Kujala score, and Knee Injury and Osteoarthritis Outcome Score for Quality of Life (KOOS-QL) that significantly change the likelihood of success (TIS) or failure (TIF) to improve self-reported quality of life one year after TKA compared to the baseline probability of the studied cohort. Methods A retrospective study was conducted to evaluate PROMs following conventional cruciate-retaining (CR) TKA without patellar replacement. Patients were evaluated during 2022 and 2023, with a minimum one-year follow-up. A total of 161 successful evaluations were identified, representing 81% of all CR TKA procedures without patellar replacement performed between January 2018 and June 2022 at a single university hospital. Assessments included the three dimensions of the WOMAC scale (pain, stiffness, and function), Kujala score, and KOOS-QL. The primary outcome was to determine the threshold value of each PROM that significantly reduced or increased the likelihood of ""same or worse"" self-perceived improvement in quality of life compared to the cohort. Logistic regression with 200 iterations was used for statistical analysis. Results The threshold for improvement success was <4 for WOMAC-Pain, <1 for WOMAC-Stiffness, <15 for WOMAC-Function, >70 for Kujala, and >62 for KOOS-QL. Meanwhile, the threshold for increased failure was >7 for WOMAC-Pain, >3 for WOMAC-Stiffness, >26 for WOMAC-Function, <55 for Kujala, and <41 for KOOS-QL. Conclusions The study successfully established significant thresholds for success and failure in improving quality of life following CR TKA without patellar replacement. The identified thresholds for WOMAC-Pain, WOMAC-Function, and Kujala scores have good-excellent discrimination and can be confidently used to estimate sample sizes and compare quality of life improvements post-TKA.","RAYYAN-INCLUSION: {""Dhruv ""=>""Included""}",,,,
rayyan-637106623,Can individual functional improvements be predicted in osteoarthritic patients after total knee arthroplasty?,2024,1,1,Knee surgery & related research,,,,,Kim SE and Ro DH and Lee MC and Han HS,https://pubmed.ncbi.nlm.nih.gov/39402639/,,,,"Total knee arthroplasty (TKA) is an effective treatment for advanced osteoarthritis, and achieving optimal outcomes can be challenging due to various influencing factors. Previous research has focused on identifying factors that affect postoperative functional outcomes. However, there is a paucity of studies predicting individual postoperative improvement following TKA. Therefore, a quantitative prediction model for individual patient outcomes is necessary. Demographic data, radiologic variables, intraoperative variables, and physical examination findings were collected from 976 patients undergoing TKA. Preoperative and 1-year postoperative Western Ontario and McMaster Universities Osteoarthritis Index (WOMAC) scores were assessed, and multivariate regression analysis was conducted to identify significant factors influencing one-year WOMAC scores and changes in WOMAC scores. A predictive model was developed on the basis of the findings. The predictive accuracy of the model for 1-year WOMAC scores was poor (all adjusted R2 < 0.08), whereas the model for changes in WOMAC scores demonstrated strong predictability (all adjusted R2 > 0.75). Preoperative WOMAC scores, sex, and postoperative knee range of motion significantly affected all pain, stiffness, and physical function aspects of the WOMAC scores (all P < 0.05). Age, cerebrovascular disease, and patellar resurfacing were associated with changes in physical function (all P < 0.05). The developed quantitative model demonstrated high accuracy in predicting changes in WOMAC scores after TKA. The identified factors influencing postoperative improvement in WOMAC scores can assist in optimizing patient outcomes after TKA.","RAYYAN-INCLUSION: {""Dhruv ""=>""Included""}",,,,
rayyan-637106625,Identifying who are unlikely to benefit from total knee arthroplasty using machine learning models.,2024,1,1,NPJ digital medicine,,,,,Liu X and Liu Y and Lee ML and Hsu W and Liow MHL,https://pubmed.ncbi.nlm.nih.gov/39349593/,,,,"Identifying and preventing patients who are not likely to benefit long-term from total knee arthroplasty (TKA) would decrease healthcare expenditure significantly. We trained machine learning (ML) models (image-only, clinical-data only, and multimodal) among 5720 knee OA patients to predict postoperative dissatisfaction at 2 years. Dissatisfaction was defined as not achieving a minimal clinically important difference in postoperative Knee Society knee and function scores (KSS), Short Form-36 Health Survey [SF-36, divided into a physical component score (PCS) and mental component score (MCS)], and Oxford Knee Score (OKS). Compared to image-only models, both clinical-data only and multimodal models achieved superior performance at predicting dissatisfaction measured by AUC, clinical-data only model: KSS 0.888 (0.866-0.909), SF-PCS 0.836 (0.812-0.860), SF-MCS 0.833 (0.812-0.854), and OKS 0.806 (0.753-0.859); multimodal model: KSS 0.891 (0.870-0.911), SF-PCS 0.832 (0.808-0.857), SF-MCS 0.835 (0.811-0.856), and OKS 0.816 (0.768-0.863). Our findings highlighted that ML models using clinical or multimodal data were capable to predict post-TKA dissatisfaction.","RAYYAN-INCLUSION: {""Dhruv ""=>""Included""}",,,,
rayyan-637106626,[Early gait analysis after total knee arthroplasty based on artificial intelligence dynamic image recognition].,2024,1,1,Zhongguo gu shang = China journal of orthopaedics and traumatology,,,,,Zhang M and Sui YN and Wang C and Zhang HC and Cai ZW and Zhang QL and Zhang Y and Xia TT and Zu XR and Huang YJ and Huang CS and Li X,https://pubmed.ncbi.nlm.nih.gov/39342468/,,,,"To explore early postoperative gait characteristics and clinical outcomes after total knee arthroplasty (TKA). From February 2023 to July 2023, 26 patients with unilateral knee osteoarthritis (KOA) were treated with TKA, including 4 males and 22 females, aged from 57 to 85 years old with an average of (67.58±6.49) years old;body mass index (BMI) ranged from 18.83 to 38.28 kg·m-2 with an average of (26.43±4.15) kg·m-2;14 patients on the left side, 12 patients on the right side;according to Kellgren-Lawrence(K-L) classification, 6 patients with grade Ⅲ and 20 patients with grade IV;the courses of disease ranged from 1 to 14 years with an average of (5.54±3.29) years. Images and videos of standing up and walking, walking side shot, squatting and supine kneeling were taken with smart phones before operation and 6 weeks after operation. The human posture estimation framework OpenPose were used to analyze stride frequency, step length, step length, step speed, active knee knee bending angle, stride length, double support phase time, as well as maximum hip flexion angle and maximum knee bending angle on squatting position. Western Ontario and McMaster Universities (WOMAC) arthritis index and Knee Society Score (KSS) were used to evaluate clinical efficacy of knee joint. All patients were followed up for 5 to 7 weeks with an average of (6.00±0.57) weeks. The total score of WOMAC decreased from (64.85±11.54) before operation to (45.81±7.91) at 6 weeks after operation (P<0.001). The total KSS was increased from (101.19±9.58) before operation to (125.50±10.32) at 6 weeks after operation (P<0.001). The gait speed, stride frequency and stride length of the affected side before operation were (0.32±0.10) m·s-1, (96.35±24.18) steps·min-1, (0.72±0.14) m, respectively;and increased to (0.48±0.11) m·s-1, (104.20±22.53) steps·min-1, (0.79±0.10) m at 6 weeks after operation (P<0.05). The lower limb support time and active knee bending angle decreased from (0.31±0.38) s and (125.21±11.64) ° before operation to (0.11±0.04) s and (120.01±13.35) ° at 6 weeks after operation (P<0.05). Eleven patients could able to complete squat before operation, 13 patients could able to complete at 6 weeks after operation, and 9 patients could able to complete both before operation and 6 weeks after operation. In 9 patients, the maximum bending angle of crouching position was increased from 76.29° to 124.11° before operation to 91.35° to 134.12° at 6 weeks after operation, and the maximum bending angle of hip was increased from 103.70° to 147.25° before operation to 118.61° to 149.48° at 6 weeks after operation. Gait analysis technology based on artificial intelligence image recognition is a safe and effective method to quantitatively identify the changes of patients' gait. Knee pain of KOA was relieved and the function was improved, the supporting ability of the affected limb was improved after TKA, and the patient's stride frequency, stride length and stride speed were improved, and the overall movement rhythm of both lower limbs are more coordinated.","RAYYAN-INCLUSION: {""Dhruv ""=>""Included""}",,,,
rayyan-637106627,"[AI-HIP system for prosthesis size, global femoral offset and osteotomy in total hip arthroplasty].",2024,1,1,Zhongguo gu shang = China journal of orthopaedics and traumatology,,,,,Sun GY and Jiang YK and Li T and Cong XF and Huang C and Ding R and Wang WG and Zhang QD,https://pubmed.ncbi.nlm.nih.gov/39342467/,,,,"To explore planning effect of AI-HIP assisted surgical planning system in primary unilateral total hip arthroplasty (THA) and its influence on clinical outcomes. A retrospective analysis was conducted on clinical data of 36 patients who underwent their first unilateral THA from March 2022 to November 2022 and continuously used AI-HIP system (AI-HIP group), including 16 males and 20 females, aged from 43 to 81 years old with an average of (62.2±10.9) years old. According to the matching principle, 36 patients who were planned by the traditional template method at the same period were selected as the control group, including 16 males and 20 females, aged from 40 to 80 years old with an average of (60.9±12.1) years old. The accuracy between two groups of prostheses were compared, as well as the combined eccentricity difference between preoperative planning and postoperative practice, lower limb length difference, osteotomy height from the upper edge of the lesser trochanter and top shoulder distance to evaluate planning effect. Harris score and visual analogue scale (VAS) were used to evaluate clinical efficacy. Both groups were followed up for 12 to 18 months with an average of (14.5±2.1) months. The complete accuracy and approximate accuracy of acetabular cup and femoral stalk prosthesis in AI-HIP group were 72.2%, 100%, 58.3%, 88.9%, respectively, which were better than 44.4%, 83.3%, 33.3%, 66.7% in control group (P<0.05). There was no statistical significance in planning of femoral head prosthesis size (P>0.05). The actual combined eccentricity difference and combined eccentricity difference (practical-planning) in AI-HIP group were 1.0(0.2, 2.4) mm and 1.1(-2.1, 3.2) mm, respectively;which were better than 3.0 (1.4, 4.9) mm and 3.5 (-1.6, 6.5) mm in control group (P<0.05). There was no significant difference between two groups in actual osteotomy height of the upper margin of the lesser trochanter (P>0.05). In AI-HIP group, the actual difference of lower extremity length after surgery, the difference of lower extremity length (practical-planning), osteotomy height from the upper margin of lesser trochanter (practical-planning), actual topshoulder distance after surgery, and topshoulder distance (practical-planning) were 1.5 (0.2, 2.8), 1.1 (-0.3, 2.2), 2.1(-2.3, 4.1), (15.3±4.1), 2.2(-4.8, 0.3) mm, respectively;which were better than control group of 2.6(1.3, 4.1), 2.5 (0.3, 3.8), 5.8(-2.4, 7.7), (13.0±4.3), -5.7(-9.4, -2.2) mm(P<0.05). At final follow-up, there were no significant differences in Harris scores of pain, function, deformity, total scores and VAS between two groups (P>0.05). The range of motion score was 4.8±0.6 in AI-HIP group, which was higher than that in control group (4.4±0.8)(P<0.05). Compared with traditional template planning, AI-HIP assisted surgical planning system has good accuracy in predicting the prosthetic size of the acetabular cup and femoral stalk, restoring joint eccentricity, planning lower limb length, osteotomy height and top shoulder distance on the first unilateral THA, and the clinical follow-up effect is satisfactory.","RAYYAN-INCLUSION: {""Dhruv ""=>""Included""}",,,,
rayyan-637106629,Do modifiable patient factors increase the risk of postoperative complications after total joint arthroplasty?,2024,1,1,Archives of orthopaedic and trauma surgery,,,,,Baran JV and Rohatgi A and Redden A and Fomunung C and Goguen J and John DQ and Movassaghi A and Jackson GR and Sabesan VJ,https://pubmed.ncbi.nlm.nih.gov/39325165/,,,,"Numerous studies demonstrate that modifiable lifestyle risk factors can influence patient outcomes including survivability, quality of life, and postoperative complications following orthopaedic surgery. The purpose of this study was to determine the impact of modifiable lifestyle risk factors on postoperative medical and surgical complications following a total joint arthroplasty (TJA) in a large national healthcare system. A retrospective chart review of a large national health system database was performed to identify patients who underwent TJA between 2017 and 2021. TJA included total knee arthroplasty, total hip arthroplasty, and total shoulder arthroplasty. Modifiable lifestyle risk factors were defined as tobacco use, narcotic drug abuse, hypertension, and diabetes mellitus. Postoperative medical complications and postoperative surgical complications were collected. Logistic regression and odds ratio point estimate analysis were conducted to assess for associations between postoperative complications and modifiable lifestyle risk factors. Of the 16,940 patients identified, the mean age was 71 years, mean BMI was 29.7 kg/m2, and 62% were women. We found that 3.5% had used narcotics, 8.7% were past or current smokers, 24% had diabetes, and 61% had hypertension; in addition, 5.4% experienced postoperative medical complications and 6.4% experienced postoperative surgical complications. Patients who used narcotics were 90% more likely to have postoperative complications (p < 0.0001) and 105% more likely to experience prosthetic complications (p < 0.0001). Similarly, patients with tobacco use were 65% more likely to have postoperative complications (p < 0.0001) and 27% more likely to experience prosthetic complications. Our results demonstrate critical rates of increased postoperative medical and surgical complications after TJA for patients with narcotic abuse, tobacco use, or diabetes mellitus. Furthermore, adopting preoperative interventions and optimization programs informed by our findings on specific modifiable risk factors could aid orthopaedic surgeons in optimizing patient health. III; Retrospective study.","RAYYAN-INCLUSION: {""Dhruv ""=>""Included""}",,,,
rayyan-637106630,Deep Learning for Automatic Knee Osteoarthritis Severity Grading and Classification.,2024,1,1,Indian journal of orthopaedics,,,,,Kinger S,https://pubmed.ncbi.nlm.nih.gov/39324090/,,,,"Knee osteoarthritis (OA) is a prevalent condition that significantly impacts the quality of life, often leading to the need for knee replacement surgery. Accurate and timely identification of knee degeneration is crucial for effective treatment and management. Traditional methods of diagnosing OA rely heavily on radiological assessments, which can be time-consuming and subjective. This study aims to address these challenges by developing a deep learning-based method to predict the likelihood of knee replacement and the Kellgren-Lawrence (KL) grade of knee OA from X-ray images. We employed the Osteoarthritis Initiative (OAI) dataset and utilized a transfer learning approach with the Inception V3 architecture to enhance the accuracy of OA detection. Our approach involved training 14 different models-Xception, VGG16, VGG19, ResNet50, ResNet101, ResNet152, ResNet50V2, ResNet101V2, ResNet152V2, Inception V3, Inception, ResNetV2, DenseNet121, DenseNet169, DenseNet201-and comparing their performance. The study incorporated pixel ratio computation and picture pre-processing, alongside a decision tree model for prediction. Our experiments revealed that the Inception V3 model achieved the highest training accuracy of 91% and testing accuracy of 67%, with notable performance in both training and validation phases. This model effectively identified the presence and severity of OA, correlating with the Kellgren-Lawrence scale and facilitating the assessment of knee replacement needs. By integrating advanced deep learning techniques with radiological diagnostics, our methodology supports radiologists in making more accurate and prompt decisions regarding knee degeneration. The Inception V3 model stands out as the optimal choice for knee X-ray analysis, contributing to more efficient and timely healthcare delivery for patients with knee osteoarthritis.","RAYYAN-INCLUSION: {""Dhruv ""=>""Included""}",,,,
rayyan-637106631,A comprehensive predictive model for postoperative joint function in robot-assisted total hip arthroplasty patients: combining radiomics and clinical indicators.,2024,1,1,Journal of robotic surgery,,,,,Zhang J and Zhao Y and Chen Y and Li H and Xing F and Liu C and Duan X and Guan H and Kong N and Li Y and Wang K and Tian R and Yang P,https://pubmed.ncbi.nlm.nih.gov/39313734/,,,,"Total hip arthroplasty (THA) effectively treats various end-stage hip conditions, offering pain relief and improved joint function. However, surgical outcomes are influenced by multifaceted factors. This research aims to create a predictive model, incorporating radiomic and clinical information, to forecast post-surgery joint function in robot-assisted THA (RA-THA) patients. The study set comprised 136 patients who underwent unilateral RA-THA, which were subsequently partitioned into a training set (n = 95) and a test set (n = 41) for analysis. Preoperative CT imaging was employed to derive 851 radiomic characteristics, selecting those with an intra-class correlation coefficient > 0.75 for analysis. Least absolute shrinkage and selection operator regression reduced redundancy to six significant radiomic features. Clinical data including preoperative Visual Analog Scale (VAS), Harris Hip Score (HHS), and Western Ontario and McMaster University Osteoarthritis Index (WOMAC) score were collected. Logistic regression identified significant predictors, and three models were developed. Receiver operating characteristic and decision curves evaluated the models. Preoperative VAS, HHS, WOMAC score, and radiomics feature scores were significant predictors. In the training set, the AUCs were 0.835 (clinical model), 0.757 (radiomic model), and 0.891 (combined model). In the test set, the AUCs were 0.777 (clinical model), 0.824 (radiomic model), and 0.881 (combined model). The constructed nomogram prediction model combines radiological features with relevant clinical data to accurately predict functional outcomes 3 years after RA-THA. This model has significant prediction accuracy and broad clinical application prospects and can provide a valuable reference for formulating personalized treatment plans and optimizing patient management strategies.","RAYYAN-INCLUSION: {""Dhruv ""=>""Included""}",,,,
rayyan-637106633,Predicting extended hospital stay following revision total hip arthroplasty: a machine learning model analysis based on the ACS-NSQIP database.,2024,1,1,Archives of orthopaedic and trauma surgery,,,,,Chen TL and RezazadehSaatlou M and Buddhiraju A and Seo HH and Shimizu MR and Kwon YM,https://pubmed.ncbi.nlm.nih.gov/39294531/,,,,"Prolonged length of stay (LOS) following revision total hip arthroplasty (THA) can lead to increased healthcare costs, higher rates of readmission, and lower patient satisfaction. In this study, we investigated the predictive power of machine learning (ML) models for prolonged LOS after revision THA using patient data from a national-scale patient repository. We identified 11,737 revision THA cases from the American College of Surgeons National Surgical Quality Improvement Program database from 2013 to 2020. Prolonged LOS was defined as exceeding the 75th value of all LOSs in the study cohort. We developed four ML models: artificial neural network (ANN), random forest, histogram-based gradient boosting, and k-nearest neighbor, to predict prolonged LOS after revision THA. Each model's performance was assessed during training and testing sessions in terms of discrimination, calibration, and clinical utility. The ANN model was the most accurate with an AUC of 0.82, calibration slope of 0.90, calibration intercept of 0.02, and Brier score of 0.140 during testing, indicating the model's competency in distinguishing patients subject to prolonged LOS with minimal prediction error. All models showed clinical utility by producing net benefits in the decision curve analyses. The most significant predictors of prolonged LOS were preoperative blood tests (hematocrit, platelet count, and leukocyte count), preoperative transfusion, operation time, indications for revision THA (infection), and age. Our study demonstrated that the ML model accurately predicted prolonged LOS after revision THA. The results highlighted the importance of the indications for revision surgery in determining the risk of prolonged LOS. With the model's aid, clinicians can stratify individual patients based on key factors, improve care coordination and discharge planning for those at risk of prolonged LOS, and increase cost efficiency.","RAYYAN-INCLUSION: {""Dhruv ""=>""Included""}",,,,
rayyan-637106634,Factors Influencing the Postoperative Flexion Angle in Cruciate-Sacrificing Rotating Platform of Total Knee Arthroplasty.,2024,1,1,Cureus,,,,,Matsuoka D and Inagaki Y and Mawarikado Y and Ogawa M and Seko M and Fujii T and Tanaka Y,https://pubmed.ncbi.nlm.nih.gov/39280541/,,,,"Various factors affect the improvement of range of motion (ROM) after total knee arthroplasty (TKA). However, there are few reports specific to cruciate-sacrificing rotating platform (CSRP) TKA. In this study, factors affecting postoperative ROM improvement of CSRP TKA were investigated. The study included 79 patients with knee osteoarthritis who underwent unilateral CSRP TKA at our institution. The group with an improvement of 5° or more (Δflexion angle) than the preoperative was defined as the good Δflexion group (38 knees), and that with less than 5° was defined as the poor Δflexion group (41 knees). The assessments were performed one day before and one year after surgery. Factors including rest and walking pain, knee flexion and extension angle, isometric knee extension strength, the five subscales of Knee injury and Osteoarthritis Outcome Score (KOOS), α, β, γ and δ angles, femoro-tibial angle (FTA), and condylar twist angle were assessed. Unpaired t-test, Mann-Whitney U test, and Chi-square test were used to test differences between the good and poor Δflexion groups. Multiple logistic regression examined the association between each factor and the dependent variables (good Δflexion or poor Δflexion). Significant differences in the preoperative knee flexion, postoperative knee flexion, preoperative knee extension, and postoperative knee extension angles, postoperative KOOS pain and activity of daily living, β, ɤ angles were observed between the good and poor Δflexion groups. The model Chi-squared test revealed that the ɤ angle was significantly affected by the Δflexion angle. With the CSRP TKA, flexion insertion of the femoral component was associated with postoperative flexion ROM improvement.","RAYYAN-INCLUSION: {""Dhruv ""=>""Included""}",,,,
rayyan-637106637,The Maximum Threshold Value for HbA1c in Diabetic Patients Undergoing Elective Total Knee Arthroplasty.,2024,1,1,Journal of the College of Physicians and Surgeons--Pakistan : JCPSP,,,,,Shen D and Sun S and Mu Z and Yuefu D,https://pubmed.ncbi.nlm.nih.gov/39262008/,,,,"To establish an optimal preoperative HbA1c threshold that enhances surgical outcomes and minimises postoperative complications in diabetic patients undergoing elective total knee arthroplasty (TKA). Prospective cohort study. Place and Duration of the Study: Department of Orthopaedics, First People's Hospital of Lianyungang, China, from January 2021 to March 2024. A total of 152 diabetic patients scheduled for elective TKA were included. Data on preoperative HbA1c levels were collected and analysed to assess their impact on postoperative outcomes using the Oxford Knee Score (OKS). Patients were divided into groups based on HbA1c levels and compared for functional and pain recovery one year postoperatively. Statistical analyses included binary and multivariate logistic regression, with an emphasis on the minimum clinically important difference for OKS. Patients with a preoperative HbA1c below 7.35mmol/L exhibited significantly better functional and pain recovery outcomes at one-year post-TKA. The receiver operating characteristic curve (ROC) analysis confirmed the predictive power of HbA1c, with an Area Under the Curve of 0.734 for functional improvement and 0.721 for pain improvement. The study identifies 7.35mmol/L as the optimal preoperative HbA1c threshold for diabetic patients undergoing elective TKA, with lower levels associated with improved functional and pain outcomes. Maintaining HbA1c below this level preoperatively can significantly enhance postoperative recovery and patient satisfaction. Diabetes mellitus, Total knee arthroplasty, Haemoglobin A1c, Oxford knee score.","RAYYAN-INCLUSION: {""Dhruv ""=>""Included""}",,,,
rayyan-637106638,Risk factors for deep vein thrombosis of the lower extremity after total hip arthroplasty.,2024,1,1,BMC surgery,,,,,Hang L and Haibier A and Kayierhan A and Abudurexiti T,https://pubmed.ncbi.nlm.nih.gov/39261801/,,,,"To investigate the risk factors for deep vein thrombosis (DVT) following total hip arthroplasty (THA). Patients who underwent THA in the Department of Joint Surgery at the Sixth Affiliated Hospital of Xinjiang Medical University from September 2020 to December 2022 were retrospectively selected based on inclusion criteria. They were divided into the DVT group (n = 65) and the non-DVT group (n = 397) according to the occurrence of postoperative DVT. The following variables were reviewed for both groups: age, sex, Body Mass Index (BMI), affected limb, previous history (smoking and drinking), diabetes, hypertension, operation time, total cholesterol, triglycerides, fibrinogen, hemoglobin, albumin, platelets, D-dimer, International Normalized Ratio (INR), and fibrin degradation products. Univariate analysis was conducted on these factors, and those with statistical significance were further analyzed using a binary logistic regression model to assess their correlation with DVT after THA. A total of 462 patients were included in the study, with the DVT group representing approximately 14% and the non-DVT group approximately 86%. The DVT group had an average age of 67.27 ± 4.10 years, while the non-DVT group had an average age of 66.72 ± 8.69 years. Univariate analysis revealed significant differences in diabetes mellitus, preoperative fibrinogen, preoperative D-dimer, preoperative INR, and preoperative and postoperative fibrin degradation products between the DVT and non-DVT groups. Binary logistic regression analysis identified diabetes mellitus, elevated preoperative fibrinogen, preoperative D-dimer, and preoperative INR (p < 0.05) as risk factors for DVT after THA. This study found that diabetes mellitus, elevated preoperative fibrinogen, preoperative D-dimer, and preoperative INR are independent risk factors for DVT following THA. Surgeons should thoroughly assess these risk factors, implement timely and effective interventions, and guide patients to engage in functional exercises as early as possible to reduce the incidence of DVT, thereby improving the outcomes of THA and improving patient quality of life.","RAYYAN-INCLUSION: {""Dhruv ""=>""Included""}",,,,
rayyan-637106641,Assessing the Value of Imaging Data in Machine Learning Models to Predict Patient-Reported Outcome Measures in Knee Osteoarthritis Patients.,2024,1,1,"Bioengineering (Basel, Switzerland)",,,,,Nair A and Alagha MA and Cobb J and Jones G,https://pubmed.ncbi.nlm.nih.gov/39199782/,,,,"Knee osteoarthritis (OA) affects over 650 million patients worldwide. Total knee replacement is aimed at end-stage OA to relieve symptoms of pain, stiffness and reduced mobility. However, the role of imaging modalities in monitoring symptomatic disease progression remains unclear. This study aimed to compare machine learning (ML) models, with and without imaging features, in predicting the two-year Western Ontario and McMaster Universities Arthritis Index (WOMAC) score for knee OA patients. We included 2408 patients from the Osteoarthritis Initiative (OAI) database, with 629 patients from the Multicenter Osteoarthritis Study (MOST) database. The clinical dataset included 18 clinical features, while the imaging dataset contained an additional 10 imaging features. Minimal Clinically Important Difference (MCID) was set to 24, reflecting meaningful physical impairment. Clinical and imaging dataset models produced similar area under curve (AUC) scores, highlighting low differences in performance AUC < 0.025). For both clinical and imaging datasets, Gradient Boosting Machine (GBM) models performed the best in the external validation, with a clinically acceptable AUC of 0.734 (95% CI 0.687-0.781) and 0.747 (95% CI 0.701-0.792), respectively. The five features identified included educational background, family history of osteoarthritis, co-morbidities, use of osteoporosis medications and previous knee procedures. This is the first study to demonstrate that ML models achieve comparable performance with and without imaging features.","RAYYAN-INCLUSION: {""Dhruv ""=>""Included""}",,,,
rayyan-637106644,Automating Linear and Angular Measurements for the Hip and Knee After Computed Tomography: Validation of a Three-Stage Deep Learning and Computer Vision-Based Pipeline for Pathoanatomic Assessment.,2024,1,1,Arthroplasty today,,,,,Vidhani FR and Woo JJ and Zhang YB and Olsen RJ and Ramkumar PN,https://pubmed.ncbi.nlm.nih.gov/39071819/,,,,"Variability in the bony morphology of pathologic hips/knees is a challenge in automating preoperative computed tomography (CT) scan measurements. With the increasing prevalence of CT for advanced preoperative planning, processing this data represents a critical bottleneck in presurgical planning, research, and development. The purpose of this study was to demonstrate a reproducible and scalable methodology for analyzing CT-based anatomy to process hip and knee anatomy for perioperative planning and execution. One hundred patients with preoperative CT scans undergoing total knee arthroplasty for osteoarthritis were processed. A two-step deep learning pipeline of classification and segmentation models was developed that identifies landmark images and then generates contour representations. We utilized an open-source computer vision library to compute measurements. Classification models were assessed by accuracy, precision, and recall. Segmentation models were evaluated using dice and mean Intersection over Union (IOU) metrics. Contour measurements were compared against manual measurements to validate posterior condylar axis angle, sulcus angle, trochlear groove-tibial tuberosity distance, acetabular anteversion, and femoral version. Classifiers identified landmark images with accuracy of 0.91 and 0.88 for hip and knee models, respectively. Segmentation models demonstrated mean IOU scores above 0.95 with the highest dice coefficient of 0.957 [0.954-0.961] (UNet3+) and the highest mean IOU of 0.965 [0.961-0.969] (Attention U-Net). There were no statistically significant differences for the measurements taken automatically vs manually (P > 0.05). Average time for the pipeline to preprocess (48.65 +/- 4.41 sec), classify/retrieve landmark images (8.36 +/- 3.40 sec), segment images (<1 sec), and obtain measurements was 2.58 (+/- 1.92) minutes. A fully automated three-stage deep learning and computer vision-based pipeline of classification and segmentation models accurately localized, segmented, and measured landmark hip and knee images for patients undergoing total knee arthroplasty. Incorporation of clinical parameters, like patient-reported outcome measures and instability risk, will be important considerations alongside anatomic parameters.","RAYYAN-INCLUSION: {""Dhruv ""=>""Included""}",,,,
rayyan-637106645,Second opinion machine learning for fast-track pathway assignment in hip and knee replacement surgery: the use of patient-reported outcome measures.,2024,1,1,BMC medical informatics and decision making,,,,,Campagner A and Milella F and Banfi G and Cabitza F,https://pubmed.ncbi.nlm.nih.gov/39044277/,,,,"The frequency of hip and knee arthroplasty surgeries has been rising steadily in recent decades. This trend is attributed to an aging population, leading to increased demands on healthcare systems. Fast Track (FT) surgical protocols, perioperative procedures designed to expedite patient recovery and early mobilization, have demonstrated efficacy in reducing hospital stays, convalescence periods, and associated costs. However, the criteria for selecting patients for FT procedures have not fully capitalized on the available patient data, including patient-reported outcome measures (PROMs). Our study focused on developing machine learning (ML) models to support decision making in assigning patients to FT procedures, utilizing data from patients' self-reported health status. These models are specifically designed to predict the potential health status improvement in patients initially selected for FT. Our approach focused on techniques inspired by the concept of controllable AI. This includes eXplainable AI (XAI), which aims to make the model's recommendations comprehensible to clinicians, and cautious prediction, a method used to alert clinicians about potential control losses, thereby enhancing the models' trustworthiness and reliability. Our models were trained and tested using a dataset comprising 899 records from individual patients admitted to the FT program at IRCCS Ospedale Galeazzi-Sant'Ambrogio. After training and selecting hyper-parameters, the models were assessed using a separate internal test set. The interpretable models demonstrated performance on par or even better than the most effective 'black-box' model (Random Forest). These models achieved sensitivity, specificity, and positive predictive value (PPV) exceeding 70%, with an area under the curve (AUC) greater than 80%. The cautious prediction models exhibited enhanced performance while maintaining satisfactory coverage (over 50%). Further, when externally validated on a separate cohort from the same hospital-comprising patients from a subsequent time period-the models showed no pragmatically notable decline in performance. Our results demonstrate the effectiveness of utilizing PROMs as basis to develop ML models for planning assignments to FT procedures. Notably, the application of controllable AI techniques, particularly those based on XAI and cautious prediction, emerges as a promising approach. These techniques provide reliable and interpretable support, essential for informed decision-making in clinical processes.","RAYYAN-INCLUSION: {""Dhruv ""=>""Included""}",,,,
rayyan-637106646,Reliable prediction of implant size and axial alignment in AI-based 3D preoperative planning for total knee arthroplasty.,2024,1,1,Scientific reports,,,,,Lan Q and Li S and Zhang J and Guo H and Yan L and Tang F,https://pubmed.ncbi.nlm.nih.gov/39043748/,,,,"The size and axial alignment of prostheses, when planned during total knee replacement (TKA) are critical for recovery of knee function and improvement of knee pain symptoms. This research aims to study the effect of artificial intelligence (AI)-based preoperative three dimensional (3D) planning technology on prosthesis size and axial alignment planning in TKA, and to compare its advantages with two dimensional (2D) X-ray template measurement technology. A total of 60 patients with knee osteoarthritis (KOA) who underwent TKA for the first time were included in the AI (n = 30) and 2D (n = 30) groups. The preoperative and postoperative prosthesis size, femoral valgus correction angle (VCA) and hip-knee-ankle angle (HKA) were recorded and compared between the two groups. The results of the University of Western Ontario and McMaster University Osteoarthritis Index (WOMAC) and the American Knee Association Score (AKS) were evaluated before surgery, 3 months, 6 months, and 12 months after surgery. The accuracy of prosthesis size, VCA and HKA prediction in AI group was significantly higher than that in 2D group (P < 0.05). The WOMAC and AKS scores in AI group at 3 months, 6 months and 12 months after surgery were better than those in 2D group (P < 0.05). Both groups showed significant improvement in WOMAC and AKS scores at 12 months follow-up. AI-based preoperative 3D planning technique has more reliable planning effect for prosthesis size and axial alignment in TKA.","RAYYAN-INCLUSION: {""Dhruv ""=>""Included""}",,,,
rayyan-637106647,Linking Patient-Reported Outcome Measure Scores to Adverse Event Data to Gain Insight into Overestimation of Postoperative Patient-Reported Outcome Measure Improvement After Total Hip Arthroplasty and Total Knee Arthroplasty Due to Selective Nonresponse.,2025,1,1,The Journal of arthroplasty,,,,,van Schie P and van Bodegom-Vos L and Zijdeman TM and Gosens T and Nelissen RGHH and Marang-van de Mheen PJ and IQ Joint Study Group,https://pubmed.ncbi.nlm.nih.gov/38969293/,,,,"The purpose of the study was to gain insight into how clinically relevant improvement in patient-reported outcome measure scores after total hip arthroplasty (THA) and total knee arthroplasty (TKA) may be underestimated or overestimated, we compared patient-reported outcome measure respondents and nonrespondents on their adverse event rates and assessed whether adverse event occurrence was associated with clinically relevant patient-reported outcome measure improvement from those without adverse events. All primary THAs and TKAs performed in 19 Dutch hospitals between January 2017 and December 2019 were included. The hip disability and osteoarthritis outcome score-physical function short form (HOOS-PS) and knee injury and osteoarthritis outcome score-physical function short form (KOOS-PS) were used to assess the physical function after THA and TKA, respectively. Adverse events included 1-year revision, 30-day readmission, 30-day complications, and long (ie, >75th percentile) length of stay. A clinically relevant improvement was defined as at least a 10-point decrease in HOOS-PS and 9 points in KOOS-PS scores. Associations between adverse events and clinically relevant HOOS-PS and KOOS-PS improvement were assessed using binary logistic regression models adjusted for patient characteristics and clustering of patients within hospitals. There were 20,338 THA and 18,082 TKA procedures included. Adverse events occurred more frequently in HOOS-PS and KOOS-PS nonrespondents than in respondents. The THA patients experiencing revision, complications, or long length of stay were less likely to experience clinically relevant HOOS-PS improvements (odds ratios of 0.11 [0.06 to 0.20], 0.44 [0.30 to 0.63], and 0.66 [0.50 to 0.88], respectively). The TKA patients experiencing revision or long length of stay were less likely to experience clinically relevant KOOS-PS improvements (odds ratios of 0.26 [0.12 to 0.55] and 0.63 [0.50 to 0.80], respectively). Clinically relevant HOOS-PS and KOOS-PS improvements are likely overestimated, as nonrespondents had higher adverse event rates which were associated with lower likelihood to achieve clinically relevant HOOS-PS and KOOS-PS improvements.","RAYYAN-INCLUSION: {""Dhruv ""=>""Included""}",,,,
rayyan-637106648,Sedentary behaviour among elderly patients after total knee arthroplasty and its influencing factors.,2024,1,1,Scientific reports,,,,,Ni X and Shi J and Hu Q and Li A and Zeng X and Gu Y,https://pubmed.ncbi.nlm.nih.gov/38902382/,,,,"To understand the status of sedentary behaviour in elderly patients after total knee arthroplasty and analyse its influencing factors so as to provide a reference for developing targeted interventions. Conveniently selected elderly patients undergoing total knee arthroplasty (> 6 months) in a tertiary hospital in Jiangsu Province were investigated using a general information questionnaire, the Charlson Comorbidity Index, patients' self-reported sedentary behaviour information, the WOMAC Score, The Groningen Orthopaedic Social Support Scale, and Lee's Fatigue. The median daily sedentary time was 5.5 h (4.5 h, 6.625 h) in 166 elderly patients after total knee arthroplasty, of whom 82 (49.40%) showed sedentary behaviour (≥ 6 h per day). Logistic regression analysis showed that being retired/unemployed (OR = 8.550, 95% CI 1.732-42.207, P = 0.0084), having a CCI score ≥ 3 (OR = 9.018, 95% CI 1.288-63.119, P < 0.0001), having high WOMAC scores (OR = 1.783, 95% CI 1.419-2.238, P < 0.0001), having a high social support score (OR = 1.155, 95% CI 1.031-1.294, P = 0.0130), and having a fatigue score ≥ 5 (OR = 4.848, 95% CI 1.084-21.682, P = 0.0389) made patients more likely to be sedentary. The sedentary time of elderly patients after total knee arthroplasty is long, and sedentary behaviour is common among them. Healthcare professionals should develop targeted sedentary behaviour interventions based on the influencing factors of sedentary behaviour in order to reduce the occurrence of sedentary behaviour in elderly patients after total knee arthroplasty.","RAYYAN-INCLUSION: {""Dhruv ""=>""Included""}",,,,
rayyan-637106649,Predictors of health-related quality of life after total knee arthroplasty: a case-control study.,2024,1,1,Scientific reports,,,,,Askari A and Mohammadpour M and Jabalameli M and Naeimipoor N and Goodarzy B and Jafari B and Rashidi H and Mousazadeh F and Rajei M and Khazanchin A and Bahardoust M and Hassanzadeh M,https://pubmed.ncbi.nlm.nih.gov/38898136/,,,,"Total knee arthroplasty (TKA) improves patients' Health-related quality of life (HRQoL) compared to before surgery. However, based on our knowledge, the improvement in HRQoL after TKA, which depends on various factors, has yet to be investigated compared to healthy people. This study aimed to evaluate the HRQoL of patients compared to healthy people and the factors affecting the HRQoL after TKA. In this matched case-control study (1002 participants), HRQoL in 501 patients who underwent TKA between 2015 and 2022 at Shafa Yahyainan Hospital affiliated with Iran University of Medical Sciences were compared with 501 healthy controls. HRQoL was evaluated in two parts (before compared to 12 months after TKA and 12 months after TKA compared to the healthy population). The 36-item short-form health survey (SF-36) was used to evaluate HRQoL 12 months after surgery. The influencing factors on HRQoL were evaluated by multivariate logistic regression analysis. No significant difference was observed in the demographic characteristics of the participants in the two groups. The mean overall SF-36 score, 12 months after surgery, significantly improved compared to before surgery (64.21 ± 22.2 vs. 37.55 ± 15.13, p:0.001). The mean total score of SF-36 was statistically similar between the case and control groups (64.21 ± 22.2 VS 72.53 ± 25.3). The multivariate analysis showed that sex, BMI, number of comorbidities, postoperative compliance, and complications were significantly related to the decrease in patients' HRQoL (P < 0.001).TKA can improve the HRQoL except for two subscales of happiness/vitality and physical performance, similar to the healthy population. Female gender, obesity and overweight, comorbidity, bilateral TKA, non-adherence to postoperative physiotherapy, and complications were associated with decreased HRQoL.","RAYYAN-INCLUSION: {""Dhruv ""=>""Included""}",,,,
rayyan-637106650,Computed tomography radiomics in predicting patient satisfaction after robotic-assisted total knee arthroplasty.,2025,1,1,International journal of computer assisted radiology and surgery,,,,,Tian R and Duan X and Xing F and Zhao Y and Liu C and Li H and Kong N and Cao R and Guan H and Li Y and Li X and Zhang J and Wang K and Yang P and Wang C,https://pubmed.ncbi.nlm.nih.gov/38836956/,,,,"After robotic-assisted total knee arthroplasty (RA-TKA) surgery, some patients still experience joint discomfort. We aimed to establish an effective machine learning model that integrates radiomic features extracted from computed tomography (CT) scans and relevant clinical information to predict patient satisfaction three months postoperatively following RA-TKA. After careful selection, data from 142 patients were randomly divided into a training set (n = 99) and a test set (n = 43), approximately in a 7:3 ratio. A total of 1329 radiomic features were extracted from the regions of interest delineated in CT scans. The features were standardized using normalization algorithms, and the least absolute shrinkage and selection operator regression model was employed to select radiomic features with ICC > 0.75 and P < 0.05, generating the Rad-score as feature markers. Univariate and multivariate logistic regression was then used to screen clinical information (age, body mass index, operation time, gender, surgical side, comorbidities, preoperative KSS score, preoperative range of motion (ROM), preoperative and postoperative HKA angle, preoperative and postoperative VAS score) as potential predictive factors. The satisfaction scale ≥ 20 indicates patient satisfaction. Finally, three prediction models were established, focusing on radiomic features, clinical features, and their fusion. Model performance was evaluated using Receiver Operating Characteristic curves and decision curve analysis. In the training set, the area under the curve (AUC) of the clinical model was 0.793 (95% CI 0.681-0.906), the radiomic model was 0.854 (95% CI 0.743-0.964), and the combined radiomic-clinical model was 0.899 (95% CI 0.804-0.995). In the test set, the AUC of the clinical model was 0.908 (95% CI 0.814-1.000), the radiomic model was 0.709 (95% CI 0.541-0.878), and the combined radiomic-clinical model was 0.928 (95% CI 0.842-1.000). The AUC of the radiomic-clinical model was significantly higher than the other two models. The decision curve analysis indicated its clinical application value. We developed a radiomic-based nomogram model using CT imaging to predict the satisfaction of RA-TKA patients at 3 months postoperatively. This model integrated clinical and radiomic features and demonstrated good predictive performance and excellent clinical application potential.","RAYYAN-INCLUSION: {""Dhruv ""=>""Included""}",,,,
rayyan-637106651,Surgical factors play a critical role in predicting functional outcomes using machine learning in robotic-assisted total knee arthroplasty.,2024,1,1,"Knee surgery, sports traumatology, arthroscopy : official journal of the ESSKA",,,,,Lundgren LS and Willems N and Marchand RC and Batailler C and Lustig S,https://pubmed.ncbi.nlm.nih.gov/38819941/,,,,"Predictive models help determine predictive factors necessary to improve functional outcomes after total knee arthroplasty (TKA). However, no study has assessed predictive models for functional outcomes after TKA based on the new concepts of personalised surgery and new technologies. This study aimed to develop and evaluate predictive modelling approaches to predict the achievement of minimal clinically important difference (MCID) in patient-reported outcome measures (PROMs) 1 year after TKA. Four hundred thirty robotic-assisted TKAs were analysed in this retrospective study. The mean age was 67.9 ± 7.9 years; the mean body mass index (BMI) was 32.0 ± 6.8 kg/m2. The following PROMs were collected preoperatively and 1-year postoperatively: knee injury and osteoarthritis outcome score for joint replacement, Western Ontario and McMaster Universities osteoarthritis index (WOMAC) Function, WOMAC Pain. Demographic data, preoperative CT scan, implant size, implant position on the robotic system and characteristics of the joint replacement procedure were selected as predictive variables. Four machine learning algorithms were trained to predict the MCID status at 1-year post-TKA for each PROM survey. 'No MCID' was chosen as the target. Models were evaluated by class discrimination (F1-score) and area under the receiver operating characteristic curve (ROC-AUC). The best-performing model was ridge logistic regression for WOMAC Function (area under the curve [AUC]  = 0.80, F1 = 0.48, sensitivity = 0.79, specificity = 0.62). Variables most strongly contributing to not achieving MCID status were preoperative PROMs, high BMI and femoral resection depth (posterior and distal), supporting functional positioning principles. Conversely, variables contributing to a positive outcome (achieving MCID) were medial/lateral alignment of the tibial component, whether the procedure was an outpatient surgery and whether the patient received managed Medicare insurance. The most predictive variables included preoperative PROMs, BMI and surgical planning. The surgical predictive variables were valgus femoral alignment and femoral rotation, reflecting the benefits of personalised surgery. Including surgical variables in predictive models for functional outcomes after TKA should guide clinical and surgical decision-making for every patient. Level III.","RAYYAN-INCLUSION: {""Dhruv ""=>""Included""}",,,,
rayyan-637106652,Robotic-assisted patellofemoral arthroplasty provides excellent implant survivorship and high patient satisfaction at mid-term follow-up.,2024,1,1,International orthopaedics,,,,,Pacchiarotti G and Todesca A and Coppola M and Gumina S,https://pubmed.ncbi.nlm.nih.gov/38819666/,,,,"Robotic adoption in knee surgery has yielded several benefits, but its application in patellofemoral arthroplasty (PFA) remains barely reported. The purpose of this study was to determine implant survival, patient satisfaction, and functional outcomes after robotic-assisted PFA at an intermediate follow-up. This prospective analysis targeted 18 knees of 16 consecutive patients who underwent robot-aided PFA with three-year minimum follow-up (range, 3 to 6 years). Each patient was evaluated collecting pre-operative and post-operative medical record data, including range of motion, radiographic images, and multiple scores, such as VAS, APKS, and OKS. At surgery, the mean age was 55.4 years ± 14.4 (range, 32 to 78 years), and the mean BMI was 26.8 kg/m² ±5.2 (range, 20 to 36). Etiologies of patellofemoral osteoarthritis included idiopathic degeneration (28%), post-traumatic (33%), and dysplasia (39%). Pre-implantation scores were VAS 7.9 ± 1.4, AKPS 34.6 ± 23.3, and OKS 17.3 ± 10.3. One implant was revised with primary total knee arthroplasty for osteoarthritis progression. Clinical and radiographic follow-up showed no signs of loosening or infection. The maximum flexion reached an average of 131.1°±10.5° (range, 110° to 145°), accompanied by significantly improved score results (P-value < 0.01): VAS 1.1 ± 1.4, AKPS 90.2 ± 8.6, and OKS 46.3 ± 1.8. At 3 years after robotic assisted patellofemoral arthroplasty, excellent implant survival and patient satisfaction rates can be expected along with significantly improved functional and pain control outcomes. Although the limitations imposed by the restricted cohort, these findings indicate that robotic assistance in PFA is both safe and effective at intermediate follow-up.","RAYYAN-INCLUSION: {""Dhruv ""=>""Included""}",,,,
rayyan-637106653,"Delayed Fixation of Acetabular Fractures Affects Functional Outcomes and Health-Related Quality of Life, Not Just Quality of Reduction.",2024,1,1,Indian journal of orthopaedics,,,,,Dissaneewate K and Khongkanin T and Jarayabhand R,https://pubmed.ncbi.nlm.nih.gov/38812864/,,,,"Delayed operative fixation of acetabular fractures remains a major problem in many parts of the world. No previous studies have reported the effect of fixation delay on health-related quality of life (HRQOL). We aimed to investigate the effect of delayed operative fixation of acetabular fractures on health-related quality of life, EuroQol-5 Dimension questionnaire (EQ-5D), and other related outcomes. We retrospectively analysed 117 patients who underwent open reduction internal fixation for displaced acetabular fractures between 2014 and 2021. Patients were divided into groups based on the admission-to-surgery time (interval between injury and definitive surgery): 1-14, 15-21, and >21 days. Patients were analysed for associations between admission-to-surgery time and postoperative outcomes, including operative time, estimated blood loss, blood transfusion, postoperative complication, and quality of reduction. Eighty-five patients with a mean follow-up time of 3.94 ± 1.84 years were analysed for the association between admission-to-surgery time and conversion to total hip arthroplasty, the Modified Merle d'Aubigné and Postel score, EQ-5D score, ability to sit cross-legged, and ability to sit squat. Multivariable linear regression was used for continuous outcomes and logistic regression for categorical outcomes associated with delayed operative fixation. An admission-to-surgery time > 14 days was associated with significantly higher blood loss [785 mL (236-1335), p = 0.006]. For associated fractures, an admission-to-surgery time > 21 days increased the risk of poor reduction [odds ratio (OR), 5.21 (1.42-19.11), p = 0.013]. Further, admission-to-surgery time > 21 days was associated with poor Modified Merle d'Aubigné and Postel scores [OR, 8.46 (1.48-48.29), p = 0.016], EQ-5D pain domain [OR, 3.55 (1.15-11), p = 0.028], and EQ-5D usual activity domain [OR, 4.24 (1.28-14), p = 0.018]. Delayed operative fixation of acetabular fractures after 21 days affected the functional outcomes and HRQOL, independent of the reduction status. Surgical interventions and patient referrals should occur at the earliest and within 21 days from the time of injury. The online version contains supplementary material available at 10.1007/s43465-024-01163-x.","RAYYAN-INCLUSION: {""Dhruv ""=>""Included""}",,,,
rayyan-637106654,Predictive Modeling of Medical- and Orthopaedic-Related 90-Day Readmissions Following Primary Total Hip Arthroplasty.,2024,1,1,The Journal of arthroplasty,,,,,Khan ST and Pasqualini I and Rullán PJ and Tidd J and Jin Y and Klika AK and Deren ME and Piuzzi NS,https://pubmed.ncbi.nlm.nih.gov/38797449/,,,,"The rate of unplanned hospital readmissions following total hip arthroplasty (THA) varies from 3 to 10%, representing a major economic burden. However, it is unknown if specific factors are associated with different types of complications (ie, medical or orthopaedic-related) that lead to readmissions. Therefore, this study aimed to: (1) determine the overall, medical-related, and orthopaedic-related 90-day readmission rate; and (2) develop a predictive model for risk factors affecting overall, medical-related, and orthopaedic-related 90-day readmissions following THA. A prospective cohort of primary unilateral THAs performed at a large tertiary academic center in the United States from 2016 to 2020 was included (n = 8,893 patients) using a validated institutional data collection system. Orthopaedic-related readmissions were specific complications affecting the prosthesis, joint, and surgical wound. Medical readmissions were due to any other cause requiring medical management. Multivariable logistic regression models were used to investigate associations between prespecified risk factors and 90-day readmissions, as well as medical and orthopaedic-related readmissions independently. Overall, the rate of 90-day readmissions was 5.6%. Medical readmissions (4.2%) were found to be more prevalent than orthopaedic-related readmissions (1.4%). The area under the curve for the 90-day readmission model was 0.71 (95% confidence interval: 0.69 to 0.74). Factors significantly associated with medical-related readmissions were advanced age, Black race, education, Charlson Comorbidity Index, surgical approach, opioid overdose risk score, and nonhome discharge. In contrast, risk factors linked to orthopaedic-related readmissions encompassed body mass index, patient-reported outcome measure phenotype, nonosteoarthritis indication, opioid overdose risk, and nonhome discharge. Of the overall 90-day readmissions following primary THA, 75% were due to medical-related complications. Our successful predictive model for complication-specific 90-day readmissions highlights how different risk factors may disproportionately influence medical versus orthopaedic-related readmissions, suggesting that patient-specific, tailored preventive measures could reduce postoperative readmissions in the current value-based health care setting.","RAYYAN-INCLUSION: {""Dhruv ""=>""Included""}",,,,
rayyan-637106655,A clinical risk score enables early prediction of dissatisfaction 1 year after total knee arthroplasty.,2025,1,1,"Knee surgery, sports traumatology, arthroscopy : official journal of the ESSKA",,,,,Strahl A and Delsmann MM and Simon A and Ries C and Rolvien T and Beil FT,https://pubmed.ncbi.nlm.nih.gov/38796721/,,,,"Dissatisfaction after total knee arthroplasty (TKA) is a prevalent and clinically relevant problem that affects approximately 10%-20% of patients. The aim of this study is to identify factors associated with dissatisfaction 1 year after TKA. A total of 236 patients undergoing TKA were included in this prospective cohort study. Demographic data, preoperative clinical parameters (e.g., axial alignment, osteoarthritis severity) and patient-reported outcome measures (PROMs) were collected preoperatively, at 1 month and 1 year after TKA, encompassing the Knee Society Score (KSS) and Knee injury and Osteoarthritis Outcome Score (KOOS). The primary outcome was dissatisfaction 1 year after TKA, defined as ≤20 points on the KSS satisfaction scale. A risk score based on multiple regression and area under the curve (AUC) analyses was calculated to predict dissatisfaction. One year after TKA, 16% of the patients were dissatisfied. Dissatisfied patients were significantly younger (p = 0.023) and had a higher body mass index (BMI) (p = 0.007). No differences were observed in preoperative objective (p = 0.903) and functional KSS (p = 0.346), pain (p = 0.306), osteoarthritis severity (p = 0.358), axial knee alignment (p = 0.984) or psychological distress (p = 0.138). The likelihood of dissatisfaction at 1 year was 3.0, 4.0, 7.4, 4.3 and 2.8 times higher amongst patients aged <63.5 years, with a BMI > 30.1 kg/m2, a KOOSPain < 50%, a KSSFunction < 42 points and a KSSExpectation < 9 points (all at 1 month), respectively. Using these variables, a risk score with a maximum of 7 points was developed, demonstrating a high predictive value for dissatisfaction (AUC: 0.792 [95% confidence interval: 0.700-0.884], p < 0.001). Dissatisfaction 1 year after TKA can be predicted by a weighted risk score that includes patient age, BMI, pain, subjective functionality and unmet expectation 1 month postoperatively. Using the risk score, early detection of dissatisfaction has the potential to enable targeted interventions and improve patients' quality of life. Level II, Prognostic study.","RAYYAN-INCLUSION: {""Dhruv ""=>""Included""}",,,,
rayyan-637106657,Quantifying Patient Expectations for Total Knee Arthroplasty: Expectations for Improvement Are Greater Than Minimal Clinically Important Difference.,2024,1,1,The Journal of arthroplasty,,,,,Arpey NC and Tanenbaum JE and Selph TJ and Suleiman LI and Franklin PD and Patel AA and Edelstein AI,https://pubmed.ncbi.nlm.nih.gov/38750833/,,,,"Achieving a minimal clinically important difference (MCID) in patient-reported outcomes following total knee arthroplasty (TKA) is common, yet up to 20% patient dissatisfaction persists. Unmet expectations may explain post-TKA dissatisfaction. No prior studies have quantified patient expectations using the same patient-reported outcome metric as used for MCID to allow direct comparison. This was a prospective study of patients undergoing TKA with 5 fellowship-trained arthroplasty surgeons at one academic center. Baseline Patient-Reported Outcomes Measurement Information System (PROMIS) Physical Function (PF) and Pain Interference (PI) domains were assessed. Expected PROMIS scores were determined by asking patients to indicate the outcomes they were expecting at 12 months postoperatively. Predicted scores were generated from a predictive model validated in the Function and Outcomes Research for Comparative Effectiveness in Total Joint Replacement (FORCE-TJR) dataset. T-tests were used to compare baseline, expected, and predicted PROMIS scores. Expected scores were compared to PROMIS MCID values obtained from the literature. Regression models were used to identify patient characteristics associated with high expectations. There were 93 patients included. Mean age was 67 years (range, 30 to 85) and 55% were women. Mean baseline PROMIS PF and PI was 34.4 ± 6.7 and 62.2 ± 6.4, respectively. Patients expected significant improvement for PF of 1.9 times the MCID (MCID = 11.3; mean expected improvement = 21.6, 95% confidence interval [CI] 19.6 to 23.5, P < .001) and for PI of 2.3 times the MCID (MCID = 8.9; mean expected improvement = 20.6, 95% CI 19.1-22.2, P < .001). Predicted scores were significantly lower than expected scores (mean difference = 9.5, 95% CI 7.7 to 11.3, P < .001). No unique patient characteristics were associated with high expectations (P > .05). To our knowledge, this study is the first to quantify preoperative patient expectations using the same metric as MCID to allow for direct comparison. Patient expectations for improvement following TKA are ∼2× greater than MCID and are significantly greater than predicted outcome scores. This discrepancy challenges currently accepted standards of success after TKA and indicates a need for improved expectation setting prior to surgery.","RAYYAN-INCLUSION: {""Dhruv ""=>""Included""}",,,,
rayyan-637106659,"Patient-Reported Outcomes Following Periprosthetic Joint Infection of the Hip and Knee: A Longitudinal, Prospective Observational Study.",2024,1,1,The Journal of bone and joint surgery. American volume,,,,,Manning L and Rofe A and Athan E and Gill SD and Yates P and Cooper D and Davis JS and Aboltins C and Australasian Society for Infectious Diseases Clinical Research Network,https://pubmed.ncbi.nlm.nih.gov/38723046/,,,,"The role of patient-reported outcome measures (PROMs) as tools for monitoring the impact and outcomes of periprosthetic joint infection (PJI) is not well described. This study analyzed the Oxford Hip Score (OHS) or Oxford Knee Score (OKS) in a prospective observational cohort of patients with hip or knee PJI. The PIANO (Prosthetic joint Infection in Australia and New Zealand, Observational study) cohort prospectively enrolled patients with newly diagnosed PJI from multiple centers. The OHS and OKS were evaluated at PJI diagnosis (baseline) and at 3, 12, and 24 months. Scores and score changes were examined according to PJI type, patient characteristics, and management. A successful functional outcome at 12 months was defined as an OHS of >38 or OHS of >36 and/or an improvement from baseline of >12 or >9, respectively. Of the 741 participants, PROMs were available at 12 months for 233 with hip and 342 with knee PJI. Significant improvements (p < 0.0001) were seen at 12 months for both the OHS (24.5 to 36) and OKS (25 to 34), with no further improvement at 24 months. Patients with late-acute PJI had a higher median baseline OHS (35; interquartile range [22 to 46]) and OKS (30 [18 to 41]) than those with early PJI (OHS: 19 [15 to 29]; OKS: 22 [16 to 29.5]) or chronic PJI (OHS: 23 [14 to 34]; OKS 22 [14 to 28]). Logistic regression showed that a clinical cure (adjusted odds ratio [aOR] = 1.88, 95% confidence interval [CI] = 1.28 to 2.76, p = 0.001) and early PJI (aOR = 2.56, 95% CI = 1.64 to 4.07, p < 0.0001) independently predicted a successful functional outcome. Chronic renal impairment (aOR = 0.31, 95% CI = 0.13 to 0.71, p = 0.007), congestive cardiac failure (aOR = 0.41, 95% CI = 0.17 to 0.95, p = 0.04), and clinical signs of inflammation (aOR = 0.53, 95% CI = 0.33 to 0.85, p = 0.009) at diagnosis independently predicted failure to achieve a successful functional outcome. The OHS and OKS varied significantly at baseline and 12 months according to PJI type, emphasizing the need to consider the PJI type when evaluating treatment success. This study highlights superior functional outcomes associated with early PJI and with achievement of a clinical cure. Therapeutic Level II . See Instructions for Authors for a complete description of levels of evidence.","RAYYAN-INCLUSION: {""Dhruv ""=>""Included""}",,,,
rayyan-637106663,Detecting contamination events during robotic total joint arthroplasty.,2024,1,1,American journal of infection control,,,,,Lee JJ and Oladeji K and Finlay AK and Manasherob R and Amanatullah DF,https://pubmed.ncbi.nlm.nih.gov/38663453/,,,,"Robot-assisted total joint arthroplasty (robotic-TJA) has become more widespread over the last 20 years due to higher patient satisfaction and reduced complications. However, robotic TJA may have longer operative times and increased operating room traffic, which are known risk factors for contamination events. Contamination of surgical instruments may be contact- or airborne-related with documented scalpel blade contamination rates up to 9%. The robot arm is a novel instrument that comes in and out of the surgical field, so our objective was to assess whether the robot arm is a source of contamination when used in robotic TJA compared to other surgical instruments. This was a prospective, single-institution, single-surgeon pilot study involving 103 robotic TJAs. The robot arm was swabbed prior to incision and after closure. Pre- and postoperative control swabs were also collected from the suction tip and scalpel blade. Swabs were incubated for 24 hours on tryptic soy agar followed by inspection for growth of any contaminating bacteria. A contamination event was detected in 10 cases (10%). The scalpel blade was the most common site of contamination (8%) followed by the robot arm (2%) and suction tip (0%). Robotic TJA is contaminated with bacteria at a rate around 10%. Although the robot arm is an additional source of potential contamination, the robot arm accrues bacterial contamination infrequently compared to the scalpel blade. Contamination of the robot arm during robotic TJA is minimal when compared to contamination of the scalpel blade.","RAYYAN-INCLUSION: {""Dhruv ""=>""Included""}",,,,
rayyan-637106664,Factors to improve odds of success following medial opening-wedge high tibial osteotomy: a machine learning analysis.,2024,1,1,BMC musculoskeletal disorders,,,,,Yang HY and Shin YG and Shin HH and Choi JH and Seon JK,https://pubmed.ncbi.nlm.nih.gov/38658876/,,,,"Although high tibial osteotomy (HTO) is an established treatment option for medial compartment osteoarthritis, predictive factors for HTO treatment success remain unclear. This study aimed to identify informative variables associated with HTO treatment success and to develop and internally validate machine learning algorithms to predict which patients will achieve HTO treatment success for medial compartmental osteoarthritis. This study retrospectively reviewed patients who underwent medial opening-wedge HTO (MOWHTO) at our center between March 2010 and December 2015. The primary outcomes were a lack of conversion to total knee arthroplasty (TKA) and achievement of a minimal clinically important difference of improvement in the Knee Injury and Osteoarthritis Outcome Score (KOOS) at a minimum of five years postoperatively. Recursive feature selection was used to identify the combination of variables from an initial pool of 25 features that optimized model performance. Five machine learning algorithms (XGBoost, multilayer perception, support vector machine, elastic-net penalized logistic regression, and random forest) were trained using five-fold cross-validation three times and applied to an independent test set of patients. The performance of the model was evaluated by the area under the receiver operating characteristic curve (AUC). A total of 231 patients were included, and 200 patients (86.6%) achieved treatment success at the mean of 9 years of follow-up. A combination of seven variables optimized algorithm performance, and the following specific cutoffs increased the likelihood of MOWHTO treatment success: body mass index (BMI) ≤ 26.8 kg/m2, preoperative KOOS for pain ≤ 46.0, preoperative KOOS for quality of life ≤ 33.0, preoperative International Knee Documentation Committee score ≤ 42.0, preoperative Short-Form 36 questionnaire (SF-36) score > 42.25, three-month postoperative hip-knee-ankle angle > 1.0°, and three-month postoperative medial proximal tibial angle (MPTA) > 91.5° and ≤ 94.7°. The random forest model demonstrated the best performance (F1 score: 0.93; AUC: 0.81) and was transformed into an online application as an educational tool to demonstrate the capabilities of machine learning. The random forest machine learning algorithm best predicted MOWHTO treatment success. Patients with a lower BMI, poor clinical status, slight valgus overcorrection, and postoperative MPTA < 94.7 more frequently achieved a greater likelihood of treatment success. Level III, retrospective cohort study.","RAYYAN-INCLUSION: {""Dhruv ""=>""Included""}",,,,
rayyan-637106665,Evaluation of reduced ('Lite') compression versus brief bandaging to manage post-operative pain after total knee arthroplasty surgery; a single-centre randomised controlled trial.,2024,1,1,International journal of orthopaedic and trauma nursing,,,,,Dawson M and Hage W and Nita C and Bell L and Gorman J and Jonker L,https://pubmed.ncbi.nlm.nih.gov/38626558/,,,,"Investigate efficacy of reduced compression bandage for the control of pain after total knee arthroplasty. Prospective, single-centre, randomised controlled trial involving data for 56 out of 94 consented patients; 29 standard care versus 27 Andoflex TLC Calamine Lite. Comparison of standard care (non-compression bandage applied for up to one day) versus Andoflex TLC Calamine Lite (25-30 mmHg) two-layer compression bandage worn for five days. Outcomes measured with validated pain (McGill, 10-cm visual scale) and functionality (KOOS) tools. At day 5 post-surgery, the median pain level was 3.0 cm vs 4.0 cm (p-value 0.47, Mann-Whitney U test) respectively. Generic pain levels, pain types, and knee functionality did not differ between the interventions at days 3/5/12 and week 6 post-surgery. An exception was the degree of 'tender' pain at day 12, which was significantly lower in the Andoflex TLC Calamine Lite arm (p-value 0.041, Mann-Whitney U test). Binary logistic regression analysis showed that application of Andoflex TLC Calamine Lite, administration of oxycodone, and male sex were all significantly associated with less 'tender' pain. Reduced compression bandaging does not affect overall pain levels post knee arthroplasty surgery, but may alleviate pain experienced as 'tender', highlighting the different types of pain that may be experienced. Patients' need for, and the use of, opioid medication (oxycodone) is a significant confounding variable when assessing adjuvant therapy to control pain. The applicability of reduced compression bandaging may therefore be limited and is less efficient than medical pain control.","RAYYAN-INCLUSION: {""Dhruv ""=>""Included""}",,,,
rayyan-637106667,High Area Deprivation Index is Associated With Not Achieving the Patient-acceptable Symptom State After TKA.,2024,1,1,Clinical orthopaedics and related research,,,,,Hadad MJ and Pasqualini I and Klika AK and Jin Y and Deren ME and Krebs VE and Murray TG and Piuzzi NS,https://pubmed.ncbi.nlm.nih.gov/38569119/,,,,"The Area Deprivation Index (ADI) approximates a patient's relative socioeconomic deprivation. The ADI has been associated with increased healthcare use after TKA, but it is unknown whether there is an association with patient-reported outcome measures (PROMs). Given that a high proportion of patients are dissatisfied with their results after TKA, and the large number of these procedures performed, knowledge of factors associated with PROMs may indicate opportunities to provide support to patients who might benefit from it. (1) Is the ADI associated with achieving the minimum clinically important difference (MCID) for the Knee Injury and Osteoarthritis Outcome Score (KOOS) for pain, Joint Replacement (JR), and Physical Function (PS) short forms after TKA? (2) Is the ADI associated with achieving the patient-acceptable symptom state (PASS) thresholds for the KOOS pain, JR, and PS short forms? This was a retrospective study of data drawn from a longitudinally maintained database. Between January 2016 and July 2021, a total of 12,239 patients underwent unilateral TKA at a tertiary healthcare center. Of these, 92% (11,213) had available baseline PROM data and were potentially eligible. An additional 21% (2400) of patients were lost before the minimum study follow-up of 1 year or had incomplete data, leaving 79% (8813) for analysis here. The MCID is the smallest change in an outcome score that a patient is likely to perceive as a clinically important improvement, and the PASS refers to the threshold beyond which patients consider their symptoms acceptable and consistent with adequate functioning and well-being. MCIDs were calculated using a distribution-based method. Multivariable logistic regression models were created to investigate the association of ADI with 1-year PROMs while controlling for patient demographic variables. ADI was stratified into quintiles based on their distribution in our sample. Achievement of MCID and PASS thresholds was determined by the improvement between preoperative and 1-year PROMs. After controlling for patient demographic factors, ADI was not associated with an inability to achieve the MCID for the KOOS pain, KOOS PS, or KOOS JR. A higher ADI was independently associated with an increased risk of inability to achieve the PASS for KOOS pain (for example, the odds ratio of those in the ADI category of 83 to 100 compared with those in the 1 to 32 category was 1.34 [95% confidence interval 1.13 to 1.58]) and KOOS JR (for example, the OR of those in the ADI category of 83 to 100 compared with those in the 1 the 32 category was 1.29 [95% CI 1.10 to 1.53]), but not KOOS PS (for example, the OR of those in the ADI category of 83 to 100 compared with those in the 1 the 32 category was 1.09 [95% CI 0.92 to 1.29]). Our findings suggest that social and economic factors are associated with patients' perceptions of their overall pain and function after TKA, but such factors are not associated with patients' perceptions of their improvement in symptoms. Patients from areas with higher deprivation may be an at-risk population and could benefit from targeted interventions to improve their perception of their healthcare experience, such as through referrals to nonemergent medical transportation and supporting applications to local care coordination services before proceeding with TKA. Future research should investigate the mechanisms underlying why socioeconomic disadvantage is associated with inability to achieve the PASS, but not the MCID, after TKA. Level III, therapeutic study.","RAYYAN-INCLUSION: {""Dhruv ""=>""Included""}",,,,
rayyan-637106670,Use and Application of Large Language Models for Patient Questions Following Total Knee Arthroplasty.,2024,1,1,The Journal of arthroplasty,,,,,Bains SS and Dubin JA and Hameed D and Sax OC and Douglas S and Mont MA and Nace J and Delanois RE,https://pubmed.ncbi.nlm.nih.gov/38490569/,,,,"A consumer-focused health care model not only allows unprecedented access to information, but equally warrants consideration of the appropriateness of providing accurate patient health information. Nurses play a large role in influencing patient satisfaction following total knee arthroplasty (TKA), but they come at a cost. A specific natural language artificial intelligence (AI) model, ChatGPT (Chat Generative Pre-trained Transformer), has accumulated over 100 million users within months of launching. As such, we aimed to compare: (1) orthopaedic surgeons' evaluation of the appropriateness of the answers to the most frequently asked patient questions after TKA; and (2) patients' comfort level in answering their postoperative questions by using answers provided by arthroplasty-trained nurses and ChatGPT. We prospectively created 60 questions based on the most commonly asked patient questions following TKA. There were 3 fellowship-trained surgeons who assessed the answers provided by arthroplasty-trained nurses and ChatGPT-4 to each of the questions. The surgeons graded each set of responses based on clinical judgment as: (1) ""appropriate,"" (2) ""inappropriate"" if the response contained inappropriate information, or (3) ""unreliable,"" if the responses provided inconsistent content. Patients' comfort level and trust in AI were assessed using Research Electronic Data Capture (REDCap) hosted at our local hospital. The surgeons graded 44 out of 60 (73.3%) responses for the arthroplasty-trained nurses and 44 out of 60 (73.3%) for ChatGPT to be ""appropriate."" There were 4 responses graded ""inappropriate"" and one response graded ""unreliable"" provided by the nurses. For the ChatGPT response, there were 5 responses graded ""inappropriate"" and no responses graded ""unreliable."" There were 136 patients (53.8%) who were more comfortable with the answers provided by ChatGPT compared to 86 patients (34.0%) who preferred the answers from arthroplasty-trained nurses. Of the 253 patients, 233 (92.1%) were uncertain if they would trust AI to answer their postoperative questions. There were 127 patients (50.2%) who answered that if they knew the previous answer was provided by ChatGPT, their comfort level in trusting the answer would change. One potential use of ChatGPT can be found in providing appropriate answers to patient questions after TKA. At our institution, cost expenditures can potentially be minimized while maintaining patient satisfaction. Inevitably, successful implementation is dependent on the ability to provide information that is credible and in accordance with the objectives of both physicians and patients. III.","RAYYAN-INCLUSION: {""Dhruv ""=>""Included""}",,,,
rayyan-637106671,Individualizing a Total Knee Arthroplasty with Three-Dimensional Planning.,2024,1,1,Journal of the American Academy of Orthopaedic Surgeons. Global research & reviews,,,,,Dossett HG and Deckey DG and Clarke HD and Spangehl MJ,https://pubmed.ncbi.nlm.nih.gov/38478756/,,,,"Total knee arthroplasty (TKA) is evolving from mechanical alignment to more individualized alignment options in an attempt to improve patient satisfaction. Thirteen-year survival of kinematically aligned prostheses has recently been shown to be similar to mechanically aligned TKA, allaying concerns of long-term failure of this newer individualized technique. There is a complex inter-relationship of three-dimensional knee and limb alignment for a TKA. This article will review planning parameters necessary to individualize each knee, along with a discussion of how these parameters are related in three dimensions. Future use of computer software and machine learning has the potential to identify the ideal surgical plan for each patient. In the meantime, the material presented here can assist surgeons as newer individual alignment planning becomes a reality.","RAYYAN-INCLUSION: {""Dhruv ""=>""Included""}",,,,
rayyan-637106673,Predictive Tool Use and Willingness for Surgery in Patients With Knee Osteoarthritis: A Randomized Clinical Trial.,2024,1,1,JAMA network open,,,,,Zhou Y and Patten L and Spelman T and Bunzli S and Choong PFM and Dowsey MM and Schilling C,https://pubmed.ncbi.nlm.nih.gov/38457182/,,,,"Despite the increasing number of tools available to predict the outcomes of total knee arthroplasty (TKA), the effect of these predictive tools on patient decision-making remains uncertain. To assess the effect of an online predictive tool on patient-reported willingness to undergo TKA. This parallel, double-masked, 2-arm randomized clinical trial compared predictive tool use with treatment as usual (TAU). The study was conducted between June 30, 2022, and July 31, 2023. Participants were followed up for 6 months after enrollment. Participants were recruited from a major Australian private health insurance company and from the surgical waiting list for publicly funded TKA at a tertiary hospital. Eligible participants had unilateral knee osteoarthritis, were contemplating TKA, and had previously tried nonsurgical interventions, such as lifestyle modifications, physiotherapy, and pain medications. The intervention group was provided access to an online predictive tool at the beginning of the study. This tool offered information regarding the likelihood of improvement in quality of life if patients chose to undergo TKA. The predictions were based on the patient's age, sex, and baseline symptoms. Conversely, the control group received TAU without access to the predictive tool. The primary outcome measure was the reduction in participants' willingness to undergo surgery at 6 months after tool use as measured by binomial logistic regression. Secondary outcome measures included participant treatment preference and the quality of their decision-making process as measured by the Knee Decision Quality Instrument. Of 211 randomized participants (mean [SD] age, 65.8 [8.3] years; 118 female [55.9%]), 105 were allocated to the predictive tool group and 106 to the TAU group. After adjusting for baseline differences in willingness for surgery, the predictive tool did not significantly reduce the primary outcome of willingness for surgery at 6 months (adjusted odds ratio, 0.85; 95% CI, 0.42-1.71; P = .64). Despite the absence of treatment effect on willingness for TKA, predictive tools might still enhance health outcomes of patients with knee osteoarthritis. Additional research is needed to optimize the design and implementation of predictive tools, address limitations, and fully understand their effect on the decision-making process in TKA. ANZCTR.org.au Identifier: ACTRN12622000072718.","RAYYAN-INCLUSION: {""Dhruv ""=>""Included""}",,,,
rayyan-637106674,Predicting 30-day unplanned hospital readmission after revision total knee arthroplasty: machine learning model analysis of a national patient cohort.,2024,1,1,Medical & biological engineering & computing,,,,,Chen TL and Shimizu MR and Buddhiraju A and Seo HH and Subih MA and Chen SF and Kwon YM,https://pubmed.ncbi.nlm.nih.gov/38451418/,,,,"Revision total knee arthroplasty (TKA) is associated with a higher risk of readmission than primary TKA. Identifying individual patients predisposed to readmission can facilitate proactive optimization and increase care efficiency. This study developed machine learning (ML) models to predict unplanned readmission following revision TKA using a national-scale patient dataset. A total of 17,443 revision TKA cases (2013-2020) were acquired from the ACS NSQIP database. Four ML models (artificial neural networks, random forest, histogram-based gradient boosting, and k-nearest neighbor) were developed on relevant patient variables to predict readmission following revision TKA. The length of stay, operation time, body mass index (BMI), and laboratory test results were the strongest predictors of readmission. Histogram-based gradient boosting was the best performer in distinguishing readmission (AUC: 0.95) and estimating the readmission probability for individual patients (calibration slope: 1.13; calibration intercept: -0.00; Brier score: 0.064). All models produced higher net benefit than the default strategies of treating all or no patients, supporting the clinical utility of the models. ML demonstrated excellent performance for the prediction of readmission following revision TKA. Optimization of important predictors highlighted by our model may decrease preventable hospital readmission following surgery, thereby leading to reduced financial burden and improved patient satisfaction.","RAYYAN-INCLUSION: {""Dhruv ""=>""Included""}",,,,
rayyan-637106676,Functional and radiological outcomes of periacetabular osteotomy for hip dysplasia in patients under fifty years using a minimally invasive approach-a single surgeon series with a minimum follow up of two years.,2024,1,1,International orthopaedics,,,,,Sunil Kumar KH and Bhargava K and Stamp G and Malviya A,https://pubmed.ncbi.nlm.nih.gov/38407597/,,,,"We conducted a retrospective analysis of prospectively collected data to evaluate (1) the extent of surgical correction following minimally invasive periacetabular osteotomy, (2) improvements in functional outcomes and any potential predictors for favourable outcome, and (3) complications after minimally invasive periacetabular osteotomy. A total of 352 minimally invasive periacetabular osteotomy procedures were performed on 312 hip dysplasia patients between 2013 and 2020. Radiological parameters such as lateral centre edge angle, acetabular index, and Tönnis grade of arthritis were calculated. Patients also completed a range of patient reported outcome measures. Wilcoxon signed-rank tests were performed to assess for differences between patient reported outcome measures and radiological outcomes across the follow-up periods. Univariate linear regression and logistic regression were used to assess for predictors of change in functional outcome. Patients had a significant correction in mean lateral centre edge angle from 17.2° to 35.3° (p < 0.001) and mean acetabular index from 13.2° to - 0.82°. At one year follow-up all patient reported outcome measures were significantly greater than their baseline measurements and this improvement was maintained at two years. Changes in patient reported outcome measures were independent of radiological parameters such as change in the lateral centre edge angle and acetabular index, pre-operative Tönnis grade, and patient factors such as age and sex. A total of 5.11% of patients developed post-operative complications, with four requiring posterior column fixation. Four patients (1.12%) needed a total hip replacement. Minimally invasive periacetabular osteotomy is a safe procedure that provides significant functional outcome improvements following surgery at six months which is maintained at two years. More than three-fourths of patients achieved improvement of iHOT-12 score beyond the minimal clinically important difference and more than half of the patients achieved substantial clinical benefit for iHOT-12 score.","RAYYAN-INCLUSION: {""Dhruv ""=>""Included""}",,,,
rayyan-637106679,Prediction of postoperative gait speed change after bilateral primary total knee arthroplasty in female patients using a machine learning algorithm.,2024,1,1,"Orthopaedics & traumatology, surgery & research : OTSR",,,,,Lee DW and Han HS and Lee MC and Ro DH,https://pubmed.ncbi.nlm.nih.gov/38382881/,,,,"An important aim of total knee arthroplasty is to achieve functional recovery, which includes post-operative increase in walking speed. Therefore, predicting whether a patient will walk faster or slower after surgery is important in TKA, which has not been studied in previous literatures. Who walks faster and who walks slower after TKA? Can we predict these kinds of patients before surgery? Whether or not a patient walk faster after total knee arthroplasty can be predicted with preoperative characteristics. In this retrospective cohort study, 128 female patients who underwent staged bilateral total knee arthroplasty were analyzed with gait analysis preoperatively and at postoperative two years. These patients were divided into three different groups according to the percentage of gait speed change after total knee arthroplasty: 1) V(+), more than 10% gait speed increase; 2) V(-), more than 10% gait speed decrease; and 3) V(0), those in-between. Gait parameters, mechanical axis angles, WOMAC pain score and Knee Society scores of the two groups (V(+) and V(-)) were compared. Furthermore, a classification model predicting whether a patient walks faster after total knee arthroplasty was designed using a machine learning algorithm. After total knee arthroplasty, average gait speed increased by 0.07m/s from 0.87m/s to 0.94m/s (p<0.001) and gait speed increased in 43.8% of the patients (n=56). However, gait speed decreased in a significant number of patients (n=17, 13.3%). When V(+) and V(-) groups were compared, gait speed, cadence, sagittal/coronal knee range of motion, and Knee Society Function score were lower in the V(+) group before surgery, but became higher after surgery. Gait speed change could be predicted using three variables (preoperative gait speed, age, and the magnitude of mechanical axis angle). The area under the receiver operating characteristic curve of the machine learning model was 0.86. After total knee arthroplasty, gait speed was maintained or increased in most patients. However, gait speed decreased in a significant number of patients. The machine learning classification model showed a good predictive performance, which could aid in the decision-making and the timing of total knee arthroplasty. III; retrospective cohort study.","RAYYAN-INCLUSION: {""Dhruv ""=>""Included""}",,,,
rayyan-637106681,Development of a Machine-Learning Model for Anterior Knee Pain After Total Knee Arthroplasty With Patellar Preservation Using Radiological Variables.,2024,1,1,The Journal of arthroplasty,,,,,Barahona M and Guzmán MA and Cartes S and Arancibia AE and Mora JE and Barahona MA and Palma D and Hinzpeter JR and Infante CA and Barrientos CN,https://pubmed.ncbi.nlm.nih.gov/38364878/,,,,"Anterior knee pain (AKP) following total knee arthroplasty (TKA) with patellar preservation is a common complication that significantly affects patients' quality of life. This study aimed to develop a machine-learning model to predict the likelihood of developing AKP after TKA using radiological variables. A cohort of 131 anterior stabilized TKA cases (105 patients) without patellar resurfacing was included. Patients underwent a follow-up evaluation with a minimum 1-year follow-up. The primary outcome was AKP, and radiological measurements were used as predictor variables. There were 2 observers who made the radiological measurement, which included lower limb dysmetria, joint space, and coronal, sagittal, and axial alignment. Machine-learning models were applied to predict AKP. The best-performing model was selected based on accuracy, precision, sensitivity, specificity, and Kappa statistics. Python 3.11 with Pandas and PyCaret libraries were used for analysis. A total of 35 TKA had AKP (26.7%). Patient-reported outcomes were significantly better in the patients who did not have AKP. The Gradient Boosting Classifier performed best for both observers, achieving an area under the curve of 0.9261 and 0.9164, respectively. The mechanical tibial slope was the most important variable for predicting AKP. The Shapley test indicated that high/low mechanical tibial slope, a shorter operated leg, a valgus coronal alignment, and excessive patellar tilt increased AKP risk. The results suggest that global alignment, including sagittal, coronal, and axial alignment, is relevant in predicting AKP after TKA. These findings provide valuable insights for optimizing TKA outcomes and reducing the incidence of AKP.","RAYYAN-INCLUSION: {""Dhruv ""=>""Included""}",,,,
rayyan-637106682,Functional outcome of direct anterior versus posterior approach in total hip arthroplasty: a propensity-matched Asian study.,2024,1,1,Singapore medical journal,,,,,Loh B and Padki A and Yew A and Pang HN,https://pubmed.ncbi.nlm.nih.gov/38363645/,,,,"The direct anterior approach (DAA) to total hip arthroplasty (THA) is a surgical approach that minimises soft tissue trauma, resulting in faster rehabilitation when compared to a posterior approach (PA). This study aimed to evaluate the difference between the two groups in an Asian cohort using propensity score matching. A retrospective review of prospectively collected registry data of 794 primary THAs was performed. The effects on patients with DAA THA versus patients with PA THA were investigated. Propensity scores were generated using logistic regression to adjust for confounding variables of age, gender, body mass index and diagnosis. Data analysis was performed, and statistical significance was defined as a P value < 0.05. The average length of stay (LOS) for the PA group and DAA group was 5.4 days and 2.9 days, respectively (P < 0.001). One (1.9%) patient from the PA group suffered a posterior dislocation 6 months after surgery and subsequently underwent revision surgery 2 years later. No dislocations were detected in the DAA group. The DAA group had better functional outcome, satisfaction and expectation scores at 6 months and 2 years. In this study, patients who underwent DAA THA had better functional outcome at 2 years and almost 2 days shorter overall LOS than those who underwent PA THA. Therefore, the DAA to THA is a novel technique that has shown improved functional outcomes, with fewer complications compared to PA THA.","RAYYAN-INCLUSION: {""Dhruv ""=>""Included""}",,,,
rayyan-637106683,Total Knee Arthroplasty Kinematics Predict Patient-Reported Outcome Measures: Implications for Clinical Kinematic Examinations.,2024,1,1,The Journal of arthroplasty,,,,,Banks SA and Catani F and Deckard ER and Mahoney OM and Matsuda S and Meneghini RM and Victor JMK,https://pubmed.ncbi.nlm.nih.gov/38360280/,,,,"A core tenet of total knee arthroplasty (TKA) is that achieving more natural kinematics will lead to superior patient outcomes. Yet this relationship has not been proven for large representative cohorts of TKA patients because accurately measuring 3-dimensional TKA kinematics is time-consuming and expensive. But advanced imaging systems and machine learning-enhanced analysis software will soon make it practical to measure knee kinematics preoperatively and postoperatively in the clinic using radiographic methods. The purpose of this study was to assess the reported relationships between TKA kinematics and outcomes and distill those findings into a proposal for a clinically practical protocol for a clinical kinematic exam. This study reviewed the recent literature relating TKA kinematics to patient outcomes. There were 10 studies that reported statistical associations between TKA kinematics and patient outcome scores utilizing a range of functional activities. We stratified these activities by the complexity of the radiographic examination to create a proposed examination protocol, and we generated a list of requirements and characteristics for a practical TKA clinical kinematic examination. Given considerations for a clinically practical kinematic exam, including equipment, time and other resources, we propose 3 exam levels. With basic radiographs, we suggest studying single-leg stance in extension, lunge or squat, and kneeling. For fluoroscopic systems with X-ray pulses up to 20 ms, we propose chair-rise or stair ascent to provide additional dynamic information. For fluoroscopic systems with X-ray pulses of less than 10 ms, we propose rapid open-chain knee flexion-extension to simulate the highly dynamic swing phase of gait. It is our hope that this proposed examination protocol spurs discussion and debate so that there can be a consensus approach to clinical examination of knee and TKA kinematics when the rapidly advancing hardware and software capabilities are in place to do so.","RAYYAN-INCLUSION: {""Dhruv ""=>""Included""}",,,,
rayyan-637106684,Disease progression and clinical outcomes in latent osteoarthritis phenotypes: Data from the Osteoarthritis Initiative.,2024,1,1,Research square,,,,,Huang Z and Bucklin MA and Guo W and Martin JT,https://pubmed.ncbi.nlm.nih.gov/38343849/,,,,"The prevalence of knee osteoarthritis (OA) is widespread and the heterogeneous patient factors and clinical symptoms in OA patients impede developing personalized treatments for OA patients. In this study, we used unsupervised and supervised machine learning to organize the heterogeneity in knee OA patients and predict disease progression in individuals from the Osteoarthritis Initiative (OAI) dataset. We identified four distinct knee OA phenotypes using unsupervised learning that were defined by nutrition, disability, stiffness, and pain (knee and back) and were strongly related to disease fate. Interestingly, the absence of supplemental vitamins from an individual's diet was protective from disease progression. Moreover, we established a phenotyping tool and prognostic model from 5 variables (WOMAC disability score of the right knee, WOMAC total score of the right knee, WOMAC total score of the left knee, supplemental vitamins and minerals frequency, and antioxidant combination multivitamins frequency) that can be utilized in clinical practice to determine the risk of knee OA progression in individual patients. We also developed a prognostic model to estimate the risk for total knee replacement and provide suggestions for modifiable variables to improve long-term knee health. This combination of unsupervised and supervised data-driven tools provides a framework to identify knee OA phenotype in a clinical scenario and personalize treatment strategies.","RAYYAN-INCLUSION: {""Dhruv ""=>""Included""}",,,,
rayyan-637106685,Time-Dependent Prediction Models for Individual Prognosis of Chronic Postsurgical Pain following Knee Replacement Based on an Extensive Multivariable Data Set.,2024,1,1,Journal of clinical medicine,,,,,Betz U and Clarius M and Krieger M and Konradi J and Kuchen R and Schollenberger L and Wiltink J and Drees P,https://pubmed.ncbi.nlm.nih.gov/38337556/,,,,"(1) Background: Clinically useful prediction models for chronic postsurgical pain (CPSP) in knee replacement (TKA) are lacking. (2) Methods: In our prospective, multicenter study, a wide-ranging set of 91 variables was collected from 933 TKA patients at eight time points up to one year after surgery. Based on this extensive data pool, simple and complex prediction models were calculated for the preoperative time point and for 6 months after surgery, using least absolute shrinkage and selection operator (LASSO) 1se and LASSO min, respectively. (3) Results: Using preoperative data only, LASSO 1se selected age, the Revised Life Orientation Test on pessimism, Western Ontario and McMaster Universities Osteoarthritis Index (WOMAC)-subscore pain and the Timed ""Up and Go"" Test for prediction, resulting in an area under the curve (AUC) of 0.617 and a Brier score of 0.201, expressing low predictive power only. Using data up to 6 months after surgery, LASSO 1se included preoperative Patient Health Questionnaire-4, Knee Injury and Osteoarthritis Outcome Score (KOOS)-subscore pain (pain) 3 months after surgery (month), WOMAC pain 3 and 6 months, KOOS subscore symptoms 6 months, KOOS subscore sport 6 months and KOOS subscore Quality of Life 6 months. This improved the predictive power to an intermediate one (AUC 0.755, Brier score 0.168). More complex models computed using LASSO min did little to further improve the strength of prediction. (4) Conclusions: Even using multiple variables and complex calculation methods, the possibility of individual prediction of CPSP after TKA remains limited.","RAYYAN-INCLUSION: {""Dhruv ""=>""Included""}",,,,
rayyan-637106686,Clinical Outcomes and Risk Factors for Re-Revision Due to Trunnion Corrosion in Primary Metal-on-Polyethylene Total Hip Arthroplasty.,2024,1,1,The Journal of arthroplasty,,,,,Ali E and Neufeld ME and Howard LC and Masri BA and Greidanus NV and Garbuz DS,https://pubmed.ncbi.nlm.nih.gov/38336304/,,,,"There is a paucity of literature regarding the mid-term (greater than 2 years) outcomes of revision for adverse local tissue reaction to metal debris due to corrosion at the head-neck junction (trunnionosis) in metal-on-polyethylene total hip arthroplasty (THA), and risk factors for re-revision remain largely unknown. We aimed to report the re-revision-free survival and functional outcomes for this patient population and to identify risk factors for re-revision. A total of 80 hips (79 patients) with a metal-on-polyethylene THA who had undergone revision for trunnionosis at our institution were included. The mean study follow-up from index trunnionosis revision was 4.6 years (range, 2.0 to 9.4). Kaplan-Meier survival analysis was performed with all-cause re-revision as the end point, and multivariate logistic regression was used to identify risk factors for re-revision. We saw that twenty-one hips (26%) underwent re-revision at a mean of 8.0 months (range, 0.03 to 36.3) after the index trunnionosis revision, most commonly for instability and infection. The two- and five-year all-cause re-revision-free survival rates were 75.0 and 73.2%, respectively. The mean Oxford Hip Score was 33.7 (range, 11 to 48); 76% were satisfied, and 24% were dissatisfied with their hip. Multivariate analysis identified not undergoing a cup revision (odds ratio: 4.5; 95% confidence interval: 1.03 to 19.7) and time from primary THA to the index trunnionosis revision (odds ratio: 0.77; 95% confidence interval: 0.62 to 0.97) as risk factors for undergoing re-revision. The risk of early re-revision for these patients is high (26%), mostly due to infection and instability, and functional outcomes are fair. Not performing a cup revision appears to be a risk factor for re-revision, as is the shorter time from primary THA to trunnionosis revision. III.","RAYYAN-INCLUSION: {""Dhruv ""=>""Included""}",,,,
rayyan-637106688,Predicting Functional Outcomes of Total Hip Arthroplasty Using Machine Learning: A Systematic Review.,2024,1,1,Journal of clinical medicine,,,,,Clement ND and Clement R and Clement A,https://pubmed.ncbi.nlm.nih.gov/38276109/,,,,"The aim of this review was to assess the reliability of machine learning (ML) techniques to predict the functional outcome of total hip arthroplasty. The literature search was performed up to October 2023, using MEDLINE/PubMed, Embase, Web of Science, and NIH Clinical Trials. Level I to IV evidence was included. Seven studies were identified that included 44,121 patients. The time to follow-up varied from 3 months to more than 2 years. Each study employed one to six ML techniques. The best-performing models were for health-related quality of life (HRQoL) outcomes, with an area under the curve (AUC) of more than 84%. In contrast, predicting the outcome of hip-specific measures was less reliable, with an AUC of between 71% to 87%. Random forest and neural networks were generally the best-performing models. Three studies compared the reliability of ML with traditional regression analysis: one found in favour of ML, one was not clear and stated regression closely followed the best-performing ML model, and one showed a similar AUC for HRQoL outcomes but did show a greater reliability for ML to predict a clinically significant change in the hip-specific function. ML offers acceptable-to-excellent discrimination of predicting functional outcomes and may have a marginal advantage over traditional regression analysis, especially in relation to hip-specific hip functional outcomes.","RAYYAN-INCLUSION: {""Dhruv ""=>""Included""}",,,,
rayyan-637106689,The Effect of Central Sensitization on Postoperative Neurocognitive Dysfunction in Hospitalized Elderly Patients: A Prospective Cohort Clinical Trial.,2024,1,1,Experimental aging research,,,,,Yu L and Yang D and Zhou Q and Yin C and Zhang Q and Li W and Yu J and Wang Q,https://pubmed.ncbi.nlm.nih.gov/38192192/,,,,"To investigate whether central sensitization (CS) in elderly patients was a predictive risk factor for postoperative neurocognitive dysfunction (PNCD). One hundred and thirty-three aged patients undergoing total knee arthroplasty (TKA) who received femoral nerve block and general anesthesia were recruited in this research and prospectively assigned into two groups according to the Central Sensitization Inventory (CSI) score: group C (n = 106, CSI score less than 40) and group CS (n = 27, CSI score higher than 40). Scores of Montreal Cognitive Assessment (MoCA), Mini-Mental State Examination (MMSE), Confusion Assessment Method (CAM), Numerical Rating Scale (NRS) and Quality of recovery-40 (QoR-40) questionnaires were assessed. Basic information and clinical records of all participants were also collected. PNCD occurred in 24 (22.6%) of patients in group C and 16 (59.3%) in group CS (p < .05). Multivariate logistic regression analysis revealed that patients with CSI score ≥40 before surgery exhibited higher risk of PNCD after adjustment for other risk factors (p < .05). Compared to group C, the pre- and post-operative NRS scores, pain duration, the WOMAC score, and propofol consumptions for anesthesia induction were significantly increased in group CS (p < .05). Hospitalized elderly patients with clinical symptoms of CS scores may have increased risk of PNCD following TKA.","RAYYAN-INCLUSION: {""Dhruv ""=>""Included""}",,,,
rayyan-637106692,The influence of mental health on early outcomes following total hip arthroplasty.,2024,1,1,Archives of orthopaedic and trauma surgery,,,,,Tamate T and Nishioka S and Ry LD and Weldon RH and N AS and Nakasone CK,https://pubmed.ncbi.nlm.nih.gov/38135788/,,,,"Poor mental health is difficult to recognize and as a result, its association with recovery from total joint arthroplasty is difficult to assess. The purpose of this study was to investigate the relationship between overall mental health scores and outcomes in the early postoperative period following unilateral total hip arthroplasty (THA). This is a retrospective review of prospectively collected data involving 142 patients who underwent primary unilateral THA. Independent variables included patient demographics and preoperative Patient-Reported Outcomes Measurement Information System (PROMIS), Global Physical Health (GPH) and Global Mental Health (GMH) and Hip Disability and Osteoarthritis Outcome Score, Joint Replacement (HOOS JR) scores as well as diagnoses of depression or anxiety. Dependent variables included length of stay (LOS), disposition at discharge, narcotic consumption until discharge, 6-week postoperative GPH, GMH and HOOS JR scores and magnitude of change compared to preoperative scores. Preoperative GMH and postoperative outcomes were compared using Pearson correlation coefficient, independent t-tests, Pearson's Chi-Square test, and univariate logistic regression. Patients with preoperative GMH scores below the 25% quartile were less likely to be discharged home and resulted in lower GPH, GMH and HOOS JR scores at 6-week follow-up compared to patients with preoperative GMH scores in the top 25% quartile. However, patients with low preoperative GMH scores demonstrated a greater magnitude of improvement in both the GPH and GMH scores compared to patients in the top 25% quartile. There was no difference in opioid consumption or LOS between either groups. When comparing patients with and without depression/anxiety, no difference was seen in any of the outcomes measured. Unilateral THA offers significant improvements in both physical and mental function to patients with hip osteoarthritis and poor mental health, though overall scores remain lower than in those with better mental health.","RAYYAN-INCLUSION: {""Dhruv ""=>""Included""}",,,,
rayyan-637106695,The psoas muscle index as a useful predictor of total hip arthroplasty outcomes.,2024,1,1,Archives of orthopaedic and trauma surgery,,,,,Okamoto Y and Wakama H and Matsuyama J and Nakamura K and Saika T and Otsuki S and Neo M,https://pubmed.ncbi.nlm.nih.gov/38063880/,,,,"The aim of this study is to assess the association between the psoas muscle index (PMI) and total hip arthroplasty (THA) outcomes. This is a critical issue as sarcopenia has been associated with poor patient satisfaction post-THA. This was a retrospective case-control study of 205 THAs, with a mean follow-up of 3.6 (range, 2.0-5.5) years. Age, sex, serum immune markers, spinopelvic parameters, PMI (quantified as the cross-sectional area of the psoas, bilaterally, at L3 divided by the individual's height squared), and patient-reported outcomes were compared between patients 'with' (n = 118) and 'without' (n = 87) achievement of a minimum clinically important difference (MCID) improvement in the EuroQol 5-Dimension (EQ-5D), post-THA. Logistic regression and receiver operating characteristic curve analyses were used to identify predictive factors. A ≥ MCID improvement in the EQ-5D was associated with the PMI (odds ratio, 0.75; 95% confidence interval, 0.63-0.91; P = 0.028), prognostic nutritional index (odds ratio, 0.85; 95% confidence interval, 0.45-0.94; P = 0.043), and age (odds ratio, 1.09; 95% confidence interval, 1.01-1.18; P = 0.044). After adjusting the PMI threshold to 4.0 cm2/m2 for females and 6.4 cm2/m2 for males, there were significant differences in serum factors (P = 0.041 for albumin and P = 0.016 for a prognostic nutritional index < 40), MCID (P < 0.001 for EQ-5D, P < 0.001 for low back pain, and P = 0.008 for the Hip Disability and Osteoarthritis Outcome Score Joint Replacement score), patient satisfaction (P = 0.003), and T1 pelvic angle (P = 0.030). The PMI, which is associated with nutritional status and global sagittal spinal deformity, does predict THA outcomes. Therefore, it can be useful when discussing THA expectations with patients.","RAYYAN-INCLUSION: {""Dhruv ""=>""Included""}",,,,
rayyan-637106696,Fostering Excellence in Knee Arthroplasty: Developing Optimal Patient Care Pathways and Inspiring Knowledge Transfer of Advanced Surgical Techniques.,2023,1,1,Journal of healthcare leadership,,,,,Migliorini F and Feierabend M and Hofmann UK,https://pubmed.ncbi.nlm.nih.gov/38020721/,,,,"Osteoarthritis of the knee is common. Early sports trauma or cartilage defects are risk factors for osteoarthritis. If conservative treatment fails, partial or total joint replacement is often performed. A joint replacement aims to restore physiological biomechanics and the quality of life of affected patients. Total knee arthroplasty is one of the most performed surgeries in musculoskeletal medicine. Several developments have taken place over the last decades that have truly altered the way we look at knee arthroplasty today. Some of the fascinating aspects will be presented and discussed in the present narrative review.","RAYYAN-INCLUSION: {""Dhruv ""=>""Included""}",,,,
rayyan-637106699,[A multicenter randomized controlled trial of domestic robot-assisted and conventional total knee arthroplasty].,2023,1,1,Zhongguo xiu fu chong jian wai ke za zhi = Zhongguo xiufu chongjian waike zazhi = Chinese journal of reparative and reconstructive surgery,,,,,Li Y and Zhang X and Cao L and Sun Y and Ye Y and Xie J and Hu Y and Li Z and Tang B,https://pubmed.ncbi.nlm.nih.gov/37987040/,,,,"To investigate the accuracy, safety, and short-term effectiveness of a domestic robot-assisted system in total knee arthroplasty (TKA) by a multicenter randomized controlled trial. Between December 2021 and February 2023, 138 patients with knee osteoarthritis who received TKA in 5 clinical centers were prospectively collected, and 134 patients met the inclusion criteria were randomly assigned to either a trial group ( n=68) or a control group ( n=66). Seven patients had lost follow-up and missing data, so they were excluded and the remaining 127 patients were included for analysis, including 66 patients in the trial group and 61 patients in the control group. There was no significant difference ( P>0.05) in gender, age, body mass index, side, duration of osteoarthritis, Kellgren-Lawrence grading, preoperative Knee Society Score (KSS) and Western Ontario and McMaster University Osteoarthritis Index (WOMAC) score between the two groups. The trial group completed the TKA by domestic robot-assisted osteotomy according to the preoperative CT-based surgical planning. The control group was performed by traditional osteotomy plate combined with soft tissue release. Total operation time, osteotomy time of femoral/tibial side, intraoperative blood loss, and postoperative complications were recorded and compared between the two groups. The radiographs were taken at 5 and 90 days after operation, and hip-knee-ankle angle (HKA), lateral distal angle of femur (LDFA), and posterior tibial slope (PTS) were measured. The difference between the measured values of the above indexes at two time points after operation and the preoperative planning target values was calculated, and the absolute value (absolute error) was taken for comparison between the two groups. The postoperative recovery of lower limb alignment was judged and the accuracy was calculated. KSS score and WOMAC score were used to evaluate the knee joint function of patients before operation and at 90 days after operation. The improvement rates of KSS score and WOMAC score were calculated. The function, stability, and convenience of the robot-assisted system were evaluated by the surgeons. The total operation time and femoral osteotomy time of the trial group were significantly longer than those of the control group ( P<0.05). There was no significant difference in the tibial osteotomy time and the amount of intraoperative blood loss between the two groups ( P>0.05). The incisions of both groups healed by first intention after operation, and there was no infection around the prosthesis. Nine patients in the trial group and 8 in the control group developed lower extremity vascular thrombosis, all of which were calf intermuscular venous thrombosis, and there was no significant difference in the incidence of complications ( P>0.05). All patients were followed up 90 days. There was no significant difference in KSS score and WOMAC score between the two groups at 90 days after operation ( P>0.05). There was significant difference in the improvement rate of KSS score between the two groups ( P<0.05), while there was no significant difference in the improvement rate of WOMAC score between the two groups ( P>0.05). Radiological results showed that the absolute errors of HKA and LDFA in the trial group were significantly smaller than those in the control group at 5 and 90 days after operation ( P<0.05), and the recovery accuracy of lower limb alignment was significantly higher than that in control group ( P<0.05). The absolute error of PTS in the trial group was significantly smaller than that in the control group at 5 days after operation ( P<0.05), but there was no significant difference at 90 days between the two groups ( P>0.05). The functional satisfaction rate of the robot-assisted system was 98.5% (65/66), and the satisfaction rates of stability and convenience were 100% (66/66). Domestic robot-assisted TKA is a safe and effective surgical treatment for knee osteoarthritis, which can achieve favorable lower limb alignment reconstruction, precise implant of prosthesis, and satisfactory functional recovery.","RAYYAN-INCLUSION: {""Dhruv ""=>""Included""}",,,,
rayyan-637106700,Robotic-assisted TKA is Not Associated With Decreased Odds of Early Revision: An Analysis of the American Joint Replacement Registry.,2024,1,1,Clinical orthopaedics and related research,,,,,Kirchner GJ and Stambough JB and Jimenez E and Nikkel LE,https://pubmed.ncbi.nlm.nih.gov/37962943/,,,,"Robotic-assisted TKA continues to see wider clinical use, despite limited knowledge of its impact on patient satisfaction and implant survival. Most studies to date have presented small cohorts and came from single-surgeon or single-center experiences. Therefore, a population-level comparison of revision rates between robotic-assisted and conventional TKA in the registry setting may help arthroplasty surgeons better define whether robotic assistance provides a meaningful advantage compared with the conventional technique. (1) After controlling for confounding variables, such as surgeon, location of surgery, and patient comorbidity profile, were robotic-assisted TKAs less likely than conventional TKAs to result in revision for any reason at 2 years? (2) After again controlling for confounding variables, were robotic-assisted TKAs less likely to result in any specific reasons for revision than the conventional technique at 2 years? The American Joint Replacement Registry was used to identify patients 65 years or older who underwent TKA between January 2017 and March 2020 with a minimum of 2 years of follow-up. Patients were limited to age 65 yeas or older to link TKAs to Medicare claims data. Two retrospective cohorts were created: robotic-assisted TKA and conventional TKA. Patient demographic variables included in the analysis were age, gender, BMI, and race. Additional characteristics included the Charlson comorbidity index, anesthesia type, year of the index procedure, and length of stay. A total of 10% (14,216 of 142,550) of TKAs performed during this study period used robotics. Patients with robotic-assisted TKA and those with conventional TKA were similar regarding age (73 ± 6 years versus 73 ± 6 years; p = 0.31) and gender (62% [8736 of 14,126] versus 62% [79,399 of 128,334] women; p = 0.34). A multivariable, mixed-effects logistic regression model was created to analyze the odds of all-cause revision as a factor of robot use, and a logistic regression model was created to investigate specific revision diagnoses. After controlling for potentially confounding variables, such as surgeon, location of surgery, and Charlson comorbidity index, we found no difference between the robotic-assisted and conventional TKAs in terms of the odds of revision at 2 years (OR of robotic-assisted versus conventional TKA 1.0 [95% CI 0.8 to 1.3]; p = 0.92). The reasons for revision of robotic-assisted TKA did not differ from those of conventional TKA, except for an increased odds of instability (OR 1.6 [95% CI 1.0 to 2.4]; p = 0.04) and pain (OR 2.1 [95% CI 1.4 to 3.0]; p < 0.001) in the robotic-assisted cohort. In light of these findings, surgeons should not assume that robotic assistance in TKA will lead to improved early implant survival. Our findings do not support an improvement over conventional TKA with robotic assistance with regards to common causes of early revisions such malalignment, malposition, stiffness, pain, and instability, and in some cases, suggest there is a benefit to conventional TKA. Differences in the mid-term and long-term revision risk with conventional versus robotic-assisted TKA remain unknown. Appropriate informed consent around the use of robotic assistance should not imply decreased early revision risk. Level III, therapeutic study.","RAYYAN-INCLUSION: {""Dhruv ""=>""Included""}",,,,
rayyan-637106702,Medium-term patient's satisfaction after primary total knee arthroplasty: enhancing prediction for improved care.,2024,1,1,"Orthopaedics & traumatology, surgery & research : OTSR",,,,,Ulivi M and Orlandini L and D'Errico M and Perrotta R and Perfetti S and Ferrante S and Dui LG,https://pubmed.ncbi.nlm.nih.gov/37890525/,,,,"Patient-reported satisfaction after total knee arthroplasty (TKA) is low compared to other orthopedic procedures. Although several factors have been reported to influence TKA outcomes, it is still challenging to identify patients who will experience dissatisfaction five years after surgery, thereby improving their management. Indeed, both perioperative information and follow-up questionnaires seem to lack statistical predictive power. This study aims to demonstrate that machine learning can improve the prediction of patient satisfaction, especially when classical statistics fail to identify complex patterns that lead to dissatisfaction. Patients who underwent primary TKA were included in a Registry that collected baseline data and clinical outcomes at different follow-ups. The patients were divided into satisfied and dissatisfied groups based on a satisfaction questionnaire administered five years after surgery. Satisfaction was predicted using linear statistical models compared to machine learning algorithms. A total of 147 subjects were analyzed. Regarding statistics, significant differences between satisfaction levels started emerging only six months after the intervention, and the classification was close to random guessing. However, machine learning algorithms could improve the prediction by 72% soon after the intervention, and an improvement of 178% was possible when including follow-ups up to one year. This study demonstrates the feasibility of a registry-based approach for monitoring and predicting satisfaction using ML algorithms. III.","RAYYAN-INCLUSION: {""Dhruv ""=>""Included""}",,,,
rayyan-637106705,Clinical significance of relative pelvic version measurement as a predictor of low back pain after total hip arthroplasty.,2023,1,1,"European spine journal : official publication of the European Spine Society, the European Spinal Deformity Society, and the European Section of the Cervical Spine Research Society",,,,,Okamoto Y and Wakama H and Matsuyama J and Nakamura K and Saika T and Otsuki S and Neo M,https://pubmed.ncbi.nlm.nih.gov/37779107/,,,,"To evaluate the association between the preoperative global alignment and proportion (GAP) score and low back pain (LBP) after total hip arthroplasty (THA). This was a retrospective case-control study of 200 patients who underwent primary unilateral THA for hip osteoarthritis. The following variables were compared between individuals with (n = 76) and without (n = 124) LBP after THA over a mean follow-up of 2 years: age, sex, GAP score, and patient-reported outcome measures. Logistic regression and receiver operating characteristic curve analyses were used to detect predictive factors. The following parameters were predictive of post-THA LBP: relative pelvic version (RPV) <-7° (odds ratio, 1.43; 95% confidence interval, 1.10-1.72; P = 0.032) and relative lumbar lordosis <-15° (odds ratio, 1.13; 95% confidence interval, 1.04-2.13; P = 0.041) preoperatively. Using an RPV cutoff value of - 7° (specificity 61/64 = 0.953; sensitivity 121/136 = 0.890), there were significant between-group differences in LBP visual analog scale (P = 0.020), Oswestry Disability Index (ODI, P = 0.014), EuroQol 5-Dimension (P = 0.027), Hip Disability and Osteoarthritis Outcome Score Joint Replacement (HOOS JR, P = 0.012), patient satisfaction (P = 0.024). There was clinically meaningful improvement for LBP visual analog scale (P = 0.001), ODI (P = 0.004), and HOOS JR (P < 0.001). The RPV before THA was correlated with HOOS JR (r = 0.773, P = 0.012) and ODI (r = - 0.602, P = 0.032) postoperatively. Among the GAP score, a moderate-to-severe pelvic retroversion was significantly associated with LBP post-THA. The RPV measurement may be a useful predictor of THA outcome, which may influence patient satisfaction.","RAYYAN-INCLUSION: {""Dhruv ""=>""Included""}",,,,
rayyan-637106706,Using Unsupervised Machine Learning to Predict Quality of Life After Total Knee Arthroplasty.,2024,1,1,The Journal of arthroplasty,,,,,Hunter J and Soleymani F and Viktor H and Michalowski W and Poitras S and Beaulé PE,https://pubmed.ncbi.nlm.nih.gov/37770008/,,,,"Patient-reported outcome measures (PROMs) are an important metric to assess total knee arthroplasty (TKA) patients. The purpose of this study was to use a machine learning (ML) algorithm to identify patient features that impact PROMs after TKA. Data from 636 TKA patients enrolled in our patient database between 2018 and 2022, were retrospectively reviewed. Their mean age was 68 years (range, 39 to 92), 56.7% women, and mean body mass index of 31.17 (range, 16 to 58). Patient demographics and the Functional Comorbidity Index were collected alongside Patient-Reported Outcome Measures Information System Global Health v1.2 (PROMIS GH-P) physical component scores preoperatively, at 3 months, and 1 year after TKA. An unsupervised ML algorithm (spectral clustering) was used to identify patient features impacting PROMIS GH-P scores at the various time points. The algorithm identified 5 patient clusters that varied by demographics, comorbidities, and pain scores. Each cluster was associated with predictable trends in PROMIS GH-P scores across the time points. Notably, patients who had the worst preoperative PROMIS GH-P scores (cluster 5) had the most improvement after TKA, whereas patients who had higher global health rating preoperatively had more modest improvement (clusters 1, 2, and 3). Two out of Five patient clusters (cluster 4 and 5) showed improvement in PROMIS GH-P scores that met a minimally clinically important difference at 1-year postoperative. The unsupervised ML algorithm identified patient clusters that had predictable changes in PROMs after TKA. It is a positive step toward providing precision medical care for each of our arthroplasty patients.","RAYYAN-INCLUSION: {""Dhruv ""=>""Included""}",,,,
rayyan-637106709,Perioperative safety and efficacy of robot-assisted total hip arthroplasty in ERAS-managed patients: a pilot study.,2023,1,1,Journal of orthopaedic surgery and research,,,,,Lu H and Sun H and Xiao Q and Xu H and Zhou Q and Li L and Yan T and Wang D and Zhou Z,https://pubmed.ncbi.nlm.nih.gov/37723565/,,,,"Robot-assisted total hip arthroplasty (rTHA) boasts superior accuracy in implant placement, but there is a lack of effective assessment in perioperative management in the context of enhanced recovery after surgery (ERAS). This study aimed to compare the effectiveness and safety of rTHA versus conventional total hip arthroplasty (cTHA) in ERAS-managed patients. In this prospective trial, a total of 60 eligible patients aged between 18 and 80 years were randomly divided into two groups to undergo either rTHA or cTHA. The primary outcomes included blood loss parameters. Secondary outcomes were the duration of the operation, surgical time, WOMAC pain score, WOMAC stiffness score, WOMAC physical function score, Harris score, and postoperative complications. The study cohort analyzed 59 eligible participants, 30 of whom underwent rTHA and 29 of whom underwent cTHA. Analysis could not be conducted for one patient due to severe anemia. Notably, the cTHA group had a significantly shorter surgical time than the rTHA group (69.49 ± 18.97 vs. 104.20 ± 19.63 min, P < 0.001). No significant differences were observed between the rTHA and cTHA groups for blood loss parameters, including total blood loss (1280.30 ± 404.01 vs. 1094.86 ± 494.39 ml, P = 0.137) and drainage volume (154.35 ± 121.50 vs. 159.13 ± 135.04 ml, P = 0.900), as well as intraoperative blood loss (126.67 ± 38.80 vs. 118.52 ± 60.68 ml, P = 0.544) and hidden blood loss (982.43 ± 438.83 vs. 784.00 ± 580.96 ml, P = 0.206). Only one patient in the cTHA group required allogeneic blood transfusion. At 3 months postoperatively, both groups showed improvements in WOMAC pain score, WOMAC stiffness score, WOMAC physical function score, and Harris score, with no significant differences found between the two groups. Few complications were reported in both groups without significant differences. Despite the longer surgical time, rTHA did not negatively affect blood loss, pain, or functional recovery or lead to an increased risk of complications in ERAS-managed patients, suggesting that rTHA can be safely and effectively incorporated into an ERAS program for primary THA.","RAYYAN-INCLUSION: {""Dhruv ""=>""Included""}",,,,
rayyan-637106710,"The development of machine learning algorithms that can predict patients satisfaction using baseline characteristics, and preoperative and operative factors of total knee arthroplasty.",2023,1,1,The Knee,,,,,Nam HS and Ho JPY and Park SY and Cho JH and Lee YS,https://pubmed.ncbi.nlm.nih.gov/37703604/,,,,"Patient satisfaction following primary total knee arthroplasty (TKA) is a crucial part to evaluate the success of the procedure. The purpose of this study was to develop to predict patient satisfaction following TKA. Satisfaction outcome data after 435 consecutive conventional TKAs performed between August 2020 and December 2021 were retrospectively collected. The total 26 input data were collected. The most favorable algorithm was first found using logistic regression (LR) and machine learning (ML) algorithms. To evaluate the predictive performance of the models, both area under curve (AUC) and F1-score were used as the primary metrics. The shapley additive explanations (SHAP) feature explanation in XGBoost and LR analysis were performed to interpret the model. The performance of extreme gradient boosting classifier (XGBoost) was only higher than that of conventional LR in AUC (0.782 vs. 0.689). Comparing the F-1 score, only XGBoost showed better performance than LR (0.857 vs. 0.800). The most predictive feature in XGBoost was Short Form-36 physical and mental component summary scores (SF-36 MCS), followed by Western Ontario and McMaster Universities Osteoarthritis Index (WOMAC) pain, Bone mineral density (BMD). In the LR analysis, lumbar spine disease, WOMAC pain, and BMD were statistically significant. XGboost showed the best performance and was superior to conventional LR in the prediction of patient satisfaction after TKA. The SF-36 MCS was the most important feature in the ML model. WOMAC pain and BMD were meaningful variables and demonstrated a linear relationship with satisfaction in both the LR and ML models. Retrospective cohort study; Level of evidence 3.","RAYYAN-INCLUSION: {""Dhruv ""=>""Included""}",,,,
rayyan-637106711,Recent Trends and Hotspots in Hip Arthroplasty: A Bibliometric Analysis and Visualization Study of Last Five-Year Publications.,2023,1,1,The archives of bone and joint surgery,,,,,Poursalehian M and Javadzade E and Mortazavia SJ,https://pubmed.ncbi.nlm.nih.gov/37674701/,,,,"Bibliometric analysis is one of the most prevalent methods for analyzing and predicting research trends of particular subjects. Through a bibliometric analysis, the present study sought to look into and depict the hotspots and research trends in hip arthroplasty research over the previous five years. The Web of Science Core Collection database was used to find studies on hip arthroplasty published between 2018 and 2022. The VOS viewer, Cite Space, and Bibliometrix were used to carry out the bibliometric study and network visualization. During the last five years, 5,708 hip arthroplasty publications were cited 40,765 times. The United States and the Journal of Arthroplasty were the top countries and journals regarding the number of studies, respectively. The top 10 global high-impact documents were determined using the citation ranking and citation burst. The most frequently referenced research revealed the epidemiological aspects of hip arthroplasty, perioperative care after hip arthroplasty, COVID-19, periprosthetic joint infections, opioid medicines, stability, and osteonecrosis were the hot topics in hip arthroplasty research. Keyword burst analysis showed that the research trends in hip arthroplasty through 2022 were patient-reported outcome measures (PROM), depression, racial disparity, and artificial intelligence (AI). The analysis of the subject areas revealed the close connections and relationships between different subject areas, as demonstrated by the figures. The hip arthroplasty research community is very productive and highly centralized. Periprosthetic joint infection, dual-mobility cups, spinopelvic mobility, direct anterior approach, outpatient total hip arthroplasty, polyethylene, periprosthetic fracture, acetabular defects, tranexamic acid, developmental dysplasia of the hip, and safety-net hospitals were recent trends in hip arthroplasty research. Patient-reported outcome measures, depression, racial disparities, and AI were research hotspots in hip arthroplasty.","RAYYAN-INCLUSION: {""Dhruv ""=>""Included""}",,,,
rayyan-637106713,Analysis of predictive factors for post-traumatic osteoarthritis and poor outcomes in acetabular fractures treated surgically.,2023,1,1,Acta orthopaedica et traumatologica turcica,,,,,Kavak M and Çeliksöz AH and Tokmak B and Inan U,https://pubmed.ncbi.nlm.nih.gov/37670447/,,,,"The aims of this study were (i) to assess the radiological and functional outcomes of surgically treated displaced acetabular fractures and (ii) to analyze the predictive factors of poor outcomes following surgery. A total of 119 patients (24 female, 95 male) who were operated between 2009 and 2019 were included in the study. The mean age was 47.5 years (range=18-61). The mean follow-up was 92.3 months (range=24-120). Failure to preserve the biological hip joint, as treated with total hip replacement or the Girdlestone procedure, was defined as a poor outcome. Patients' demographic information, comorbidities, fracture types, surgical approach, concomitant injuries, reduction quality, and complications were analyzed. Computed tomography was utilized to evaluate the fracture type and quality of reduction. Factors affecting poor outcomes were analyzed by logistic regression analysis. The modified Harris Hip Score was also used to evaluate the functional status. The poor outcome rate was 10.1%. Multivariate logistic regression analysis revealed that dislocation (odds ratio: 44.87, confi- dence interval: 3.18-633.22, P=.005), wound site problems (odds ratio: 9.09, confidence interval: 1.01-81.12, P=.04), reduction quality (odds ratio: 77.88, confidence interval: 5.95-1019.07, P = .001), and diabetes (odds ratio: 7.29, confidence interval: 1.01-52.07, P = .04) were associated with poor outcomes. Eight of the 12 patients with poor outcomes had a fair Harris Hip Score, and 4 had a poor Harris Hip Score. The relationship between poor outcomes and Harris Hip Score was found to be significant (P < .001). For a favorable functional outcome in acetabular fractures, preservation of the biological hip joint should be a top priority. The accompanying dislocation and the patient's diabetes appear to be uncontrollable factors for the poor prognosis. Good reduction qual- ity and wound infection protection are modifiable factors. Level IV, Therapeutic Study.","RAYYAN-INCLUSION: {""Dhruv ""=>""Included""}",,,,
rayyan-637106716,Bone Mineral Density is Associated With Adverse Events but not Patient-Reported Outcomes in Total Hip and Knee Arthroplasty.,2024,1,1,The Journal of arthroplasty,,,,,Meyer M and Leiß F and Götz JS and Holzapfel DE and Grifka J and Weber M,https://pubmed.ncbi.nlm.nih.gov/37607640/,,,,"Although osteoporosis is common in patients undergoing elective total hip arthroplasty (THA) and total knee arthroplasty (TKA), its impact on postoperative outcomes has been inadequately studied. The purpose of this study was to evaluate the impact of bone mineral density (BMD) on adverse events and patient-reported outcomes in THA and TKA. A series of 1,306 THA and 1,046 TKA patients who had received osteodensitometry were analyzed retrospectively. Rates of readmission, complication, transfusion, and patient-reported outcome were correlated with BMD. Multivariable logistic regression models were used to assess the relationship between osteoporosis and adverse events. Osteoporosis patients showed higher rates of 90-day readmission (THA: 8.5% versus 4.0%, P = .02; TKA: 8.9% versus 4.4%, P = .04) and transfusion (THA: 6.8% versus 1.2%, P < .001; TKA: 5.4% versus 1.5%, P = .005). After THA, rates of complications requiring intensive care management (5.1% versus 0.7%, P < .001) and rates of medical complications (3.5% versus 0.6%, P = .001) were increased. After TKA, rates of surgical complications (2.8% versus 0.8%, P = .04) were increased. Postoperatively, osteoporosis patients improved to comparable patient-reported outcomes as patients who had normal BMD. Multivariable logistic regression analyses revealed osteoporosis as an independent risk factor for readmissions, complications, and transfusions. Osteoporosis is a risk factor for adverse events after THA and TKA. Affected patients show similar improvement of patient-reported outcome compared to patients who have normal BMD. As osteoporosis is modifiable, a systematic screening of patients scheduled for THA or TKA should be discussed.","RAYYAN-INCLUSION: {""Dhruv ""=>""Included""}",,,,
rayyan-637106718,Using Presurgical Biopsychosocial Features to Develop an Advanced Clinical Decision-Making Support Tool for Predicting Recovery Trajectories in Patients Undergoing Total Knee Arthroplasty: Protocol for a Prospective Observational Study.,2023,1,1,JMIR research protocols,,,,,Ribbons K and Johnson S and Ditton E and Wills A and Mason G and Flynn T and Cochrane J and Pollack M and Walker FR and Nilsson M,https://pubmed.ncbi.nlm.nih.gov/37556181/,,,,"Following total knee arthroplasty (TKA), 10% to 20% of patients report dissatisfaction with procedural outcomes. There is growing recognition that postsurgical satisfaction is shaped not only by the quality of surgery but also by psychological and social factors. Surprisingly, information on the psychological and social determinants of surgical outcomes is rarely collected before surgery. A comprehensive collection of biopsychosocial information could assist clinicians in making recommendations in relation to rehabilitation, particularly if there is robust evidence to support the ability of presurgical constructs to predict postsurgical outcomes. Clinical decision support tools can help identify factors influencing patient outcomes and support the provision of interventions or services that can be tailored to meet individuals' needs. However, despite their potential clinical benefit, the application of such tools remains limited. This study aims to develop a clinical decision tool that will assist with patient stratification and more precisely targeted clinical decision-making regarding prehabilitation and rehabilitation for TKA, based on the identified individual biopsychosocial needs. In this prospective observational study, all participants provided written or electronic consent before study commencement. Patient-completed questionnaires captured information related to a broad range of biopsychosocial parameters during the month preceding TKA. These included demographic factors (sex, age, and rurality), psychological factors (mood status, pain catastrophizing, resilience, and committed action), quality of life, social support, lifestyle factors, and knee symptoms. Physical measures assessing mobility, balance, and functional lower body strength were performed via video calls with patients in their home. Information related to preexisting health issues and concomitant medications was derived from hospital medical records. Patient recovery outcomes were assessed 3 months after the surgical procedure and included quality of life, patient-reported knee symptoms, satisfaction with the surgical procedure, and mood status. Machine learning data analysis techniques will be applied to determine which presurgery parameters have the strongest power for predicting patient recovery following total knee replacement. On the basis of these analyses, a predictive model will be developed. Predictive models will undergo internal validation, and Bayesian analysis will be applied to provide additional metrics regarding prediction accuracy. Patient recruitment and data collection commenced in November 2019 and was completed in June 2022. A total of 1050 patients who underwent TKA were enrolled in this study. Our findings will facilitate the development of the first comprehensive biopsychosocial prediction tool, which has the potential to objectively predict a patient's individual recovery outcomes following TKA once selected by an orthopedic surgeon to undergo TKA. If successful, the tool could also inform the evolution rehabilitation services, such that factors in addition to physical performance can be addressed and have the potential to further enhance patient recovery and satisfaction. DERR1-10.2196/48801.","RAYYAN-INCLUSION: {""Dhruv ""=>""Included""}",,,,
rayyan-637106719,Knee arthroscopy has limited effects on relieving local symptoms of knee osteoarthritis: an analysis of data from the Osteoarthritis Initiative.,2024,1,1,Clinical rheumatology,,,,,Ou Y and Xiong T and Li N and Liu S and Yi X and Deng X and Guo D and Chen S and Cheng T and Hao L,https://pubmed.ncbi.nlm.nih.gov/37556004/,,,,"Knee arthroscopy's efficacy in symptom improvement for knee osteoarthritis remains debated. In this study, we analyzed a multicenter database to investigate local symptom improvement. We extracted and analyzed the data of 163 patients from the Osteoarthritis Initiative cohort who underwent unilateral knee arthroscopy (UKA) and were followed up for at least 24 months. UKA patients were matched to non-UKA patients (n = 163) according to sex, age, abdominal circumference, and Kellgren-Lawrence grade. The verified KOOS questionnaires (knee catching, locking, grinding, or clicking) and common local symptoms (frequent knee pain, aching, or stiffness) were set as outcomes. Furthermore, we built a binary logistic regression model to examine the relationship between UKA and local symptom improvement and new-onset symptoms, adjusting for conservative therapeutic covariables (injection of steroids or transparent acid into the knee joint, oral chondroitin sulfate, amino glucose, or analgesics). Analysis showed that the UKA and non-UKA groups showed no obvious difference in the three knee symptoms, but the probability of new-onset grinding or clicking, and frequent knee pain, aching, or stiffness symptoms in the UKA group were respectively 5.82 and 5.65-fold higher than that in the non-UKA group. After analyzing conservative treatment data using a multiple imputation method, the results were consistent with previous regression analyses. Compared to the non-UKA group, the UKA group showed no noticeable differences in the improvement of the three knee symptoms and showed an increased the probability of new-onset grinding or clicking and frequent knee pain, aching, or stiffness symptoms. Key Points • Knee arthroscopy may increase the probability of new-onset grinding or clicking and frequent knee pain, aching, or stiffness symptoms. • We found no difference in the improvement of local knee symptoms (knee catching, locking, grinding, clicking or frequent pain, aching, or stiffness) improvement between the two groups with or without knee arthroscopy.","RAYYAN-INCLUSION: {""Dhruv ""=>""Included""}",,,,
rayyan-637106720,Dancers Show Significant Improvement in Outcomes and Favorable Return-to-Dance Rates After Primary Hip Arthroscopy With Femoral Head Cartilage Status Being a Predictor of Secondary Surgical Procedures at Mid-Term Follow-Up.,2024,1,1,Arthroscopy : the journal of arthroscopic & related surgery : official publication of the Arthroscopy Association of North America and the International Arthroscopy Association,,,,,Maldonado DR and Lee MS and Saeed SK and Bruning RE and Curley AJ and Domb BG,https://pubmed.ncbi.nlm.nih.gov/37532163/,,,,"To report minimum 5-year follow-up patient-reported outcome measurement (PROM) scores and return-to-dance rates in dancers who underwent primary hip arthroscopy and to identify predictors of secondary surgical procedures. Prospectively collected data from patients who underwent hip arthroscopy between May 2010 and June 2016 were retrospectively reviewed. Patients were included if they participated in dance at any level 1 year prior to surgery and had preoperative and minimum 5-year follow-up scores consisting of the modified Harris Hip Score, Nonarthritic Hip Score, Hip Outcome Score-Sports Specific Subscale, and visual analog scale pain score. The exclusion criteria were previous hip conditions, previous ipsilateral hip surgery, Tönnis grade greater than 1, or lateral center-edge angle less than 18°. The minimal clinically important difference (MCID) was reported. Dancers who discontinued dance for reasons other than pain in the operative hip were excluded from the return-to-dance analysis. A logistic regression model was used to identify predictors of secondary surgical procedures. Fifty-one hips (48 female dancers) were included. The average age and average follow-up period were 29.8 ± 17.2 years and 79.1 ± 23.2 months, respectively. Improvement in all PROM scores (P < .001) was reported. Achievement rates of the MCID for the modified Harris Hip Score, Nonarthritic Hip Score, and visual analog scale pain score were 83.3%, 85.7%, and 85.7%, respectively. Revision hip arthroscopy was performed in 5 dancers (9.8%). Conversion to total hip arthroplasty was performed in 4 dancers (7.8%). The return-to-dance rate was 78.6%, with 57.6% returning to the preinjury performance level or a higher level. Higher femoral head Outerbridge grade was identified as a predictor of secondary surgical procedures (P = .045; odds ratio, 6.752 [95% confidence interval, 1.043-43.688]). After primary hip arthroscopy, dancers experienced significant improvement in all PROM scores collected and achieved the MCID at a high rate at minimum 5-year follow-up. The return-to-dance rate in dancers who did not discontinue dance because of lifestyle transitions was 78.6%, with 57.6% returning to the preinjury performance level or a higher level. Higher femoral head Outerbridge grade was found to be a predictor of secondary surgical procedures. Level IV, case series.","RAYYAN-INCLUSION: {""Dhruv ""=>""Included""}",,,,
rayyan-637106721,Hip Joint Angles and Moments during Stair Ascent Using Neural Networks and Wearable Sensors.,2023,1,1,"Bioengineering (Basel, Switzerland)",,,,,McCabe MV and Van Citters DW and Chapman RM,https://pubmed.ncbi.nlm.nih.gov/37508811/,,,,"End-stage hip joint osteoarthritis treatment, known as total hip arthroplasty (THA), improves satisfaction, life quality, and activities of daily living (ADL) function. Postoperatively, evaluating how patients move (i.e., their kinematics/kinetics) during ADL often requires visits to clinics or specialized biomechanics laboratories. Prior work in our lab and others have leveraged wearables and machine learning approaches such as artificial neural networks (ANNs) to quantify hip angles/moments during simple ADL such as walking. Although level-ground ambulation is necessary for patient satisfaction and post-THA function, other tasks such as stair ascent may be more critical for improvement. This study utilized wearable sensors/ANNs to quantify sagittal/frontal plane angles and moments of the hip joint during stair ascent from 17 healthy subjects. Shin/thigh-mounted inertial measurement units and force insole data were inputted to an ANN (2 hidden layers, 10 total nodes). These results were compared to gold-standard optical motion capture and force-measuring insoles. The wearable-ANN approach performed well, achieving rRMSE = 17.7% and R2 = 0.77 (sagittal angle/moment: rRMSE = 17.7 ± 1.2%/14.1 ± 0.80%, R2 = 0.80 ± 0.02/0.77 ± 0.02; frontal angle/moment: rRMSE = 26.4 ± 1.4%/12.7 ± 1.1%, R2 = 0.59 ± 0.02/0.93 ± 0.01). While we only evaluated healthy subjects herein, this approach is simple and human-centered and could provide portable technology for quantifying patient hip biomechanics in future investigations.","RAYYAN-INCLUSION: {""Dhruv ""=>""Included""}",,,,
rayyan-637106726,Five-Year Outcomes of Primary Hip Arthroscopy for Femoroacetabular Impingement Syndrome Among Female Patients: Higher Body Mass Index Is Associated With Reduced Clinically Significant Outcomes.,2024,1,1,Arthroscopy : the journal of arthroscopic & related surgery : official publication of the Arthroscopy Association of North America and the International Arthroscopy Association,,,,,Shankar DS and Bi AS and Buldo-Licciardi M and Rynecki ND and Akpinar B and Youm T,https://pubmed.ncbi.nlm.nih.gov/37394153/,,,,"To evaluate the impact of age, body mass index (BMI), and symptom duration on 5-year clinical outcomes among females following primary hip arthroscopy for femoroacetabular impingement syndrome (FAIS). We conducted a retrospective review of a prospectively collected database of hip arthroscopy patients with a minimum 5-year follow-up. Patients were stratified by age (<30, 30-45, ≥45 years), BMI (<25.0, 25.0-29.9, ≥30.0), and preoperative symptom duration (<1 vs ≥1 year). Patient-reported outcomes were assessed using the modified Harris Hip Score (mHHS) and Non-Arthritic Hip Score (NAHS). Pre- to postoperative improvement in mHHS and NAHS was compared between groups using the Mann-Whitney U test or Kruskal-Wallis test. Hip survivorship rates and minimum clinically important difference (MCID) achievement rates were compared with Fisher exact test. Predictors of outcomes were identified using multivariable linear and logistic regression. P values <.05 were considered significant. In total, 103 patients were included in the analysis with a mean age of 42.0 ± 12.6 years (range, 16-75) and mean BMI of 24.9 ± 4.8 (range, 17.2-38.9). Most patients had symptoms of duration ≥1 year (60.2%). Six patients (5.8%) had arthroscopic revisions, and 2 patients (1.9%) converted to total hip arthroplasty by 5-year follow-up. Patients with BMI ≥30.0 had significantly lower postoperative mHHS (P = .03) and NAHS (P = .04) than those with BMI <25.0. Higher BMI was associated with reduced improvement in mHHS (β = -1.14, P = .02) and NAHS (β = -1.34, P < .001) and lower odds of achieving the mHHS MCID (odds ratio [OR] = 0.82, P = .02) and NAHS MCID (OR = 0.88, P = .04). Older age was predictive of reduced improvement in NAHS (β = -0.31, P = .046). Symptom duration ≥1 year was predictive of higher odds of achieving the NAHS MCID (OR = 3.98, P = .02). Female patients across a wide range of ages, BMIs, and symptom durations experience satisfactory 5-year outcomes following primary hip arthroscopy, but higher BMI is associated with reduced improvement in patient-reported outcomes. Level III, retrospective comparative prognostic trial.","RAYYAN-INCLUSION: {""Dhruv ""=>""Included""}",,,,
rayyan-637106727,Exploring treatment effect heterogeneity of a PROMs alert intervention in knee and hip arthroplasty patients: A causal forest application.,2023,1,1,Computers in biology and medicine,,,,,Langenberger B and Steinbeck V and Schöner L and Busse R and Pross C and Kuklinski D,https://pubmed.ncbi.nlm.nih.gov/37392619/,,,,"Patient reported outcome measures (PROMs) experience an uptake in use for hip (HA) and knee arthroplasty (KA) patients. As they may be used for patient monitoring interventions, it remains unclear whether their use in HA/KA patients is effective, and which patient groups benefit the most. Nonetheless, knowledge about treatment effect heterogeneity is crucial for decision makers to target interventions towards specific subgroups that benefit to a greater extend. Therefore, we evaluate the treatment effect heterogeneity of a remote PROM monitoring intervention that includes ∼8000 HA/KA patients from a randomized controlled trial conducted in nine German hospitals. The study setting gave us the unique opportunity to apply a causal forest, a recently developed machine learning method, to explore treatment effect heterogeneity of the intervention. We found that among both HA and KA patients, the intervention was especially effective for patients that were female, >65 years of age, had a blood pressure disease, were not working, reported no backpain and were adherent. When transferring the study design into standard care, policy makers should make use of the knowledge obtained in this study and allocate the treatment towards subgroups for which the treatment is especially effective.","RAYYAN-INCLUSION: {""Dhruv ""=>""Included""}",,,,
rayyan-637106731,Prediction of early functional outcomes in patients after robotic-assisted total knee arthroplasty: a nomogram prediction model.,2023,1,1,"International journal of surgery (London, England)",,,,,Duan X and Zhao Y and Zhang J and Kong N and Cao R and Guan H and Li Y and Wang K and Yang P and Tian R,https://pubmed.ncbi.nlm.nih.gov/37352526/,,,,"Robotic-assisted total knee arthroplasty (RA-TKA) is becoming more and more popular as a treatment option for advanced knee diseases due to its potential to reduce operator-induced errors. However, the development of accurate prediction models for postoperative outcomes is challenging. This study aimed to develop a nomogram model to predict the likelihood of achieving a beneficial functional outcome. The beneficial outcome is defined as a postoperative improvement of the functional Knee Society Score (fKSS) of more than 10 points, 3 months after RA-TKA by early collection and analysis of possible predictors. This is a retrospective study on 171 patients who underwent unilateral RA-TKA at our hospital. The collected data included demographic information, preoperative imaging data, surgical data, and preoperative and postoperative scale scores. Participants were randomly divided into a training set ( N =120) and a test set ( N =51). Univariate and multivariate logistic regression analyses were employed to screen for relevant factors. Variance inflation factor was used to investigate for variable collinearity. The accuracy and stability of the models were evaluated using calibration curves with the Hosmer-Lemeshow goodness-of-fit test, consistency index and receiver operating characteristic curves. Predictors of the nomogram included preoperative hip-knee-ankle angle deviation, preoperative 10-cm Visual Analogue Scale score, preoperative fKSS score and preoperative range of motion. Collinearity analysis with demonstrated no collinearity among the variables. The consistency index values for the training and test sets were 0.908 and 0.902, respectively. Finally, the area under the receiver operating characteristic curve was 0.908 (95% CI 0.846-0.971) in the training set and 0.902 (95% CI 0.806-0.998) in the test set. A nomogram model was designed hereby aiming to predict the functional outcome 3 months after RA-TKA in patients. Rigorous validation showed that the model is robust and reliable. The identified key predictors include preoperative hip-knee-ankle angle deviation, preoperative visual analogue scale score, preoperative fKSS score, and preoperative range of motion. These findings have major implications for improving therapeutic interventions and informing clinical decision-making in patients undergoing RA-TKA.","RAYYAN-INCLUSION: {""Dhruv ""=>""Included""}",,,,
rayyan-637106734,Correlation between Harris hip score and gait analysis through artificial intelligence pose estimation in patients after total hip arthroplasty.,2023,1,1,Asian journal of surgery,,,,,Lee SY and Park SJ and Gim JA and Kang YJ and Choi SH and Seo SH and Kim SJ and Kim SC and Kim HS and Yoo JI,https://pubmed.ncbi.nlm.nih.gov/37316345/,,,,"Recently, open pose estimation using artificial intelligence (AI) has enabled the analysis of time series of human movements through digital video inputs. Analyzing a person's actual movement as a digitized image would give objectivity in evaluating a person's physical function. In the present study, we investigated the relationship of AI camera-based open pose estimation with Harris Hip Score (HHS) developed for patient-reported outcome (PRO) of hip joint function. HHS evaluation and pose estimation using AI camera were performed for a total of 56 patients after total hip arthroplasty in Gyeongsang National University Hospital. Joint angles and gait parameters were analyzed by extracting joint points from time-series data of the patient's movements. A total of 65 parameters were from raw data of the lower extremity. Principal component analysis (PCA) was used to find main parameters. K-means cluster, X-squared test, Random forest, and mean decrease Gini (MDG) graph were also applied. The train model showed 75% prediction accuracy and the test model showed 81.8% reality prediction accuracy in Random forest. ""Anklerang_max"", ""kneeankle_diff"", and ""anklerang_rl"" showed the top 3 Gini importance score in the Mean Decrease Gini (MDG) graph. The present study shows that pose estimation data using AI camera is related to HHS by presenting associated gait parameters. In addition, our results suggest that ankle angle associated parameters could be key factors of gait analysis in patients who undergo total hip arthroplasty.","RAYYAN-INCLUSION: {""Dhruv ""=>""Included""}",,,,
rayyan-637106738,What Factors Identified in Initial Osteoarthritis Management Are Associated With Poor Patient-reported Outcomes After THA? A Register-based Study.,2023,1,1,Clinical orthopaedics and related research,,,,,Gustafsson K and Kvist J and Eriksson M and Rolfson O,https://pubmed.ncbi.nlm.nih.gov/37159269/,,,,"Some patients report long-term pain or no improvement in health-related quality of life (HRQoL) or are dissatisfied after THA. However, factors associated with these poorer patient-reported outcomes after surgery are inconsistent and have typically been studied in the late phase of hip osteoarthritis (OA) among patients already eligible for surgery. Earlier identification of risk factors would provide time to address modifiable factors, helping to improve patients' pain, HRQoL, and satisfaction after surgery and reduce the burden on orthopaedic clinics by referring patients who are better prepared for surgery. We analyzed data from patients with hip OA referred to a first-line OA intervention program in primary healthcare at a stage when they had not been referred for THA, and asked: (1) What percentage of patients who proceed to THA report lack of improvement in pain, lack of improvement in HRQoL as measured by the EQ-5D, or are not satisfied with surgery 1 year after THA? (2) What associations exist between baseline factors at referral to this first-line OA intervention program and these poorer patient-reported outcomes 1 year after THA? We included 3411 patients with hip OA (mean age 67 ± 9 years, 63% [2160 of 3411] women) who had been referred for first-line OA interventions between 2008 and 2015 and subsequently underwent THA for OA. All patients were initially identified through the Swedish Osteoarthritis Register, which follows and evaluates patients in a standardized national first-line OA intervention program. Then, we identified those who were also registered in the Swedish Arthroplasty Register with a THA during the study period. We included only those with complete patient-reported outcome measures for pain, HRQoL, and satisfaction preoperatively and 1-year postoperatively, representing 78% (3411 of 4368) of patients, who had the same baseline characteristics as nonrespondents. Multiple logistic regression was used to assess the associations between 14 baseline factors and the aforementioned patient-reported outcomes of pain, HRQoL, and satisfaction 1 year after THA, adjusted for all included factors. Five percent (156 of 3411) of the study population lacked improvement in pain, 11% (385 of 3411) reported no improvement in HRQoL, and 10% (339 of 3411) reported they were not satisfied with surgery 1 year after THA. Charnley Class C (multiple-joint OA or another condition that affects the ability to walk) was associated with all outcomes: lack of improvement in pain (OR 1.84 [95% CI 1.24 to 2.71]; p = 0.002), lack of improvement in HRQoL (OR 1.83 [95% CI 1.42 to 2.36]; p < 0.001), and not being satisfied (OR 1.40 [95% CI 1.07 to 1.82]; p = 0.01). Older age was associated with a lack of improvement in pain (OR per year 1.03 [95% CI 1.01 to 1.05]; p = 0.02), lack of improvement in HRQoL (OR per year 1.04 [95% CI 1.03 to 1.06]; p < 0.001), and not being satisfied (OR per year 1.03 [95% CI 1.01 to 1.05]; p < 0.001). Depression was associated with a lack of improvement in pain (OR 1.54 [95% CI 1.00 to 2.35]; p = 0.050) and with not being satisfied (OR 1.50 [95% CI 1.11 to 2.04]; p = 0.01) but not with a lack of improvement in HRQoL (OR 1.04 [95% CI 0.76 to 1.43]; p = 0.79). Having four or more comorbidities was associated with a lack of improvement in HRQoL (OR 2.08 [95% CI 1.39 to 3.10]; p < 0.001) but not with a lack of improvement in pain and not being satisfied. The results of this study showed that older age, Charley Class C, and depression in patients with first-line OA interventions were risk factors associated with poorer outcomes regarding pain, HRQoL, and satisfaction after THA. Screening patients with hip OA for depression early in the disease course would provide increased time to optimize treatments and may contribute to better patient-reported pain, HRQoL, and satisfaction after future THA. Further research should focus on identifying the optimal time for surgery in patients with depression, as well as what targeted interventions for depression can improve outcome of surgery in these patients. Level III, therapeutic study.","RAYYAN-INCLUSION: {""Dhruv ""=>""Included""}",,,,
rayyan-637106741,Long-term health related quality of life in total knee arthroplasty.,2023,1,1,BMC musculoskeletal disorders,,,,,González-Sáenz-de-Tejada M and Quintana JM and Arenaza JC and Azcarate-Garitano JR and Esnaola-Guisasola PM and García-Sánchez I and Baguer-Antonio A and Bilbao-González A,https://pubmed.ncbi.nlm.nih.gov/37098518/,,,,"To analyze evolution and factors related with greater gains in Health Related Quality of Life (HRQOL) and with a greater probability of exceed their corresponding minimal clinically important differences (MCID) in patients with Osteoarthritis of the knee, undergoing total knee arthroplasty (TKA) at long-term. Data were obtained from two previously recruited multicenter cohorts of patients who underwent TKA in the Basque Country. Patients were follow-up at 6 months and 10 years after surgery. Patients completed specific and generic HRQOL questionnaires plus sociodemographic, and clinical data at 10 years. Associations were analysed using linear and logistic regression models. A total of 471 patients responded at 10-year follow-up. The multivariable analysis showed that low preoperative HRQOL scores, higher age, higher BMI, some comorbidities and readmissions at 6 months were associated with less gains in HRQOL. Apart from aforementioned, to have a peripheral vascular disease (odd ratio 0.49 (95% CI, 0.24-0.99)), complications (odd ratio 0.31 (95% CI, 0.11-0.91)), and readmissions within 6 months of discharge (odd ratio 2.12 (95% CI, 1.18-3.80)) were associated with a lower probability of exceeding the MCID. The effect sizes (ESs) of changes from baseline to 6 months (range, 1.20-1.96) and to 10 years (range, 1.54-1.99) were large in all dimensions, nevertheless the ESs from 6 months to 10 years were not appreciable for pain (ES = 0.03) or stiffness (ES = 0.09), and small for function (ES = 0.30). Low preoperative HRQOL scores, to be elderly, severe obesity, the presence of some comorbidities -depression and rheumatology disease-, having readmissions or complications and not having rehabilitation of discharge, are good predictors of long-term lower gains in HRQOL. Some other non-registered parameters of the follow-up may also influence those outcomes. Health-Related Quality of Life, Knee Arthroplasty, Total, Osteoarthritis.","RAYYAN-INCLUSION: {""Dhruv ""=>""Included""}",,,,
rayyan-637106743,Patient appropriateness for total knee arthroplasty and predicted probability of a good outcome.,2023,1,1,RMD open,,,,,Hawker GA and Bohm E and Dunbar MJ and Faris P and Jones CA and Noseworthy T and Ravi B and Woodhouse LJ and Marshall DA and BEST-Knee Study Team,https://pubmed.ncbi.nlm.nih.gov/37068914/,,,,"One-fifth of total knee arthroplasty (TKA) recipients experience a suboptimal outcome. Incorporation of patients' preferences in TKA assessment may improve outcomes. We determined the discriminant ability of preoperative measures of TKA need, readiness/willingness and expectations for a good TKA outcome. In patients with knee osteoarthritis (OA) undergoing primary TKA, we preoperatively assessed TKA need (Western Ontario-McMaster Universities OA Index (WOMAC) Pain Score and Knee injury and Osteoarthritis Outcome Score (KOOS) function, arthritis coping), health status, readiness (Patient Acceptable Symptom State, depressive symptoms), willingness (definitely yes-yes/no) and expectations (outcomes deemed 'very important'). A good outcome was defined as symptom improvement (met Outcome Measures in Rheumatology and Osteoarthritis Research Society International (OMERACT-OARSI) responder criteria) and satisfaction with results 1 year post TKA. Using logistic regression, we assessed independent outcome predictors, model discrimination (area under the receiver operating characteristic curve, AUC) and the predicted probability of a good outcome for different need, readiness/willingness and expectations scenarios. Of 1,053 TKA recipients (mean age 66.9 years (SD 8.8); 58.6% women), 78.1% achieved a good outcome. With TKA need alone (WOMAC pain subscale, KOOS physical function short-form), model discrimination was good (AUC 0.67, 95% CI 0.63 to 0.71). Inclusion of readiness/willingness, depressive symptoms and expectations regarding kneeling, stair climbing, well-being and performing recreational activities improved discrimination (p=0.01; optimism corrected AUC 0.70, 0.66-0.74). The predicted probability of a good outcome ranged from 44.4% (33.9-55.5) to 92.4% (88.4-95.1) depending on level of TKA need, readiness/willingness, depressive symptoms and surgical expectations. Although external validation is required, our findings suggest that incorporation of patients' TKA readiness, willingness and expectations in TKA decision-making may improve the proportion of recipients that experience a good outcome.","RAYYAN-INCLUSION: {""Dhruv ""=>""Included""}",,,,
rayyan-637106744,The Relationship Between the Joint Space and Outcomes After Hip Arthroscopic Surgery for Femoroacetabular Impingement: Reevaluating the 2-mm Rule.,2023,1,1,The American journal of sports medicine,,,,,Ruzbarsky JJ and Comfort SM and Lee S and Pierpoint LA and Philippon MJ,https://pubmed.ncbi.nlm.nih.gov/37067829/,,,,"A limited joint space (<2 mm) is associated with poorer outcomes and conversion to total hip arthroplasty (THA) after hip arthroscopic surgery. As indications for hip arthroscopic surgery expand, it is important to reevaluate established risk factors among large patient populations. To reevaluate the relationship between the radiographic joint space and outcomes after hip arthroscopic surgery and to assess the validity of a joint space of 2 mm as the accepted cutoff for successful hip arthroscopic surgery. Cohort study; Level of evidence, 3. Patients aged 18 to 50 years who underwent hip arthroscopic surgery for femoroacetabular impingement between January 2008 and December 2016 and had a minimum 2-year follow-up were included. Patients with previous ipsilateral hip surgery, a history of hip fractures, dysplasia (lateral center-edge angle <20°), or osteoarthritis (Tonnis grade >2) were excluded. The joint space was categorized as diminished (≤2 mm), borderline (>2 to ≤3 mm), or preserved (>3 mm). Minimum 2-year patient-reported outcomes (modified Harris Hip Score [mHHS], Hip Outcome Score-Activities of Daily Living [HOS-ADL], Hip Outcome Score-Sports-Specific Subscale [HOS-SSS]), revision rates, and rates of conversion to THA were compared between groups. A total of 699 patients (782 hips) with a mean age of 33.8 ± 10.1 years met 2-year inclusion criteria. The mean follow-up time was 4.2 ± 2.1 years. Overall, 51 hips (6.5%) had a diminished joint space, 297 (38.0%) had a borderline joint space, and 434 (55.5%) had a preserved joint space. Patients with a diminished joint space had larger femoral and acetabular defects compared with those with larger joint spaces. All groups had improved patient-reported outcome scores compared with baseline (P < .001 for all), and there were no differences between the groups in the percentage of patients who reached the minimal clinically important difference or patient acceptable symptom state. There were also no differences between the groups in revision rates (P = .95). A greater number of hips with a diminished joint space converted to THA (n = 8 [15.7%]) compared with those with a borderline (n = 9 [3.0%]) or preserved (n = 9 [2.1%]) joint space (P < .001). Considering joint space as a continuous variable, adjusted logistic regression showed that for every millimeter decrease in the joint space, the odds of conversion to THA increased by a factor of 2.5 (odds ratio, 2.5 [95% CI, 1.6-3.8]). This study demonstrated that patients with a diminished joint space were at a higher risk of conversion to THA. Although 2 mm should not serve as a strict cutoff, patients should be counseled based on their preoperative radiographic findings accordingly.","RAYYAN-INCLUSION: {""Dhruv ""=>""Included""}",,,,
rayyan-637106745,The impact of post-traumatic stress on the clinical outcome in a cohort of patients with knee osteoarthritis and knee arthroplasty: A prospective study.,2024,1,1,Journal of orthopaedic science : official journal of the Japanese Orthopaedic Association,,,,,Long G and Duo W and Man L and Haoning M and Ping Y and Mingsheng T and Yuxiang S,https://pubmed.ncbi.nlm.nih.gov/37055273/,,,,"Knee osteoarthritis (KOA) is one of the most common musculoskeletal disorders and commonly occurs in older adults, predominantly female populations. Both populations have intimate links with trauma-related stress. Therefore, we intended to evaluate the prevalence of post-traumatic stress disorder (PTSD), which arises from KOA and determine its effects on the postoperative results in patients undergoing total knee arthroplasty (TKA). The patients who fulfilled the diagnosis of KOA from February 2018 to October 2020 were interviewed. Patients were interviewed by a senior psychiatrist about evaluating their overall experience during their most difficult or stressful situations. KOA patients who underwent TKA were further analyzed to investigate whether PTSD influences the postoperative results. The PTSD Checklist-Civilian Version (PCL-C) and Western Ontario McMaster Universities (WOMAC) Osteoarthritis Index were used to assess PTS symptoms and clinical outcomes after TKA, respectively. 212 KOA patients completed this study with a mean follow-up of 16.7 months (7-36 months). The mean age was 62.5 ± 12.3 years, and 53.3% (113/212) were women. 64.6% of the sample (137/212) underwent TKA to relieve the symptoms of KOA. Patients with either PTS or PTSD tended to be younger (P < 0.05), female (P < 0.05) and undergo TKA (P < 0.05) than their counterparts. WOMAC-pain (P < 0.05), WOMAC-stiffness (P < 0.05), and WOMAC-physical function (P < 0.05) both before TKA and 6 months after TKA in the PTSD group is significantly higher compared to their counterparts. Logistic regression analysis showed that a history of OA-inducing trauma (adjusted OR = 2.0, 95% CI = 1.7-2.3, P = 0.003), posttraumatic KOA (adjusted OR = 1.7, 95% CI = 1.4-2.0, P < 0.001), and invasive treatment (adjusted OR = 2.0, 95% CI = 1.7-2.3, P = 0.032), were significantly associated with PTSD in KOA patients. Patients with KOA, especially those undergoing TKA, are associated with PTS symptoms and PTSD, indicating the need to evaluate it and offer care for them.","RAYYAN-INCLUSION: {""Dhruv ""=>""Included""}",,,,
rayyan-637106752,Assessment of patient satisfaction following revision total knee arthroplasty.,2023,1,1,ANZ journal of surgery,,,,,Quinn J and Jones P and Randle R,https://pubmed.ncbi.nlm.nih.gov/36881523/,,,,"Patient satisfaction is becoming an increasingly important measure of healthcare quality. Satisfaction following RTKA is poorly described within the literature, resulting in difficulty for clinicians to manage patient expectations and obtain informed consent. We investigated postoperative satisfaction of RTKA patients by a single surgeon, using a single prosthesis, at a single institution. Patient satisfaction was assessed using structured telephone assessment questionnaires and review of orthopaedic/hospital records. The effect of patient and surgical characteristics on satisfaction was assessed using correlation coefficients and binary logistic regression in SPSS. Two hundred and two RTKAs were performed in 178 patients between 2004 and 2015 inclusive. One hundred and twenty-four patients (143 RTKAs) were contactable to complete satisfaction assessment. Eighty-five percent of patients were satisfied and would have the RTKA again, 8% were unsure, 7% would not. Mean reported satisfaction on a numerical scale (1-10) was 8.17 (range 1-10), with 74% of patients scoring 8 or above, and 35% of patients scoring 10. The Mahomed Satisfaction Scale outcomes demonstrated a mean score of 87.7. High positive correlation was found between assessment tools. Logistic regression analysis identified factors contributing to satisfaction included ROM, OKS, BMI, and surgical time. This cohort demonstrated high patient satisfaction rate following RTKA, utilizing simple and reliable outcome measurement tools. We found a high positive correlation between methods of assessment, and moderate positive correlation between satisfaction and functional outcomes. These results contribute to the understanding of satisfaction in RTKA patients, which may assist in informing patients of expected post-operative outcomes.","RAYYAN-INCLUSION: {""Dhruv ""=>""Included""}",,,,
rayyan-637106753,[Early clinical application of Mako robot-assisted total knee arthroplasty in knee osteoarthritis].,2023,1,1,Zhongguo gu shang = China journal of orthopaedics and traumatology,,,,,Ru YF and He RX,https://pubmed.ncbi.nlm.nih.gov/36825413/,,,,"To investigate the early efficacy of Mako robot-assisted total knee arthroplasty (TKA) in the treatment of knee osteoarthritis (KOA) and summarize the initial application experience. Retrospective analysis of 73 patients with KOA treated with Mako robot-assisted TKA from June 2021 to December 2021. There were 16 males and 57 females, aged from 54 to 81 years old with an average of (67.8±6.6) years old. The hip knee and ankle angle (HKA), lateral distal femoral angle (LDFA), medial proximal tibial angle (MPTA), lateral femoral component angle (LFCA) and lateral tibial component angle (LTCA) were recorded and analyzed. WOMAC score and KSS were used to compare the functional recovery of patients preoperatively, 3 and 6 months postoperatively. All the 73 patients were successfully treated without serious complications such as vascular and nerve injury, and all the incisions healed well at stageⅠwithout infection. The patients were followed up from 4 to 11 months with an average of (7.0±2.7) months, and the satisfaction rate of the last follow-up was 90.41% (66/73). WOMAC scores were (23.1±5.4) at 3 months and (14.8±4.1) at 6 months postoperatively. KSS clinical scores were ( 76.1±4.0) at 3 months and (82.1±3.7) at 6 months postoperatively;KSS functional scores were (74.3±3.1) at 3 months and (78.6±2.1) at 6 months after operation. Postoperative imaging showed good position of the prosthesis, HKA angle was (178.5±2.1)°, LDFA was (91.2±1.8)°, MPTA was(89.9±1.5) °, LFCA was (7.6±3.1)°, LTCA was (88.2±1.1)°. The mechanical axis within ±3° in sixty cases(82.2%), and the mechanical axis within ±6° in all the patients. Mako robot-assisted TKA is a safe and effective surgery in the treatment of knee osteoarthritis, which exhibited good efficacy in the correction of lower limb alignment, soft tissue balance and improvement of knee function. The long-term efficacy needs further follow-up observation.","RAYYAN-INCLUSION: {""Dhruv ""=>""Included""}",,,,
rayyan-637106754,Predicting total knee replacement at 2 and 5 years in osteoarthritis patients using machine learning.,2023,1,1,"BMJ surgery, interventions, & health technologies",,,,,Mahmoud K and Alagha MA and Nowinka Z and Jones G,https://pubmed.ncbi.nlm.nih.gov/36817624/,,,,"Knee osteoarthritis is a major cause of physical disability and reduced quality of life, with end-stage disease often treated by total knee replacement (TKR). We set out to develop and externally validate a machine learning model capable of predicting the need for a TKR in 2 and 5 years time using routinely collected health data. A prospective study using datasets Osteoarthritis Initiative (OAI) and the Multicentre Osteoarthritis Study (MOST). OAI data were used to train the models while MOST data formed the external test set. The data were preprocessed using feature selection to curate 45 candidate features including demographics, medical history, imaging assessments, history of intervention and outcome. The study was conducted using two multicentre USA-based datasets of participants with or at high risk of knee OA. The study excluded participants with at least one existing TKR. OAI dataset included participants aged 45-79 years of which 3234 were used for training and 809 for internal testing, while MOST involved participants aged 50-79 and 2248 were used for external testing. The primary outcome of this study was prediction of TKR onset at 2 and 5 years. Performance was evaluated using area under the curve (AUC) and F1-score and key predictors identified. For the best performing model (gradient boosting machine), the AUC at 2 years was 0.913 (95% CI 0.876 to 0.951), and at 5 years 0.873 (95% CI 0.839 to 0.907). Radiographic-derived features, questionnaire-based assessments alongside the patient's educational attainment were key predictors for these models. Our approach suggests that routinely collected patient data are sufficient to drive a predictive model with a clinically acceptable level of accuracy (AUC>0.7) and is the first such tool to be externally validated. This level of accuracy is higher than previously published models utilising MRI data, which is not routinely collected.","RAYYAN-INCLUSION: {""Dhruv ""=>""Included""}",,,,
rayyan-637106756,Post-surgical contributors to persistent knee pain following knee replacement: The Multicenter Osteoarthritis Study (MOST).,2023,1,1,Osteoarthritis and cartilage open,,,,,Aoyagi K and Law LF and Carlesso L and Nevitt M and Lewis CE and Wang N and Neogi T,https://pubmed.ncbi.nlm.nih.gov/36798734/,,,,"Pain persistence following knee replacement (KR) occurs in ∼20-30% of patients. Although several studies have identified preoperative risk factors for persistent post-KR pain, few have focused on post-KR contributing factors. We sought to determine whether altered nociceptive signaling and other peripheral nociceptive drivers present post-operatively contribute to post-KR pain. We included participants from the Multicenter Osteoarthritis Study who were evaluated ∼12 months after KR. We evaluated the relation of measures of pain sensitivity [pressure pain threshold (PPT), temporal summation (TS), and conditioned pain modulation (CPM)] and the number of painful body sites to post-KR WOMAC knee pain, and of the number of painful sites to altered nociceptive signaling using linear or logistic regression models, as appropriate. 171 participants (mean age 69 years, 62% female) were included. TS was associated with worse WOMAC pain post-KR (β ​= ​0.77 95% CI:0.19-1.35) and reduced odds of achieving patient acceptable symptom state (aOR ​= ​0.54 95%CI:0.34-0.88). Inefficient CPM was also associated with worse WOMAC pain post-KR (β ​= ​1.43 95% CI:0.15-2.71). In contrast, PPT was not associated with these outcomes. The number of painful body sites present post-KR was associated with TS (β ​= ​0.05, 95% CI:0.01, 0.05). Post-KR presence of central sensitization and inefficient descending pain modulation was associated with post-KR pain. We also noted that presence of other painful body sites contributes to altered nociceptive signaling, and this may thus also contribute to the experience of knee pain post-KR. Our findings provide novel insights into central pain mechanisms and other peripheral pain sources contributing to post-KR persistent knee pain.","RAYYAN-INCLUSION: {""Dhruv ""=>""Included""}",,,,
rayyan-637106757,Clinical Frailty Scale is a better predictor for adverse post-operative complications and functional outcomes than Modified Frailty Index and Charlson Comorbidity Index after total knee arthroplasty.,2023,1,1,"Knee surgery, sports traumatology, arthroscopy : official journal of the ESSKA",,,,,Liu EX and Kuhataparuks P and Liow ML and Pang HN and Tay DKJ and Chia SL and Lo NN and Yeo SJ and Chen JY,https://pubmed.ncbi.nlm.nih.gov/36795126/,,,,"Studies have demonstrated correlations between frailty and comorbidity scores with adverse outcomes in total knee replacement (TKR). However, there is a lack of consensus on the most suitable pre-operative assessment tool. This study aims to compare Clinical Frailty Scale (CFS), Modified Frailty Index (MFI), and Charlson Comorbidity Index (CCI) in predicting adverse post-operative complications and functional outcomes following a unilateral TKR. In total, 811 unilateral TKR patients from a tertiary hospital were identified. Pre-operative variables were age, gender, body mass index (BMI), American Society of Anesthesiologists (ASA) class, CFS, MFI, and CCI. Binary logistic regression analysis was performed to ascertain odd ratios of pre-operative variables on adverse post-operative complications (length of stay < LOS >, complications, ICU/HD admission, discharge location, 30-day readmission, 2-year reoperation). Multiple linear regression analyses were used to estimate the standardized effects of pre-operative variables on the Knee Society Functional Score (KSFS), Knee Society Knee Score (KSKS), Oxford Knee Score (OKS), and 36-Item Short Form Survey (SF-36). CFS is a strong predictor for LOS (OR 1.876, p < 0.001), complications (OR 1.83-4.97, p < 0.05), discharge location (OR 1.84, p < 0.001), and 2-year reoperation rate (OR 1.98, p < .001). ASA and MFI were predictors for ICU/HD admission (OR:4.04, p = 0.002; OR 1.58, p = 0.022, respectively). None of the scores was predictive for 30-day readmission. A higher CFS was associated with a worse outcome for 6-month KSS, 2-year KSS, 6-month OKS, 2-year OKS, and 6-month SF-36. CFS is a superior predictor for post-operative complications and functional outcomes than MFI and CCI in unilateral TKR patients. This suggests the importance of assessing pre-operative functional status when planning for TKR. Diagnostic, II.","RAYYAN-INCLUSION: {""Dhruv ""=>""Included""}",,,,
rayyan-637106759,Fulfilment of patients' mandatory expectations are crucial for satisfaction: a study amongst 352 patients after total knee arthroplasty (TKA).,2023,1,1,"Knee surgery, sports traumatology, arthroscopy : official journal of the ESSKA",,,,,Lützner C and Beyer F and David L and Lützner J,https://pubmed.ncbi.nlm.nih.gov/36740633/,,,,"Patient satisfaction with the results of their total knee arthroplasty (TKA) is one of the primary goals of this elective procedure. Furthermore, the association between the fulfilment of patients' expectations and their satisfaction is well known. The aim of this study was to identify the key expectations of patients awaiting a TKA, evaluate their fulfilment, and compare the outcomes between very and not fully satisfied patients. A prospective cohort study of patients with knee OA scheduled for primary TKA was performed. Pre- and one-year postoperatively patient-reported outcome measures (PROMs) were assessed. Expectations and their fulfilment were evaluated via a questionnaire encompassing 31 expectations. Preoperatively, expectations were indicated as mandatory, desirable and not important. Postoperatively, fulfilment was rated as exceeded, fulfilled, partially or not fulfilled, and not applicable. Satisfaction with the results of TKA was measured with a numeric rating scale (NRS) of 0-10. Discrimination between not fully satisfied and very satisfied patients was set at ≥ 8, as has been proposed recently. To identify independent predictors of this discrimination, a multivariate logistic regression analysis was performed. Complete data sets of 352 patients were analysed. A set of 17 key expectations was identified. Relief of knee pain was fulfilled the most, and improvement of physical function was fulfilled the least. When asked about overall fulfilled expectations, 40% of patients rated them as exceeded, 34% as fulfilled and 26% as less fulfilled than expected. Not fully satisfied patients showed significantly lower PROMs pre- and postoperatively and less fulfilled key expectations. Higher numbers of exceeded and fulfilled mandatory expectations, higher overall fulfilment and better range of motion (ROM) were significant predictors for satisfaction ≥ 8. Patients' expectations of TKA outcomes were high with equal emphasis on knee-related and general health-related aspects. Their fulfilment was positively associated with satisfaction. Surgeons should ask patients about mandatory expectations for successful TKA and counsel them about the likelihood of their fulfilment to avoid unrealistic expectations. II.","RAYYAN-INCLUSION: {""Dhruv ""=>""Included""}",,,,
rayyan-637106760,"Demographic and Socioeconomic Determinants Are Associated with Poor Preoperative Patient-Reported Pain and Function in Primary TKA: A Cohort Study of 14,079 Patients.",2023,1,1,The Journal of bone and joint surgery. American volume,,,,,Vega J and Emara AK and Orr M and Klika AK and Piuzzi NS and the Cleveland Clinic Arthroplasty Group,https://pubmed.ncbi.nlm.nih.gov/36729513/,,,,"Pain and function, as reflected by patient-reported outcome measures (PROMs), can influence improvement after total knee arthroplasty (TKA) and can reflect the extent of patient access to orthopaedic surgical care. We aimed to (1) categorize patients according to pain and function PROM phenotypes, (2) identify patient characteristics associated with poor preoperative pain and function, and (3) assess relationships between baseline characteristics and PROM phenotypes. A prospective cohort of 14,079 TKAs was enrolled. Demographics, comorbidities, surgical details, and preoperative PROMs were collected. Outcomes included preoperative Knee injury and Osteoarthritis Outcome Score (KOOS) Pain (P) and Physical Function (PS) subscores, stratified by demographics. Patients were then categorized into 4 PROM phenotypes defined on the basis of the cohort medians: above or equal to the median for both pain and function scores (P+PS+), below the median for both pain and function (P-PS-), above or equal to the median for pain but below the median for function (P+PS-), and below the median for pain but above or equal to the median for function (P-PS+). Descriptive statistics and multivariable regression analyses were calculated. The largest PROM phenotype was P-PS- (39.4%), followed by P+PS+ (38.9%). The cohort with discordantly poor function but high pain scores (less pain) was the smallest cohort (9.9%). Preoperative KOOS-Pain and KOOS-PS scores at or below the 25th percentile were independently associated with younger age, female sex, higher body mass index (BMI), non-White race, current smoking, lower education, non-commercial insurance, and higher Charlson Comorbidity Index (CCI). Multivariate logistic regression showed that patients in the P+PS+ category were older (odds ratio [OR] = 1.56), were more likely to be male (OR = 2.00), had a lower BMI (OR = 0.67), had more education (OR = 1.63), had a lower CCI, and were less likely to be Black (OR = 0.80) or Other (OR = 0.62) race, be a current smoker (OR = 0.62), and have commercial insurance (OR = 0.74), compared with the P-PS- phenotype. Younger age, obesity, non-White race, female sex, current or recent smoking, non-commercial insurance, and higher CCI were associated with worse pre-TKA PROMs and poor pain-function phenotype combinations. Such a pattern may indicate barriers to TKA access among these patient populations leading to advanced levels of impairment at the time of treatment. Prognostic Level III . See Instructions for Authors for a complete description of levels of evidence.","RAYYAN-INCLUSION: {""Dhruv ""=>""Included""}",,,,
rayyan-637106762,Associations of the Oxford Knee Score and knee arthroplasty revision at long-term follow-up.,2023,1,1,ANZ journal of surgery,,,,,Tay ML and Monk AP and Frampton CM and Hooper GJ and Young SW,https://pubmed.ncbi.nlm.nih.gov/36658756/,,,,"Self-reported outcome measures are increasingly being collected for healthcare evaluation therefore it is prudent to understand their associations with patient outcomes. Our aims were to investigate: (1) if Oxford Knee Score (OKS) is associated with impending revision at long-term (5 and 10 years) follow-up, and (2) if decreased OKS at subsequent follow-ups is associated with higher risk of revision. All total knee (TKAs) and unicompartmental knee arthroplasties (UKAs) between 1999 and 2019 in the New Zealand Joint Registry with an OKS at 6 months (TKA n = 27 708, UKA n = 8415), 5 years (TKA n = 11 519, UKA n = 3365) or 10 years (TKA n = 6311, UKA n = 1744) were included. Logistic regression determined associations of the OKS with revision within 2 years of each score. Change in OKS between timepoints were compared with revision risk. For every one-unit increase in OKS, the odds of TKA and UKA revision decreased by 10% and 11% at 6 months, 10% and 12% at 5 years and 9% and 5% at 10 years. For both procedures a decrease of seven or more OKS points from previous follow-up was associated with higher risk of revision (5 years: TKA 4.7% versus 0.5%, UKA 8.7% versus 0.9%; 10 years: TKA 4.4% versus 0.7%, UKA 11.3% versus 1.5%; all P < 0.01). The OKS had a strong negative association with risk of impending TKA and UKA revision from early to long-term (10+ years) follow-up. A decrease of seven or more points when compared with the previous follow-up was also associated with higher revision risk.","RAYYAN-INCLUSION: {""Dhruv ""=>""Included""}",,,,
rayyan-637106766,"Impact of an online, individualised, patient reported outcome measures based patient decision aid on patient expectations, decisional regret, satisfaction, and health-related quality-of-life for patients considering total knee arthroplasty: Results from a randomised controlled trial.",2023,1,1,Journal of evaluation in clinical practice,,,,,Marshall DA and Trenaman L and MacDonald KV and Johnson JA and Stacey D and Hawker G and Smith C and Durand D and Bansback N,https://pubmed.ncbi.nlm.nih.gov/36575631/,,,,"Total knee arthroplasty is a common surgical procedure but not appropriate for all patients with knee osteoarthritis. Patient decision aids (PtDAs) can promote shared decision making and enhance understanding and expectations of procedures among patients, resulting in better discussions between patients and healthcare providers about whether total knee arthroplasty is the most appropriate option. Evaluate impact of an individualised PtDA for osteoarthritis patients considering total knee arthroplasty 1 year after baseline assessment. Prospective, randomised controlled trial comparing an intervention arm (IA) and routine care arm (RCA). The IA included an online individualised patient reported outcome measures (PROMs) based PtDA and one-page summary report for the surgeon. We report secondary outcomes from the final assessment: patient expectations, decisional regret, patient satisfaction with outcomes of knee replacement, health-related quality-of-life (HRQOL) and depression. We report changes in HRQOL between baseline and final assessments, study arms, and surgical versus non-surgical patients. Descriptive statistics were used to describe participant characteristics and continuous variables. Dichotomous outcomes (expectations, decisional regret, satisfaction) were analyzed using logistic regression and continuous outcomes (HRQOL, depression) were modelled using linear regression. Overall, 140 participants completed all study assessments (IA: n = 69, RCA: n = 71); n = 108 underwent surgery (IA: n = 49, RCA: n = 59). Regardless of study arm, most participants reported expectations were met, minimal decisional regret, satisfaction with outcomes of knee replacement, and had improvements in HRQOL. While no significant differences in study outcomes were found between study arms, IA results were in the direction hypothesised in favour of the PtDA. Although we were not able to detect statistically significant benefits associated with implementing this PROMs-based PtDA, there was no apparent negative effect on these outcomes 1 year after baseline. We anticipate there may be benefit to implementing this PtDA earlier in the osteoarthritis care pathway where patients have more opportunities to manage their disease non-surgically.","RAYYAN-INCLUSION: {""Dhruv ""=>""Included""}",,,,
rayyan-637106767,Artificial intelligence-based volumetric analysis of muscle atrophy and fatty degeneration in patients with hip osteoarthritis and its correlation with health-related quality of life.,2023,1,1,International journal of computer assisted radiology and surgery,,,,,Iwasa M and Takao M and Soufi M and Uemura K and Otake Y and Hamada H and Sato Y and Sugano N and Okada S,https://pubmed.ncbi.nlm.nih.gov/36571719/,,,,"Artificial intelligence (AI) technologies have enabled precise three-dimensional analysis of individual muscles on computed tomography (CT) or magnetic resonance images via automatic segmentation. This study aimed to perform three-dimensional assessments of pelvic and thigh muscle atrophy and fatty degeneration in patients with unilateral hip osteoarthritis using CT and to evaluate the correlation with health-related quality of life (HRQoL). The study included one man and 43 women. Six muscle groups were segmented, and the muscle atrophy ratio was calculated volumetrically. The degree of fatty degeneration was defined as the difference between the mean CT values (Hounsfield units [HU]) of the healthy and affected sides. HRQoL was evaluated using the Western Ontario and McMaster Universities Osteoarthritis (WOMAC) index and the Japanese Orthopaedic Association Hip Disease Evaluation Questionnaire (JHEQ). The mean muscle atrophy rate was 16.3%, and the mean degree of muscle fatty degeneration was 7.9 HU. Multivariate correlation analysis revealed that the WOMAC stiffness subscale was significantly related to fatty degeneration of the hamstrings, the WOMAC physical function subscale was significantly related to fatty degeneration of the iliopsoas muscle, and the JHEQ movement subscale was significantly related to fatty degeneration of the hip adductors. We found that fatty degeneration of the hamstrings, iliopsoas, and hip adductor muscles was significantly related to HRQoL in patients with hip osteoarthritis. These findings suggest that these muscles should be targeted during conservative rehabilitation for HOA and perioperative rehabilitation for THA.","RAYYAN-INCLUSION: {""Dhruv ""=>""Included""}",,,,
rayyan-637106768,Similar survival rate but lower functional outcomes following TKA in the elderly people compared to younger patients: analysis of a posterior stabilised implant with minimum 5-year follow-up.,2023,1,1,"Knee surgery, sports traumatology, arthroscopy : official journal of the ESSKA",,,,,Deroche E and Batailler C and Shatrov J and Gunst S and Servien E and Lustig S,https://pubmed.ncbi.nlm.nih.gov/36538057/,,,,"Literature regarding outcomes in patients over 80 years old after total knee arthroplasty (TKA) is inconsistent. We aimed to compare implant survivorship and functional outcomes between elderly patients (≥ 80 years) and younger patients (< 80 years) following TKA, using a single modern posterior-stabilized (PS) prosthetic design. This is a retrospective cohort study of 80 patients over 80 years old who underwent TKA between January 2015 and December 2016, who were compared with younger patients (60-75 years old) operated during the same period. Patients were matched with a ratio of 1:3 based on logistic regression analysis of gender and body mass index. All patients received the same cemented PS prosthesis with a fixed bearing polyethylene insert, with or without patellar resurfacing. Implant survival and patient-reported outcome measurements were compared between the two groups. At last follow-up, data were available for 41 knees in the elderly group (including 17 patients who died before 5-year follow-up) and 123 knees in the younger group. Functional results were better at final follow-up in the group < 80 years with a significantly higher Knee Society Function Subscore (88.6 ± 16.9 vs 79.4 ± 22.1, p < 0.01), but no significant differences in Knee Subscore and global Knee Society Score (p > 0.05), nor regarding maximum flexion (121° ± 12 and 117° ± 13, p = 0.08). The implant survivorship was 100.0% after a mean 64.4-month follow-up (range 60-78), without revision requiring removal of the implant in any group. The survival rate without any reoperation was 97.6% (95% CI 93.0-100.0) in the elderly group and 95.9% (95% CI 92.5-99.5) in the younger group (p = 0.64). At a minimum of 5-year follow-up, there was no revision surgery and a very low rate of complications requiring reoperations both in the group over 80 years of age and in the younger population, with the use of a PS prosthesis. The functional results were slightly lower for elderly patients and correlate with the lower functional demands of this population. The indication for TKA, especially with a PS implant, may be encouraged in appropriately selected elderly patients. III (retrospective cohort study).","RAYYAN-INCLUSION: {""Dhruv ""=>""Included""}",,,,
rayyan-637106769,An orthopaedic intelligence application successfully integrates data from a smartphone-based care management platform and a robotic knee system using a commercial database.,2023,1,1,International orthopaedics,,,,,Lonner JH and Anderson MB and Redfern RE and Van Andel D and Ballard JC and Parratte S,https://pubmed.ncbi.nlm.nih.gov/36508053/,,,,"To evaluate the feasibility of using a smartphone-based care management platform (sbCMP) and robotic-assisted total knee arthroplasty (raTKA) to collect data throughout the episode-of-care and assess if intra-operative measures of soft tissue laxity in raTKA were associated with post-operative outcomes. A secondary data analysis of 131 patients in a commercial database who underwent raTKA was performed. Pre-operative through six week post-operative step counts and KOOS JR scores were collected and cross-referenced with intra-operative laxity measures. A Kruskal-Wallis test or a Wilcoxon sign-rank was used to assess outcomes. There were higher step counts at six weeks post-operatively in knees with increased laxity in both the lateral compartment in extension and medial compartment in flexion (p < 0.05). Knees balanced in flexion within < 0.5 mm had higher KOOS JR scores at six weeks post-operative (p = 0.034) compared to knees balanced within 0.5-1.5 mm. A smartphone-based care management platform can be integrated with raTKA to passively collect data throughout the episode-of-care. Associations between intra-operative decisions regarding laxity and post-operative outcomes were identified. However, more robust analysis is needed to evaluate these associations and ensure clinical relevance to guide machine learning algorithms.","RAYYAN-INCLUSION: {""Dhruv ""=>""Included""}",,,,
rayyan-637106770,Achieving functional alignment in total knee arthroplasty: early experience using a second-generation imageless semi-autonomous handheld robotic sculpting system.,2023,1,1,International orthopaedics,,,,,Bollars P and Meshram P and Al Thani S and Schotanus MGM and Albelooshi A,https://pubmed.ncbi.nlm.nih.gov/36503955/,,,,"In order to minimize errors during achieving the targeted alignment of the total knee arthroplasty (TKA) components, robotic-assisted surgery has been introduced with the aim to help surgeons to improve implant survival, clinical outcomes, and patient satisfaction. The primary goal of this paper is to highlight surgical tips and tricks on how to achieve functional alignment (FA) through intra-operative boney mapping, numeric gap, and alignment data, using the next generation of imageless robotic surgical systems. This retrospective case-series contains planned and achieved data on the FA and joint gap data obtained from 526 patients captured and assessed with use of a semi-autonomous imageless handheld robotic sculpting systems. All patients were operated upon by two experienced TKA surgeons. The mean difference between planned and achieved alignment was 1.46° (≥ 7° varus group), 1.02° (< 7° varus group), 1.16° (< 7° valgus group), and 1.43° (≥ 7° valgus group). The mean observed planned and achieved extension and flexion gaps were below 1.47 mm for medial extension gaps, 1.12 mm for the lateral extension gaps, 1.4 mm for the medial flexion gaps, and 1.16 mm for the lateral flexion gaps. Analysis of these first cases highlights the capability of the next generation of imageless robotic-assisted total knee replacement using a semi-autonomous handheld robotic sculpting to maintain accuracy of the desired alignment. The system allows the surgeon to choose freely their own alignment philosophy while maintaining efficiency.","RAYYAN-INCLUSION: {""Dhruv ""=>""Included""}",,,,
rayyan-637106776,The influence of obesity on functional outcomes and patient satisfaction 8 weeks after total knee arthroplasty: results of the prospective FInGK study.,2022,1,1,BMC musculoskeletal disorders,,,,,Baum G and Jacobs H and Lazovic D and Maus U and Hoffmann F and Seeber GH,https://pubmed.ncbi.nlm.nih.gov/36324114/,,,,"To investigate obese versus non-obese subjects´ knee joint function, stiffness, pain, expectations, and outcome satisfaction before and two months after total knee arthroplasty (TKA). This study is a secondary analysis of data retrieved via a prospective single-centre cohort study investigating knee joint function and health care services utilization in patients undergoing TKA (FInGK Study). For the primary study, elective TKA patients were consecutively recruited between December 2019 and May 2021. Preoperative expectations, Western Ontario and McMasters Universities Osteoarthritis Index (WOMAC), surgery outcome satisfaction, and sociodemographic variables were assessed via self-reported questionnaires. In the current study, obese (Body Mass Index (BMI) ≥ 30 kg/m²) versus non-obese (BMI < 30 kg/m²) subjects' data were exploratively compared before and two months after TKA. Multivariable logistic regression assessed factors associated with TKA satisfaction two months postoperatively. Linear regression evaluated factors associated with higher WOMAC change two months postoperatively. A total of 241 subjects participated (response: 85.2%). Eighty-seven were non-obese (mean age: 70.7 years, 63.2% female) and 154 were obese (mean age: 67.1 years, 57.8% female). Obese subjects reported inferior pre- and postoperative pain and knee joint function compared to non-obese subjects. Yet, WOMAC scores of obese and non-obese subjects significantly improved from preoperative means of 52.6 and 46.8 to 32.3 and 24.4 after surgery, respectively. The only significant TKA satisfaction predictor was subjects' smoking status. Non-obesity and worse preoperative WOMAC scores were predictive of higher WOMAC change scores after two months. Both obese and non-obese subjects reported significant symptom improvements. However, as obese subjects' short-term outcomes were still inferior, more research on TKA rehabilitation measures adapted to the needs of this growing patient group is warranted to maximize their benefits from TKA.","RAYYAN-INCLUSION: {""Dhruv ""=>""Included""}",,,,
rayyan-637106782,Prediction models for the risk of total knee replacement: development and validation using data from multicentre cohort studies.,2022,1,1,The Lancet. Rheumatology,,,,,Liu Q and Chu H and LaValley MP and Hunter DJ and Zhang H and Tao L and Zhan S and Lin J and Zhang Y,https://pubmed.ncbi.nlm.nih.gov/36177295/,,,,"Few prognostic prediction models for total knee replacement are available, and the role of radiographic findings in predicting its use remains unclear. We aimed to develop and validate predictive models for total knee replacement and to assess whether adding radiographic findings improves predictive performance. We identified participants with recent knee pain (in the past 3 months) in the Multicenter Osteoarthritis Study (MOST) and the Osteoarthritis Initiative (OAI). The baseline visits of MOST were initiated in 2003 and of OAI were initiated in 2004. We developed two predictive models for the risk of total knee replacement within 60 months of follow-up by fitting Cox proportional hazard models among participants in MOST. The first model included sociodemographic and anthropometric factors, medical history, and clinical measures (referred to as the clinical model). The second model added radiographic findings into the predictive model (the radiographic model). We evaluated each model's discrimination and calibration performance and assessed the incremental value of radiographic findings using both category-free net reclassification improvement (NRI) and integrated discrimination improvement (IDI). We tuned the models and externally validated them among participants in OAI. We included 2658 participants from MOST (mean age 62·4 years [SD 8·1], 1646 [61·9%] women) in the training dataset and 4060 participants from OAI (mean age 60·9 years [9·1], 2379 [58·6%] women) in the validation dataset. 290 (10·9%) participants in the training dataset and 174 (4·3%) in the validation dataset had total knee replacement. The retained predictive variables included in the clinical model were age, sex, race, history of knee arthroscopy, frequent knee pain, current use of analgesics, current use of glucosamine, body-mass index, and Western Ontario and McMaster Universities Osteoarthritis Index (WOMAC) pain score, and the most predictive factors were age, race, and WOMAC pain score. The retained predictive variables in the radiographic model were age, sex, race, frequent knee pain, current use of analgesics, WOMAC pain score, and Kellgren-Lawrence grade, and the most predictive factors were Kellgren-Lawrence grade, race, and age. The C-statistic was 0·79 (95% CI 0·76-0·81) for the clinical model and 0·87 (0·85-0·99) for the radiographic model in the training dataset. The calibration slope was 0·95 (95% CI 0·86-1·05) and 0·96 (0·87-1·04), respectively. Adding radiograph findings significantly improved predictive performance with an NRI of 0·43 (95% CI 0·38-0·50) and IDI of 0·14 (95% CI: 0·10-0·18). Both models, with tuned coefficients, showed a good predictive performance among participants in the validation dataset. The risk of total knee replacement can be predicted based on common risk factors with good discrimination and calibration. Additionally, adding radiographic findings of knee osteoarthritis into the model substantially improves its predictive performance. National Natural Science Foundation of China, National Key Research and Development Program, and Beijing Municipal Science & Technology Commission.","RAYYAN-INCLUSION: {""Dhruv ""=>""Included""}",,,,
rayyan-637106784,A radiological index that influences the outcome following patellofemoral joint arthroplasty: the anterior trochlea offset ratio.,2023,1,1,"Knee surgery, sports traumatology, arthroscopy : official journal of the ESSKA",,,,,Aweid O and Ahearn N and Metcalfe AJ and Eldridge J and Porteous A and Murray JR and Bristol Knee Group,https://pubmed.ncbi.nlm.nih.gov/36098748/,,,,"Although largely successful, patellofemoral joint arthroplasty (PFA) has a less than satisfactory outcome in some patients. It was hypothesized that certain factors can be identified on radiological review that correlate with poor patient reported outcomes following PFA. A retrospective cohort review of 369 patients undergoing PFA at our institution between 2005 and 2018 identified 43 ""poor outcome"" patients with an Oxford Knee Score (OKS) of less than 20 at 2 years follow up. These cases were matched by sex and age with 43 ""good outcome"" patients who had an OKS above 40 at 2 years post-op. Multiple radiological measurements were performed including anterior trochlea offset ratio (ATOR), component flexion/extension, component varus/valgus, component to bone width ratio and retinacular index. The OKS PROM was the primary outcome of the study. Stepwise logistic regression was performed to analyze the differences in radiological indices between the two groups. Intraclass correlation coefficients for inter-observer and intra-observer reliability were 0.90-0.98 for all indices measured. The only index demonstrating statistical significance between the groups was the ATOR (p = 0.003). The good outcome group had a mean ATOR of 0.19 whereas the poor outcome group had a mean ATOR of 0.24. Lower ATOR on radiological review was strongly associated with improved outcomes following PFA. The surgeon should therefore take particular care to prevent increasing the anterior offset of the trochlea component when performing PFA. Retrospective cohort study, Level III.","RAYYAN-INCLUSION: {""Dhruv ""=>""Included""}",,,,
rayyan-637106785,Posterolateral or direct lateral approach for cemented hemiarthroplasty after femoral neck fracture (APOLLO): protocol for a multicenter randomized controlled trial with economic evaluation and natural experiment alongside.,2022,1,1,Acta orthopaedica,,,,,Tol MCJM and Willigenburg NW and Willems HC and Gosens T and Rasker A and Heetveld MJ and Schotanus MGM and Van Dongen JM and Eggen B and Kormos M and Van der Pas SL and Van der Vaart AW and Poolman RW and APOLLO research group,https://pubmed.ncbi.nlm.nih.gov/36097694/,,,,"The posterolateral and direct lateral surgical approach are the 2 most common surgical approaches for performing a hemiarthroplasty in patients with a hip fracture. It is unknown which surgical approach is preferable in terms of (cost-)effectiveness and quality of life. We designed a multicenter randomized controlled trial (RCT) with an economic evaluation and a natural experiment (NE) alongside. We will include 555 patients ≥ 18 years with an acute femoral neck fracture. The primary outcome is patient-reported health-related quality of life assessed with the EQ-5D-5L. Secondary outcomes include healthcare costs, complications, mortality, and balance (including fear of falling, actual falls, and injuries due to falling). An economic evaluation will be performed for quality adjusted life years (QALYs). We will use variable block randomization stratified for hospital. For continuous outcomes, we will use linear mixed-model analysis. Dichotomous secondary outcome measures will be analyzed using chi-square statistics and logistic regression models. Primary analyses are based on the intention-to-treat principle. Additional as treated analyses will be performed to evaluate the effect of protocol deviations. Study summary: (i) Largest RCT addressing the health-related patient outcome of the main surgical approaches of hemiarthroplasty. (ii) Focus on outcomes that are important for the patient. (iii) Pragmatic and inclusive RCT with few exclusion criteria, e.g., patients with dementia can participate. (iv) Natural experiment alongside to amplify the generalizability. (v) The first study conducting a costutility analysis comparing both surgical approaches.","RAYYAN-INCLUSION: {""Dhruv ""=>""Included""}",,,,
rayyan-637106786,Ambulatory total hip arthroplasty: Causes for failure to launch and associated risk factors.,2022,1,1,Bone & joint open,,,,,Rodriguez S and Shen TS and Lebrun DG and Della Valle AG and Ast MP and Rodriguez JA,https://pubmed.ncbi.nlm.nih.gov/36047458/,,,,"The volume of ambulatory total hip arthroplasty (THA) procedures is increasing due to the emphasis on value-based care. The purpose of the study is to identify the causes for failed same-day discharge (SDD) and perioperative factors leading to failed SDD. This retrospective cohort study followed pre-selected patients for SDD THA from 1 August 2018 to 31 December 2020. Inclusion criteria were patients undergoing unilateral THA with appropriate social support, age 18 to 75 years, and BMI < 37 kg/m2. Patients with opioid dependence, coronary artery disease, and valvular heart disease were excluded. Demographics, comorbidities, and perioperative data were collected from the electronic medical records. Possible risk factors for failed SDD were identified using multivariate logistic regression. In all, 278 patients were identified with a mean age of 57.1 years (SD 8.1) and a mean BMI of 27.3 kg/m2 (SD 4.5). A total of 96 patients failed SDD, with the most common reasons being failure to clear physical therapy (26%), dizziness (22%), and postoperative nausea and vomiting (11%). Risk factors associated with failed SDD included smokers (odds ratio (OR) 6.24; p = 0.009), a maximum postoperative pain score > 8 (OR 4.76; p = 0.004), and procedures starting after 11 am (OR 2.28; p = 0.015). A higher postoperative tolerable pain goal (numerical rating scale 4 to 10) was found to be associated with successful SDD (OR 2.7; p = 0.001). Age, BMI, surgical approach, American Society of Anesthesiologists grade, and anaesthesia type were not associated with failed SDD. SDD is a safe and viable option for pre-selected patients interested in rapid recovery THA. The most common causes for failure to launch were failing to clear physical thereapy and patient symptomatology. Risk factors associated with failed SSD highlight the importance of preoperative counselling regarding smoking cessation and postoperative pain to set reasonable expectations. Future interventions should aim to improve patient postoperative mobilization, pain control, and decrease symptomatology.Cite this article: Bone Jt Open 2022;3(9):684-691.","RAYYAN-INCLUSION: {""Dhruv ""=>""Included""}",,,,
rayyan-637106787,Effect of body mass index on postoperative mechanical alignment and long-term outcomes after total knee arthroplasty: a retrospective cohort study of 671 knees.,2022,1,1,Annals of translational medicine,,,,,Lai YH and Cao J and Li ZX and Feng W and Xu H and Zhou ZK,https://pubmed.ncbi.nlm.nih.gov/36034999/,,,,"A high body mass index (BMI) is associated with increased rates of complications after total knee arthroplasty (TKA). However, no study has examined the effect of BMI on lower limb alignment using the World Health Organization's (WHO) BMI classification. We believe that the WHO's BMI classification allows a uniform standard worldwide. We sought to investigate the potential association between a high BMI and the incidence of postoperative misalignment. We also evaluated whether a higher BMI is associated with worse clinical function. We retrospectively reviewed the data of 671 patients who underwent primary TKA for varus osteoarthritis between January 2010 and December 2015. The patients were divided into the following 5 groups based on their BMI: normal weight (<25.0 kg/m2), overweight (25.0-29.9 kg/m2), class I obese (30.0-34.9 kg/m2), class II obese (35-39.9 kg/m2), and class III obese (>40 kg/m2). Both weight and height were measured by nurses on admission. Patients' preoperative HKA, gender, age, and side of surgery were collected as baseline. All the patients underwent standing, weight-bearing, full-length radiography before and after surgery to measure the mechanical hip-knee-ankle angle (HKA). We followed up patients by telephone. Among the BMI subgroups, we compared the knee function scores, including the Western Ontario and McMaster Universities Osteoarthritis Index (WOMAC) score, Knee Society-Knee Score (KS-KS), Knee Society-Function Score (KS-FS), Forgotten Joint Score (FJS), and range of motion (ROM). A multivariate linear regression analysis and a logistic regression was conducted to examine the outcomes. The study had a mean follow-up period of 8.16 years. The multivariate and logistic regression analyses revealed that preoperative alignment (P=0.002) and a higher BMI (P=0.015) were associated with a higher risk of postoperative misalignment. The WOMAC scores were higher in the normal and overweight groups than the other groups (P=0.022). The FJS and KS-KS gradually decreased as BMI increased. A higher BMI is associated with a greater risk of misalignment and worse long-term clinical outcome after TKA. When treating patients with high BMI, we should pay more attention to the adjustment of lower limb alignment intraoperatively.","RAYYAN-INCLUSION: {""Dhruv ""=>""Included""}",,,,
rayyan-637106790,Evaluating methodological quality of prognostic prediction models on patient reported outcome measurements after total hip replacement and total knee replacement surgery: a systematic review protocol.,2022,1,1,Systematic reviews,,,,,Chang WJ and Naylor J and Natarajan P and Liu V and Adie S,https://pubmed.ncbi.nlm.nih.gov/35948989/,,,,"Prediction models for poor patient-reported surgical outcomes after total hip replacement (THR) and total knee replacement (TKR) may provide a method for improving appropriate surgical care for hip and knee osteoarthritis. There are concerns about methodological issues and the risk of bias of studies producing prediction models. A critical evaluation of the methodological quality of prediction modelling studies in THR and TKR is needed to ensure their clinical usefulness. This systematic review aims to (1) evaluate and report the quality of risk stratification and prediction modelling studies that predict patient-reported outcomes after THR and TKR; (2) identify areas of methodological deficit and provide recommendations for future research; and (3) synthesise the evidence on prediction models associated with post-operative patient-reported outcomes after THR and TKR surgeries. MEDLINE, EMBASE, and CINAHL electronic databases will be searched to identify relevant studies. Title and abstract and full-text screening will be performed by two independent reviewers. We will include (1) prediction model development studies without external validation; (2) prediction model development studies with external validation of independent data; (3) external model validation studies; and (4) studies updating a previously developed prediction model. Data extraction spreadsheets will be developed based on the CHARMS checklist and TRIPOD statement and piloted on two relevant studies. Study quality and risk of bias will be assessed using the PROBAST tool. Prediction models will be summarised qualitatively. Meta-analyses on the predictive performance of included models will be conducted if appropriate. A narrative review will be used to synthesis the evidence if there are insufficient data to perform meta-analyses. This systematic review will evaluate the methodological quality and usefulness of prediction models for poor outcomes after THR or TKR. This information is essential to provide evidence-based healthcare for end-stage hip and knee osteoarthritis. Findings of this review will contribute to the identification of key areas for improvement in conducting prognostic research in this field and facilitate the progress in evidence-based tailored treatments for hip and knee osteoarthritis. PROSPERO registration number CRD42021271828.","RAYYAN-INCLUSION: {""Dhruv ""=>""Included""}",,,,
rayyan-637106792,Early Clinical and Radiographic Outcomes of Robot-Assisted Versus Conventional Manual Total Knee Arthroplasty: A Randomized Controlled Study.,2022,1,1,Orthopaedic surgery,,,,,Xu J and Li L and Fu J and Xu C and Ni M and Chai W and Hao L and Zhang G and Chen J,https://pubmed.ncbi.nlm.nih.gov/35848154/,,,,"Robot-assisted surgery has been promoted worldwide in recent years. The development of a domestic orthopaedic robot and its clinical application are therefore of great significance. This study aimed to compare the early clinical and radiographic outcomes of domestic robot-assisted total knee arthroplasty (RA-TKA) with conventional manual total knee arthroplasty (CM-TKA). A total of 77 patients who underwent primary single-sided TKA from June to December 2020 were prospectively enrolled; resulting in the inclusion of 72 patients. The patients were randomly divided into the RA-TKA group (37 cases, with TKA being assisted by the Yuanhua Orthopaedic Robotic System) and the CM-TKA group (35 cases, with TKA being performed using conventional tools). Knee function was evaluated by the knee range of motion (ROM), the American Knee Society Score (KSS), and the Western Ontario and McMaster Universities Osteoarthritis Index (WOMAC). Postoperative radiographic results were evaluated by full-length weight-bearing X-rays of the lower limb and anteroposterior and lateral X-rays of the knee were obtained preoperatively and at 90 days postoperative. The operative duration, blood loss, postoperative knee function, radiographic outcomes, and incidence of complications were compared by Student's t-test, Mann-Whitney U test, or chi-square test. Serum levels of inflammatory markers before the operation and 1, 3, and 30 days after the operation were recorded and compared between the two groups. The operation was significantly longer in the RA-TKA group than in the CM-TKA group (154.3 vs 115.2 min, p < 0.001). There was no significant difference in blood loss (933 vs 863 ml, p = 0.519) between the two groups. The knee ROM, KSS, and WOMAC were significantly improved in both groups 90 days after the operation compared with before the operation (p < 0.05), but there were no significant differences between the two groups (p > 0.05). The incidence of postoperative deep vein thrombosis was not statistically different between the two groups. In the radiographic findings at 90 days postoperatively we found the frequency of lateral tibial component (LTC) angle outliers was significantly lower in the RA-TKA group (3.0% vs 29.4%, p = 0.003). The neutrophil-to-lymphocyte ratio (NLR) was significantly lower in the RA-TKA group than in the CM-TKA group on day 1 after surgery (9.9 vs 12.7, p = 0.024). RA-TKA requires more time than CM-TKA, which may be related to the learning curve and intraoperative registration. The short-term postoperative knee functional outcomes had no differences between the two groups, and RA-TKA improved the accuracy of tibial component alignment. Further follow-up studies are required to investigate the long-term outcomes.","RAYYAN-INCLUSION: {""Dhruv ""=>""Included""}",,,,
rayyan-637106796,Study on the correlation between early three-dimensional gait analysis and clinical efficacy after robot-assisted total knee arthroplasty.,2023,1,1,Chinese journal of traumatology = Zhonghua chuang shang za zhi,,,,,He R and Xiong R and Sun ML and Yang JJ and Chen H and Yang PF and Yang L,https://pubmed.ncbi.nlm.nih.gov/35798637/,,,,"Robot-assisted technology is a forefront of surgical innovation that improves the accuracy of total knee arthroplasty (TKA). But whether the accuracy of surgery can improve the clinical efficacy still needs further research. The purpose of this study is to perform three-dimensional (3D) analysis in the early postoperative period of patients who received robot-assisted total knee arthroplasty (RATKA), and to study the trend of changes in gait parameters after RATKA and the correlation with the early clinical efficacy. Patients who received RATKA in the Center of Joint Surgery, the First Hospital Affiliated to Army Military Medical University from October 2020 to January 2021 were included. The imaging parameters, i.e., hip-knee-ankle angle, lateral distal femoral angle, medial proximal tibial angle, posterior condylar angle were measured 3 months post-TKA. The 3D gait analysis and clinical efficacy by Western Ontario Mac Master University Index (WOMAC) score were performed pre-TKA, 3 and 6 months post-TKA. The differences in spatiotemporal parameters of gait, kinetic parameters, and kinematic parameters of the operated limb and the contralateral limb were compared. The correlation between gait parameters and WOMAC scores was analyzed. Paired sample t-test and Wilcoxon rank-sum test were used to analyze the difference between groups, and Spearman correlation coefficient was used to analyze the correlation. There were 31 patients included in this study, and the imaging indexes showed that all of them returned to normal post-TKA. The WOMAC score at 3 months post-TKA was significantly lower than that pre-TKA, and there was no significant difference between at 3 and 6 months. The 3D gait analysis results showed that the double support time of the operated limb reduced at 3 and 6 months (all p < 0.05), the maximum extension and maximum external rotation of the knee joint increased at stance phase, and the maximum flexion angle, the range of motion and the maximum external rotation increased at swing phase. Compared with the preoperative data, there were significant improvements (all p < 0.05). Compared with the contralateral knee joint, the maximum external rotation of the knee joint at swing phase was smaller than that of the contralateral side, and the maximum flexion and extension moment was greater than that of the contralateral knee. The maximum external rotation moment of the joint was greater than that of the contralateral knee joint (p < 0.05). There was a negative correlation between the single support time pre-TKA and the WOMAC score at 3 months (p = 0.017), and the single support time at 3 months was negatively correlated with the WOMAC score at 6 months (p = 0.043). The cadence at 6 months was negatively correlated with the WOMAC score at 6 months (p = 0.031). The maximum knee extension at stance phase at 6 months was negatively correlated with the WOMAC score at 6 month (p = 0.048). The maximum external rotation at stance phase at 6 months was negatively correlated with the WOMAC score at 6 months (p = 0.024). The 3D gait analysis of RATKA patients is more sensitive than WOMAC score in evaluating the clinical efficacy. Trend of changes in gait parameters shows that the knee joint support, flexion and extension function, range of motion, external rotation and varus deformity moment of the patient were significantly improved at 3 months after surgery, and continued to 6 months after surgery. Compared with the contralateral knee, the gait parameters of the operated limb still has significant gaps in functionality, such as the external rotation and flexion and extension. The single support time, cadence, knee extension, and knee external rotation of the operated limb have a greater correlation with the postoperative WOMAC score. Postoperative rehabilitation exercises should be emphasized, which is of great value for improving the early efficacy of RATKA.","RAYYAN-INCLUSION: {""Dhruv ""=>""Included""}",,,,
rayyan-637106803,Deep Learning-Based Postoperative Recovery and Nursing of Total Hip Arthroplasty.,2022,1,1,Computational and mathematical methods in medicine,,,,,Wang HM and Lin YP,https://pubmed.ncbi.nlm.nih.gov/35664639/,,,,"To develop a deep learning-assisted recovery and nursing system after total hip arthroplasty and to conduct clinical trials in order to verify its accuracy. In our study, based on manual labeling, the human hip X-ray image library was established, and the deep neural network based on Mask R-CNN was built. The labeled medical images were used to train the model, providing reference for nursing decision after hip replacement. A total of 80 patients with hip injury from 2016 to 2019 were selected for the study. In our paper, the patients were divided into experimental group and control group. The pertinence and effectiveness of the model for postoperative care were evaluated by comparing the hip pain (VAS index), recovery (Harris score), self-care ability (Barthel index), and postoperative complication rate between the two groups. The pain and complications in the experimental group were significantly lower than those in the control group, the difference being statistically significant (P < 0.05); the recovery of hip joint and self-care ability were higher than those in the control group, the difference being statistically significant (P < 0.05); the other differences were not statistically significant (P > 0.05). The application of deep learning method in the rapid nursing after total hip replacement can significantly improve the nursing ability. Compared with the traditional method, it has stronger pertinence, faster postoperative recovery, lower incidence of complications, and greatly improves the postoperative quality of life of patients with hip injury.","RAYYAN-INCLUSION: {""Dhruv ""=>""Included""}",,,,
rayyan-637106808,[Short-term effectiveness of MAKO robot assisted complex total hip arthroplasty].,2022,1,1,Zhongguo xiu fu chong jian wai ke za zhi = Zhongguo xiufu chongjian waike zazhi = Chinese journal of reparative and reconstructive surgery,,,,,Wang Y and Ji B and Chen Y and Li G,https://pubmed.ncbi.nlm.nih.gov/35570628/,,,,"To investigate the short-term effectiveness of MAKO robot assisted complex total hip arthroplasty (THA). The clinical data of 15 patients (17 hips) underwent MAKO robot assisted complex THA between May 2020 and June 2021 were analyzed retrospectively. There were 5 males and 10 females with the age ranged from 19 to 70 years (median, 49 years), included 9 cases (9 hips) of developmental dysplasia of the hip (Crowe type Ⅱ in 5 hips, type Ⅲ in 1 hip, and type Ⅳ in 3 hips), 1 case (2 hips) of rheumatoid arthritis, 2 cases (3 hips) of ankylosing spondylitis, 3 cases (3 hips) of secondary arthritis with a history of acetabular fracture and internal fixation. The acetabular cup abduction angle and anteversion angle were measured at 3 months after operation, and compared with those measured by MAKO robot system before and immediately after operation. The femoral offset and leg length discrepancy (LLD) were measured at 3 months after operation, which were compared with those before operation. Harris hip score (HHS) and visual analogue scale (VAS) score were used to evaluate hip function before operation and at 3 months after operation. All 15 patients (17 hips) completed the operation successfully. The operation time was 75-175 minutes, with an average of 116.3 minutes; the intraoperative blood loss was 100-800 mL, with an average of 381.3 mL. Two patients were not included in the statistics because of intraoperative and postoperative complications, the remaining 13 patients (15 hips) had no serious complication such as vascular and nerve injuries, and 3 patients had intermuscular vein thrombosis. The 13 patients (15 hips) were followed up 3-15 months, with an average of 8 months. At last follow-up, the position of prosthesis did not change and there was no signs of loosening. There was no significant difference in acetabular abduction angle at immediate and 3 months after operation when compared with preoperative one ( P>0.05), and the acetabular anteversion angle was significantly lower than that before operation ( P<0.05). There was no significant difference in acetabular abduction angle and anteversion angle between at immediate and 3 months after operation ( P>0.05). The LLD, offset, HHS score, and VAS score were significantly improved at 3 months after operation when compared with preoperative ones ( P<0.05). MAKO robot assisted complex THA can achieve good short-term effectiveness, improve the hip range of motion, reduce the length difference between bilateral lower limbs, and improve the quality of patients' life.","RAYYAN-INCLUSION: {""Dhruv ""=>""Included""}",,,,
rayyan-637106811,Comparison of Functional and Radiographic Outcomes Between Two Fixation Methods for Extended Trochanteric Osteotomy in Revision Total Hip Arthroplasty: A Retrospective Cohort Study.,2022,1,1,The Journal of arthroplasty,,,,,Zhang B and Du Y and Zhang Y and Dong Y and Zhang T and Zhou Y,https://pubmed.ncbi.nlm.nih.gov/35436529/,,,,"To compare the functional and radiographic outcomes between two fixation methods for extended trochanteric osteotomy (ETO) in revision total hip arthroplasty (rTHA). Included in this study were 64 patients who underwent ETO in rTHA using either claw-plate fixation (claw-plate group, n = 31) or cable-alone fixation (cable group, n = 33) in our hospital from 2008 to 2020. The functional and radiographic results and complications were compared between the groups during a mean follow-up period of 64 and 78 months. The Harris hip score and visual analogue scale at the last follow-up improved significantly in both groups, showing no significant statistical difference between the two fixation methods. In the cable group, the mean abductor lever arm, the proximal migration, and medial migration in the affected hip were significantly decreased compared to those in the contralateral normal hip (P < .05), whereas in the claw-plate group no significant statistical differences were observed between two sides. No or slight limping occurred in 25 patients (81%) in the claw-plate group and 16 patients (48%) in the cable group (P = .007). A multiple logistic regression demonstrated that claw-plate fixation could reduce the incidence of postoperative moderate-to-severe limping. Both claw-plate fixation and cable-alone fixation could improve the functional performance of rTHA with ETO, whereas claw-plate fixation could offer superior biomechanical results and gait improvement as compared with cable-alone fixation.","RAYYAN-INCLUSION: {""Dhruv ""=>""Included""}",,,,
rayyan-637106814,Prediction of Knee Prosthesis Using Patient Gender and BMI With Non-marked X-Ray by Deep Learning.,2022,1,1,Frontiers in surgery,,,,,Yue Y and Gao Q and Zhao M and Li D and Tian H,https://pubmed.ncbi.nlm.nih.gov/35360429/,,,,"Total knee arthroplasty (TKA) is effective for severe osteoarthritis and other related diseases. Accurate prosthesis prediction is a crucial factor for improving clinical outcomes and patient satisfaction after TKA. Current studies mainly focus on conventional manual template measurements, which are inconvenient and inefficient. In this article, we utilize convolutional neural networks to analyze a multimodal patient data and design a system that helps doctors choose prostheses for TKA. To alleviate the problems of insufficient data and uneven distribution of labels, research on model structure, loss function and transfer learning is carried out. Algorithm optimization based on error correct output coding (ECOC) is implemented to further boost the performance. The experimental results show the ECOC-based model reaches prediction accuracies of 88.23% and 86.27% for femoral components and tibial components, respectively. The results verify that the ECOC-based model for prosthesis prediction in TKA is feasible and outperforms existing methods, which is of great significance for templating.","RAYYAN-INCLUSION: {""Dhruv ""=>""Included""}",,,,
rayyan-637106815,Patellofemoral arthroplasty: obesity linked to high risk of revision and progression of medial tibiofemoral osteoarthritis.,2022,1,1,"Knee surgery, sports traumatology, arthroscopy : official journal of the ESSKA",,,,,Marullo M and Bargagliotti M and Vigano' M and Lacagnina C and Romagnoli S,https://pubmed.ncbi.nlm.nih.gov/35348817/,,,,"The purpose of this study was to determine the effect of obesity on patient outcome, procedure failure rate and osteoarthritis (OA) progression in the tibiofemoral compartments in a series of isolated patellofemoral arthroplasty (PFA) performed with a third-generation implant. The study population was patients who had undergone third-generation PFA at a specialized orthopedic center between 2007 and 2017. Patients were categorized by body-mass index (BMI) as obese (O, BMI > 30 kg/m2) or nonobese (NO, BMI < 30 kg/m2). Preoperative and postoperative clinical and functional assessment included knee range of motion, Knee Society Score (KSS), University of California Los Angeles (UCLA) Activity Score, Tegner Activity Level Scale, and visual analogue scale (VAS) for pain. Preoperative and postoperative radiographs were evaluated for progression of tibiofemoral compartment OA, changes in patellar height and in knee coronal alignment. Multiple logistic regression models were used to assess the effect of BMI on outcomes together with other covariates. A total of 120 PFAs with a mean follow-up of 6.9 ± 2.5 years were included: 25 in the O group and 95 in the NO group. Significant improvement was noted in in knee range of motion (P < 0.001), clinical and functional KSS (P < 0.001), UCLA Activity Score (P < 0.001), Tegner score (P < 0.001) and VAS pain (P < 0.001) without inter-groups differences. Worsening of the medial Kellgren-Lawrence (KL) grade (but not the lateral KL grade) was more frequent in the O than the NO group during the follow-up period (P = 0.014). Failure occurred in 4.2% of NO and in 20% of O group patients; the difference was solely due to failure because of OA progression in the tibiofemoral compartment (16% in the O group). There were no between group differences in the failure rate for any cause other than OA progression (4.2% in the NO group, 4.0% in the O group). An equal improvement in function after PFA was noted in both obese and nonobese patients; however, the high failure rate due to OA progression in the medial tibiofemoral compartment warrants caution when considering PFA in obese patients.","RAYYAN-INCLUSION: {""Dhruv ""=>""Included""}",,,,
rayyan-637106816,Factors Influencing Patient Satisfaction With Care and Surgical Outcomes for Total Hip and Knee Replacement.,2021,1,1,The Permanente journal,,,,,Wang MC and Chan PH and Paxton EW and Bellows J and Koplan K and Rabrenovich V and Convissar J and Reddy NC and Grimsrud CD and Navarro RA,https://pubmed.ncbi.nlm.nih.gov/35348097/,,,,"Although patient satisfaction with total joint arthroplasty has been a well-measured outcome, little is known about how preadmission and post-discharge care experiences affect patients' rating of satisfaction. This work aimed to identify actionable factors associated with better ratings of overall care and surgical results. A 36-item survey assessing care in the preoperative, perioperative, and post-discharge phases of care and across all phases was mailed to 7,031 patients who underwent primary unilateral elective total hip arthroplasty and total knee arthroplasty in 2018. Exploratory factor analysis identified 7 actionable domains. Stepwise logistic regression models identified domains associated with ratings of overall care and satisfaction with surgical outcome. Of the 3,026 (43%) patients who returned the survey; 2,814 (93%) rated their overall experience of care as very good or excellent and satisfaction with surgical results as ≥ 7 on a 10-point scale. In exploratory factor analysis, four factors predicted higher ratings of both overall care and surgical outcome: knowing what to do with symptoms and pain during recovery (factor 1), self-reported health (factor 3), knowing what to expect before surgery (factor 4), and shared decision making (factor 6). Coordinated information among providers (factor 2), home health experience (factor 5), and patient-provider relationships (factor 7) also predicted overall care ratings. Patient-centered quality improvement in total joint replacement care requires thinking of care across the entire episode, including before and after the hospital stay for surgery, in addition to perioperative care. The actionable factors identified from this study can be incorporated into total joint replacement care to improve patients' satisfaction with overall care and surgical results.","RAYYAN-INCLUSION: {""Dhruv ""=>""Included""}",,,,
rayyan-637106821,The Impact of Surgeon Variability on Patient-Reported Outcomes in Total Hip Arthroplasty.,2022,1,1,The Journal of arthroplasty,,,,,Sinclair ST and Klika AK and Jin Y and Piuzzi NS and Cleveland Clinic OME Arthroplasty Group and Higuera CA,https://pubmed.ncbi.nlm.nih.gov/35248750/,,,,"Patient-related and surgery-related factors have been shown to be drivers of outcomes after total hip arthroplasty (THA); however, the impact of intersurgeon variability is poorly understood. The purpose of this study is to assess the following: (1) overall effect of surgeon on 1-year patient-reported outcome measures (PROMs), length of stay (LOS), discharge disposition, and 90-day readmission following THA; and (2) variability in 1-year PROMs among surgeons. A prospective cohort of 3,695 patients who underwent THA between 2016 and 2018 was included. Seventy-eight percent of patients completed 1-year follow-up. Thirty-one surgeons from a large healthcare system were included. Likelihood ratio tests analyzed the relationship among surgeon and 1-year Hip Disability and Osteoarthritis Outcome Score (HOOS)-Pain, HOOS-Physical Function Short-Form, HOOS-Joint Replacement, University of California, Los Angeles activity score, Patient Acceptable Symptom State, LOS, discharge disposition, and 90-day readmission. Mixed-effect proportional odds and logistic regression models were used to determine variable importance for each outcome. In total, 90.5% of patients responded positively to 1-year Patient Acceptable Symptom State. There was a significant association among surgeon and 1-year PROMs, LOS, discharge disposition (P < .001), and readmission (P = .002). For HOOS-Pain, Physical Function Short-Form, and Joint Replacement, surgeon (Akaike information criterion increase: 34.6, 18.7, 17.1, respectively) was a greater contributor to outcome than patient-level factors, including age, gender, and comorbidity. Differences in the highest and lowest median probability of achieving any given score on 1-year PROMs ranged from 11% to 18.5%. Variability was not explained by approach (P = .431) or case volume (correlation coefficient, ρ = 0.19). Surgeon-level variability appears to be a greater driver of 1-year PROMs than some patient-level characteristics. Incorporating surgeon as a variable is beneficial for model-fitting and important for increasing value in THA.","RAYYAN-INCLUSION: {""Dhruv ""=>""Included""}",,,,
rayyan-637106822,Artificial intelligence in diagnosis of knee osteoarthritis and prediction of arthroplasty outcomes: a review.,2022,1,1,"Arthroplasty (London, England)",,,,,Lee LS and Chan PK and Wen C and Fung WC and Cheung A and Chan VWK and Cheung MH and Fu H and Yan CH and Chiu KY,https://pubmed.ncbi.nlm.nih.gov/35246270/,,,,"Artificial intelligence is an emerging technology with rapid growth and increasing applications in orthopaedics. This study aimed to summarize the existing evidence and recent developments of artificial intelligence in diagnosing knee osteoarthritis and predicting outcomes of total knee arthroplasty. PubMed and EMBASE databases were searched for articles published in peer-reviewed journals between January 1, 2010 and May 31, 2021. The terms included: 'artificial intelligence', 'machine learning', 'knee', 'osteoarthritis', and 'arthroplasty'. We selected studies focusing on the use of AI in diagnosis of knee osteoarthritis, prediction of the need for total knee arthroplasty, and prediction of outcomes of total knee arthroplasty. Non-English language articles and articles with no English translation were excluded. A reviewer screened the articles for the relevance to the research questions and strength of evidence. Machine learning models demonstrated promising results for automatic grading of knee radiographs and predicting the need for total knee arthroplasty. The artificial intelligence algorithms could predict postoperative outcomes regarding patient-reported outcome measures, patient satisfaction and short-term complications. Important weaknesses of current artificial intelligence algorithms included the lack of external validation, the limitations of inherent biases in clinical data, the requirement of large datasets in training, and significant research gaps in the literature. Artificial intelligence offers a promising solution to improve detection and management of knee osteoarthritis. Further research to overcome the weaknesses of machine learning models may enhance reliability and allow for future use in routine healthcare settings.","RAYYAN-INCLUSION: {""Dhruv ""=>""Included""}",,,,
rayyan-637106823,Elective Total Hip Arthroplasties in Nonagenarians-Age Does Matter: A National Surgical Quality Improvement Program Study.,2022,1,1,The Journal of arthroplasty,,,,,Antoniou J and Silotch C and Epure LL and Antoniou A and Sampalis JS,https://pubmed.ncbi.nlm.nih.gov/35241321/,,,,"The aim of this study is to assess the independent effect of age on the risk of postsurgical complications and death in patients undergoing total hip arthroplasty (THA). The National Surgical Quality Improvement Program was used to identify all patients aged 65 years and older who underwent primary THA from 2011 to 2017. Study outcomes were minor complications, major life-threatening complications, and 30-day mortality. Predictors of outcomes were identified using bivariate analyses and age was added into the final logistic regression models with stepwise selection. A total of 74,361 patients were included in the analysis. Mean (standard deviation) age was 735 years (6.46), median 72.0 years; 1,119 (1.50%) patients were ≥90 years. Females comprised 60.6% of the patient sample. The incidence of major life-threatening complications, minor complications, and death was 939/74,361 (1.3%), 2,098 (2.8%) and 154 (0.2%) respectively. When added to the final models, age was significantly associated with an increased risk of postoperative complications and mortality. Elective THA in relatively healthy nonagenarians should only be considered among patients with disabling osteoarthritis demonstrating a restricted quality of life. Although THA can substantially improve patient wellbeing, our findings suggest that surgeons and patients must consider the impact of age on patient course and outcomes regardless of the presence of comorbidities. Level II, prognostic study.","RAYYAN-INCLUSION: {""Dhruv ""=>""Included""}",,,,
rayyan-637106824,Development and internal validation of machine learning algorithms to predict patient satisfaction after total hip arthroplasty.,2021,1,1,"Arthroplasty (London, England)",,,,,Zhang S and Chen JY and Pang HN and Lo NN and Yeo SJ and Liow MHL,https://pubmed.ncbi.nlm.nih.gov/35236492/,,,,"Patient satisfaction is a unique and important measure of success after total hip arthroplasty (THA). Our study aimed to evaluate the use of machine learning (ML) algorithms to predict patient satisfaction after THA. Prospectively collected data of 1508 primary THAs performed between 2006 and 2018 were extracted from our joint replacement registry and split into training (80%) and test (20%) sets. Supervised ML algorithms (Random Forest, Extreme Gradient Boosting, Support Vector Machines, Logistic LASSO) were developed with the training set, using patient demographics, comorbidities and preoperative patient reported outcome measures (PROMs) (Short Form-36 [SF-36], physical component summary [PCS] and mental component summary [MCS], Western Ontario and McMaster's Universities Osteoarthritis Index [WOMAC] and Oxford Hip Score [OHS]) to predict patient satisfaction at 2 years postoperatively. Predictive performance was evaluated using the independent test set. Preoperative models demonstrated fair discriminative ability in predicting patient satisfaction, with the LASSO model achieving a maximum AUC of 0.76. Permutation importance revealed that the most important predictors of dissatisfaction were (1) patient's age, (2) preoperative WOMAC, (3) number of comorbidities, (4) preoperative MCS, (5) previous lumbar spine surgery, and (6) low BMI (< 18.5). Machine learning algorithms demonstrated fair discriminative ability in predicting patient satisfaction after THA. We have identified modifiable and non-modifiable predictors of postoperative satisfaction which could enhance preoperative counselling and improve health optimization prior to THA.","RAYYAN-INCLUSION: {""Dhruv ""=>""Included""}",,,,
rayyan-637106826,Evaluating willingness for surgery using the SMART Choice (Knee) patient prognostic tool for total knee arthroplasty: study protocol for a pragmatic randomised controlled trial.,2022,1,1,BMC musculoskeletal disorders,,,,,Zhou Y and Weeden C and Patten L and Dowsey M and Bunzli S and Choong P and Schilling C,https://pubmed.ncbi.nlm.nih.gov/35209877/,,,,"Approximately 1 in 5 patients feel unsatisfied after total knee arthroplasty (TKA). Prognostic tools may aid in the patient selection process and reduce the proportion of patients who experience unsatisfactory surgery. This study uses the prognostic tool SMART Choice (Patient Prognostic Tool for Total Knee Arthroplasty) to predict patient improvement after TKA. The tool aims to be used by the patient without clinician input and does not require clinical data such as X-ray findings or blood results. The objective of this study is to evaluate the SMART Choice tool on patient decision making, particularly willingness for surgery. We hypothesise that the use of the SMART Choice tool will influence willingness to undergo surgery, especially when used earlier in the patient TKA journey. This is a multicentred, pragmatic, randomised controlled trial conducted in Melbourne, Australia. Participants will be recruited from the St. Vincent's Hospital, Melbourne (SVHM) Orthopaedic Clinic, and the client base of HCF, Australia (private health insurance company). Patients over 45 years of age who have been diagnosed with knee osteoarthritis and considering TKA are eligible for participation. Participants will be randomised to either use the SMART Choice tool or treatment as usual. The SMART Choice tool provides users with a prediction for improvement or deterioration / no change after surgery based on utility score change calculated from the Veterans-RAND 12 (VR-12) survey. The primary outcome of the study is patient willingness for TKA surgery. The secondary outcomes include evaluating the optimal timing for tool use and using decision quality questionnaires to understand the patient experience when using the tool. Participants will be followed up for 6 months from the time of recruitment. The SMART Choice tool has the potential to improve patient decision making for TKA. Although many prognostic tools have been developed for other areas of surgery, most are confined within academic bodies of work. This study will be one of the first to evaluate the impact of a prognostic tool on patient decision making using a prospective clinical trial, an important step in transitioning the tool for use in clinical practice. Australia and New Zealand Clinical Trials Registry (ANZCTR) - ACTRN12622000072718 . Prospectively registered - 21 January 2022.","RAYYAN-INCLUSION: {""Dhruv ""=>""Included""}",,,,
rayyan-637106828,Can Patient-Reported Outcome Measurement Information System Measures Differentiate Patients Who Will Undergo Hip and Knee Total Joint Arthroplasty: A Retrospective Case-Control Study.,2022,1,1,The Journal of arthroplasty,,,,,Horn ME and George SZ and Goode AP and Reinke EK and Scott LG and Bolognesi MP,https://pubmed.ncbi.nlm.nih.gov/35196566/,,,,"The Patient-Reported Outcome Measurement Information System (PROMIS) can be used to monitor patients in population-health-based programs. However, it is unknown which measures are most appropriate to differentiate patients who will undergo hip or knee total joint arthroplasty (TJA) in a cohort of patients with osteoarthritis. A retrospective cohort of new patients consulting for treatment from November 17, 2017 to April 20, 2020 (cases: hip: n = 157, knee: n = 112; randomly selected nonsurgical controls: hip: n = 314, knee: n = 224) was extracted from the electronic health record. We recorded demographics, comorbidity, and PROMIS scores for 8 domains (physical function, pain interference, pain intensity, anxiety, depression, sleep disturbance, ability to participate in social roles and activities, and fatigue). We performed descriptive statistics to characterize the cohorts and baseline PROMIS scores and conducted logistic regression models to determine which PROMIS domains differentiated patients undergoing hip and knee TJA. In univariate comparisons of PROMIS domains, the hip and knee surgical cohorts differed from controls in physical function (P < .01), pain interference (P < .01), and ability to participate in social roles and activities (P < .02). In logistic regression models informed by univariate analyses, PROMIS physical function was the only PROMIS measure to differentiate undergoing surgery in both hip and knee cohorts (P < .01). PROMIS physical function can differentiate TJA cases from nonsurgical controls in both hip and knee patients. These findings have implications for considering which PROMIS measures to administer in patients with hip and knee osteoarthritis.","RAYYAN-INCLUSION: {""Dhruv ""=>""Included""}",,,,
rayyan-637106829,Incorporating patient-reported outcomes into shared decision-making in the management of patients with osteoarthritis of the knee: a hybrid effectiveness-implementation study protocol.,2022,1,1,BMJ open,,,,,Lin E and Uhler LM and Finley EP and Jayakumar P and Rathouz PJ and Bozic KJ and Tsevat J,https://pubmed.ncbi.nlm.nih.gov/35190439/,,,,"Osteoarthritis (OA) is a major clinical and public health concern. The primary surgical treatment of knee OA is total knee replacement (TKR), a procedure that aims to alleviate pain and restore physical function. TKR is expensive, however, and based on professional guidelines, inappropriately performed in up to a third of patients. Patient-reported outcome measures (PROMs) help evaluate treatment options by quantifying health outcomes that matter to patients and can thus inform shared decision-making (SDM) between patients and health professionals. This is a US-based 2-year, two-site hybrid type 1 study to assess clinical effectiveness and implementation of a machine learning-based patient decision aid (PDA) integrating patient-reported outcomes and clinical variables to support SDM for patients with knee OA considering TKR. Substudy 1: At one study site, a randomised controlled trial is evaluating the clinical effectiveness of the PDA and SDM process on decision quality as measured after the baseline consultation and treatment choice measured 3 and 6 months after the baseline visit among 200 patients with knee OA. Substudy 2: At a second study site, a qualitative assessment using principles of behaviour design and intervention mapping is evaluating the feasibility and acceptability of the PROMs, PDA and SDM process by interviewing seven health professionals and 25 patients before and 25 patients after PDA implementation. Ethics approval has been obtained from The University of Texas at Austin Institutional Review Board (protocol number: 2018-11-0042). Informed consent will be obtained from all participants. Study results will be disseminated through conference presentations, publications and professional societies. NCT04805554.","RAYYAN-INCLUSION: {""Dhruv ""=>""Included""}",,,,
rayyan-637106830,"Effect of tourniquet use on blood loss, pain, functional recovery, and complications in robot-assisted total knee arthroplasty: a prospective, double-blinded, randomized controlled trial.",2022,1,1,Journal of orthopaedic surgery and research,,,,,Lai YH and Xu H and Su Q and Wan XF and Yuan MC and Zhou ZK,https://pubmed.ncbi.nlm.nih.gov/35189911/,,,,"Robot-assisted total knee arthroplasty (TKA) has been largely studied to confirm its advantages in terms of accurate component positioning, microembolus formation, less blood loss, and so on, but is currently usually performed under tourniquet due to its longer operative time than conventional TKA. The aim of this study was to estimate the effects of tourniquet use in robot-assisted TKA on blood loss, pain, functional recovery, and complications. Patients scheduled for robot-assisted TKA were prospectively randomized into a tourniquet or non-tourniquet group (each n = 14). The primary outcome measure was blood loss. The secondary outcome measures were operation time; visual analog scale (VAS) pain scores; time to achieve the first straight-leg raise; swelling of the thigh, knee, and calf; range of motion; Hospital for Special Surgery score; length of stay; and postoperative complications. There was no significant difference in total blood loss between the tourniquet and non-tourniquet groups (738.57 ± 276.158 vs. 866.85 ± 243.422 ml, P = 0.061). The tourniquet group showed significantly lower intraoperative blood loss (P < 0.001), but higher hidden blood loss (P = 0.002). The non-tourniquet group showed better knee range of motion on postoperative days (PODs) 1-3 (all P < 0.001), less thigh swelling on PODs 2 and 3 (P < 0.05), earlier straight-leg raising (P = 0.044), and shorter length of stay (P = 0.044). Thigh pain VAS score at 1 month after surgery was significantly greater in the tourniquet group (P < 0.001), as was knee pain during activity and at rest on PODs 2-3 (all P < 0.05). The tourniquet group also showed a significantly higher rate of tension blisters (28.8% vs. 7.1%, P = 0.038). Tourniquet use during robot-assisted TKA does not reduce total blood loss, and it appears to increase postoperative pain, aggravate muscle injury, and prolong postoperative recovery. Trial registration ChiCTR, ChiCTR2100041800. Registered 5 January 2021, http://www.chictr.org.cn/index.aspx .","RAYYAN-INCLUSION: {""Dhruv ""=>""Included""}",,,,
rayyan-637106835,"Reducing patient-staff contact in fast-track total hip arthroplasty has no effect on patient-reported outcomes, but decreases satisfaction amongst patients with self-perceived complications: analysis of 211 patients.",2022,1,1,Acta orthopaedica,,,,,Hansen JB and Sørensen JFL and Glassou EN and Homilius M and Hansen TB,https://pubmed.ncbi.nlm.nih.gov/35067723/,,,,"Several studies have compared fast-track with conventional pathways for total hip arthroplasty (THA) patients, but none have compared different fast-track pathways. Due to COVID-19 restrictions, our department had to minimize patient-staff contact in the THA pathway. First, telephone consultations were implemented instead of an outpatient clinic visit and subsequently preoperative patient education was discontinued. This enabled us to compare patient-reported outcomes and satisfaction among 3 fast-track pathways. We collected data from patients treated for hip osteoarthritis with THA at Gødstrup Hospital between 2018 and 2021. The patients had experienced 1 of 3 pathways and were interviewed via telephone between 2 and 6 months after discharge. We analyzed the influence of patient pathway on patient-reported pain and mobility level, self-perceived complications, and compliance using logistic regression. We then compared the pathway's effect on patient satisfaction both for the total sample and for the patients who experienced complications. The amount of patient-staff contact in the patient pathway did not have any influence on patientreported outcomes or the probability of self-perceived complications. For the full sample, patient-staff contact had no statistically significant influence on patient satisfaction either, but for the subgroup of patients experiencing complications, the pathways with less patient-staff contact reduced satisfaction. Patient satisfaction was primarily related to pain and mobility outcomes. Our results indicate that reducing patient-staff contact in fast-track THA can be done without influencing mobility and pain outcomes, but the overall satisfaction among patients with self-perceived complications will be negatively affected.","RAYYAN-INCLUSION: {""Dhruv ""=>""Included""}",,,,
rayyan-637106836,Can minimal clinically important differences in patient reported outcome measures be predicted by machine learning in patients with total knee or hip arthroplasty? A systematic review.,2022,1,1,BMC medical informatics and decision making,,,,,Langenberger B and Thoma A and Vogt V,https://pubmed.ncbi.nlm.nih.gov/35045838/,,,,"To systematically review studies using machine learning (ML) algorithms to predict whether patients undergoing total knee or total hip arthroplasty achieve an improvement as high or higher than the minimal clinically important differences (MCID) in patient reported outcome measures (PROMs) (classification problem). Studies were eligible to be included in the review if they collected PROMs both pre- and postintervention, reported the method of MCID calculation and applied ML. ML was defined as a family of models which automatically learn from data when selecting features, identifying nonlinear relations or interactions. Predictive performance must have been assessed using common metrics. Studies were searched on MEDLINE, PubMed Central, Web of Science Core Collection, Google Scholar and Cochrane Library. Study selection and risk of bias assessment (ROB) was conducted by two independent researchers. 517 studies were eligible for title and abstract screening. After screening title and abstract, 18 studies qualified for full-text screening. Finally, six studies were included. The most commonly applied ML algorithms were random forest and gradient boosting. Overall, eleven different ML algorithms have been applied in all papers. All studies reported at least fair predictive performance, with two reporting excellent performance. Sample size varied widely across studies, with 587 to 34,110 individuals observed. PROMs also varied widely across studies, with sixteen applied to TKA and six applied to THA. There was no single PROM utilized commonly in all studies. All studies calculated MCIDs for PROMs based on anchor-based or distribution-based methods or referred to literature which did so. Five studies reported variable importance for their models. Two studies were at high risk of bias. No ML model was identified to perform best at the problem stated, nor can any PROM said to be best predictable. Reporting standards must be improved to reduce risk of bias and improve comparability to other studies.","RAYYAN-INCLUSION: {""Dhruv ""=>""Included""}",,,,
rayyan-637106837,Comparing Postoperative Readmission Rates Between Veterans Receiving Total Knee Arthroplasty in the Veterans Health Administration Versus Community Care.,2022,1,1,Medical care,,,,,Rosen AK and Beilstein-Wedel EE and Harris AHS and Shwartz M and Vanneman ME and Wagner TH and Giori NJ,https://pubmed.ncbi.nlm.nih.gov/35030566/,,,,"There are growing concerns that Veterans' increased use of Veterans Health Administration (VA)-purchased care in the community may lead to lower quality of care. We compared rates of hospital readmissions following elective total knee arthroplasties (TKAs) that were either performed in VA or purchased by VA through community care (CC) at both the national and facility levels. Three-year cohort study using VA and CC administrative data from the VA's Corporate Data Warehouse (October 1, 2016-September 30, 2019). We obtained Medicare data to capture readmissions that were paid by Medicare. We used the Centers for Medicare and Medicaid Services (CMS) methods to identify unplanned, 30-day, all-cause readmissions. A secondary outcome, TKA-related readmissions, identified readmissions resulting from complications of the index surgery. We ran mixed-effects logistic regression models to compare the risk-adjusted odds of all-cause and TKA-related readmissions between TKAs performed in VA versus CC, adjusting for patients' sociodemographic and clinical characteristics. Nationally, the odds of experiencing an all-cause or TKA-related readmission were significantly lower for TKAs performed in VA versus CC (eg, the odds of experiencing an all-cause readmission in VA were 35% of those in CC. At the facility level, most VA facilities performed similarly to their corresponding CC providers, although there were 3 VA facilities that performed worse than their corresponding CC providers. Given VA's history in providing high-quality surgical care to Veterans, it is important to closely monitor and track whether the shift to CC for surgical care will impact quality in both settings over time.","RAYYAN-INCLUSION: {""Dhruv ""=>""Included""}",,,,
rayyan-637106843,"The morphology of the proximal femur in cementless short-stem total hip arthroplasty: No negative effect on offset reconstruction, leg length difference and implant positioning.",2021,1,1,Journal of orthopaedic surgery and research,,,,,Luger M and Feldler S and Klasan A and Gotterbarm T and Schopper C,https://pubmed.ncbi.nlm.nih.gov/34930358/,,,,"Correct reconstruction of hip offset (HO) and leg length are important for clinical-functional outcome and patient satisfaction in total hip arthroplasty (THA). The morphology of the proximal femur can pose a risk for increased leg length difference (LLD) in cementless straight-stem THA. We therefore wanted to evaluate, if this is also applicable in THA with a cementless meta-diaphyseal short stem. In a retrospective study, 106 patients (index surgery 2014-2019) with unilateral THA and a morphologically healthy hip as a reference (Kellgren-Lawrence ≤ 1) were included. The same cementless short stem with meta-diaphyseal fixation and cementless press-fit cup was implanted. The proximal femur was rated by Dorr's classification, and subgroups were formed afterward. Measurements were carried out on preoperative and 3 months postoperative anterior-posterior radiographs of the pelvis. Kruskal-Wallis test, Fisher's exact test and binary logistic regression were performed to evaluate the influence of the anatomical shape on postoperative leg length difference and offset reconstruction. The Dorr type did not show any significance influence on LLD (p = 0.532), or postoperative difference in femoral offset (p = 0.243), acetabular offset (p = 0.106) and hip offset (p = 0.698). Stem alignment (p = 0.705) and canal fill indices (CFI I: p = 0.321; CFI II: p = 0.411; CFI III: p = 0.478) were also without significant differences. Logistic regression did not show any significant increased risk for a LLD ≥ 5 mm or ≥ 10 mm as well as HO ≥ 5 mm or ≥ 10 mm. Reconstruction of hip offset and postoperative leg length difference is not negatively influenced by Dorr type, canal flare index, cortical index and canal-to-calcar ratio in cementless short-stem THA. Implant positioning and canal fill are also not negatively affected by the anatomical shape of the proximal femur. Level IV.","RAYYAN-INCLUSION: {""Dhruv ""=>""Included""}",,,,
rayyan-637106845,Predictors of failure of two-stage revision in periprosthetic knee infection: a retrospective cohort study with a minimum two-year follow-up.,2022,1,1,Archives of orthopaedic and trauma surgery,,,,,Russo A and Cavagnaro L and Chiarlone F and Alessio-Mazzola M and Felli L and Burastero G,https://pubmed.ncbi.nlm.nih.gov/34812921/,,,,"Despite the standardization of two-stage knee revision protocols, a high percentage of failures still occurs. Identifying the predictors of failure is necessary to determine appropriate management and counsel for patients with a periprosthetic knee infection. This study aimed to identify risk factors predicting the failure, to describe implant survival, and to report the mid-term clinical outcomes of patients undergoing two-stage revision for periprosthetic knee infection. Data of patients who underwent two-stage knee revision from 2012 to 2016 were analyzed, and 108 patients were included. The mean age was 66.6 ± 9.2 years. The mean follow-up was 52.9 ± 15.6 months. Logistic regression was conducted to identify predictors of treatment failure. Kaplan-Meier curves were generated to assess implant survival. Preoperative functional outcomes were compared to those registered at the final follow-up. Difficult-to-treat infections (OR = 4.2, 95% CI 1.2-14.5, p = 0.025), the number of previous surgeries (OR = 1.8, 95% CI 1.2-2.6, p = 0.005), and the level of tibial bone defect (OR = 2.3, 95% CI 1.1-4.7, p = 0.027) significantly predicted the failure of two-stage knee revision. Survivorship of implants was significantly lower for patients presenting these risk factors (p < 0.05). Mean Knee Society Score improved from 49.0 ± 12.0 to 80.2 ± 13.6 (p < 0.001). Mean Oxford Knee Score improved from 22.2 ± 4.9 to 36.1 ± 6.0 points (p < 0.001). Difficult-to-treat pathogens, the number of previous surgeries, and the level of tibial bone defect were independent risk factors of two-stage knee revision failure. Overall, the two-stage protocol provided a good survival rate and functional outcome.","RAYYAN-INCLUSION: {""Dhruv ""=>""Included""}",,,,
rayyan-637106846,Logistic Regression and Machine Learning Models Cannot Discriminate Between Satisfied and Dissatisfied Total Knee Arthroplasty Patients.,2022,1,1,The Journal of arthroplasty,,,,,Munn JS and Lanting BA and MacDonald SJ and Somerville LE and Marsh JD and Bryant DM and Chesworth BM,https://pubmed.ncbi.nlm.nih.gov/34737020/,,,,"Approximately 20% of total knee arthroplasty (TKA) patients are found to be dissatisfied or unsure of their satisfaction at 1-year post-surgery. This study attempted to predict 1-year post-surgery dissatisfied/unsure TKA patients with pre-surgery and surgical variables using logistic regression and machine learning methods. A retrospective analysis of patients who underwent primary TKA for osteoarthritis between 2012 and 2016 at a single institution was completed. Patients were split into satisfied and dissatisfied/unsure groups. Potential predictor variables included the following: demographic information, patella re-surfaced, posterior collateral ligament sacrificed, and subscales from the Knee Society Knee Scoring System, the Knee Society Clinical Rating System, the Western Ontario and McMaster Universities Osteoarthritis Index, and the 12-Item Short Form Health Survey version 2. Logistic regression and 6 different machine learning methods were used to create prediction models. Model performance was evaluated using discrimination (AUC [area under the receiver operating characteristic curve]) and calibration (Brier score, Cox intercept, and Cox slope) metrics. There were 1432 eligible patients included in the analysis, 313 were considered to be dissatisfied/unsure. When evaluating discrimination, the logistic regression (AUC = 0.736) and extreme gradient boosted tree (AUC = 0.713) models performed best. When evaluating calibration, the logistic regression (Brier score = 0.141, Cox intercept = 0.241, and Cox slope = 1.31) and gradient boosted tree (Brier score = 0.149, Cox intercept = 0.054, and Cox slope = 1.158) models performed best. The models developed in this study do not perform well enough as discriminatory tools to be used in a clinical setting. Further work needs to be done to improve the performance of pre-surgery TKA dissatisfaction prediction models.","RAYYAN-INCLUSION: {""Dhruv ""=>""Included""}",,,,
rayyan-637106847,Evaluation of the balance function before and after total knee arthroplasty using Berg balance scale.,2022,1,1,Archives of orthopaedic and trauma surgery,,,,,Kiyohara M and Hamai S and Okazaki K and Fujiyoshi D and Mizu-Uchi H and Nakashima Y,https://pubmed.ncbi.nlm.nih.gov/34716485/,,,,"The purpose of this study was to evaluate balance function before and after total knee arthroplasty (TKA) using Berg balance scale (BBS). The study also aimed to identify factors associated with balance impairment. Ninety-three knees in 90 patients were prospectively evaluated using their BBS scores, passive knee extension/flexion angles, Visual analogue scale for pain scores, hip-knee-ankle angles, and knee extensor/flexor muscle strengths before and after TKA. A total BBS score of less than 45 indicates an enhanced risk of multiple falls. Multivariate logistic regression models were performed to elucidate factors associated with post-operative BBS score. A significant difference in mean pre- and post-operative BBS scores were noted (49.3 ± 6.4 vs. 52.2 ± 4.7) (p < 0.05). The percentage of pre- and post-operative BBS scores less than 45 were 20% and 10% (p < 0.05). Rheumatoid Arthritis (RA), lower pre-operative BBS score, and larger post-operative knee flexion contracture were significantly associated with lower post-operative BBS score (p < 0.01). The post-operative knee flexion contracture greater than 10° was significantly associated with substantially high odds of post-operative BBS scores less than 45 (Odds ratio 7.6; 95% confidential interval 1.69-34.17). While TKA significantly improved BBS scores, 10% of the patients remained at a risk for multiple falls. RA, lower pre-operative BBS score, and post-operative knee flexion contracture greater than 10° retained balance impairment even after TKA.","RAYYAN-INCLUSION: {""Dhruv ""=>""Included""}",,,,
rayyan-637106848,Latest Advances in Robot-Assisted Knee Arthroplasty.,2021,1,1,Surgical technology international,,,,,Nathwani D and Shenoy R,https://pubmed.ncbi.nlm.nih.gov/34699601/,,,,"In the longstanding pursuit of improving alignment and functional outcome in knee arthroplasty, technological evolution leading to robotic systems has now been introduced to the mainstream orthopaedic surgical world. This technology facilitates greater accuracy in implant placement, protects soft tissues, and achieves better balancing, while also allowing the potential to be more bone conserving. Robots currently in use in orthopaedic surgery can be classified into passive or haptic semi-active surgeon-guided systems. Using a virtual model of the knee joint, the robot system guides bone cuts and facilitates precise implant placement. In addition, small changes to bone resection can be made permitting deformity correction and balancing. This is achieved on-table by dynamic referencing, which enables live objective measurement of range of movements, stability, and gap balance throughout the range of motion. Preservation of ligaments and their unnecessary releases has been shown to reduce time to recovery and allow potentially better knee kinematics. Advances in robot technology in knee arthroplasty have led to the development of a variety of systems to execute the multiple steps in this procedure including using computed tomography (CT) scans, magnetic resonance imaging (MRI) scans, plain radiographs (image based), or image-free systems. The combination of these images and on-table registering of bony landmarks allow the creation of a 3-dimensional (3D) virtual, but accurate, model of the knee during surgery. The various systems apply sculpting tools, burrs, or cutting saws to deliver the bone cuts or allow robots to guide placement of cutting blocks to ensure accurate pre-planned bone cuts. Intraoperative adjustments to bone resections can be made using a variety of tracker systems to measure joint movement and ligament balance to correct any malalignments while performing the surgery, so compound errors in the technique are avoided. Data from comparative studies suggest improved accuracy in implant placement in patients compared to conventional knee arthroplasty. Benefits of robot assistance have been demonstrated both in total knee arthroplasty and unicompartmental knee arthroplasty. Recent studies show a trend toward improved patient-reported outcomes and better patient satisfactions as well as earlier recoveries following robot-assisted knee arthroplasty. Early survivorship data has also shown a better survivorship with robot-assisted knee arthroplasty, although long-term survivorship data are awaited. An increase in familiarity, availability, and demand for this technology is driving innovations aimed at delivering a personalized approach to knee arthroplasty. This chapter will discuss the latest advances and look at the clinical research in relation to the robotic technological advancement comparing some of the different system approaches.","RAYYAN-INCLUSION: {""Dhruv ""=>""Included""}",,,,
rayyan-637106849,Autograft Versus Allograft: The Evidence in Hip Labral Reconstruction and Augmentation.,2021,1,1,The American journal of sports medicine,,,,,Cooper JD and Dekker TJ and Ruzbarsky JJ and Pierpoint LA and Soares RW and Philippon MJ,https://pubmed.ncbi.nlm.nih.gov/34665988/,,,,"Labral augmentation and labral reconstruction have emerged as essential procedures for restoring the anatomic and functional characteristics of the hip joint in patients with a deficient hip labrum or irreparable labral tear. The purpose of this study was to compare allograft and autograft hip labral reconstruction and augmentation. We hypothesized that autografts would entail fewer revision arthroscopic procedures. Cohort study; Level of evidence, 3. Patients were identified who underwent labral reconstruction or labral augmentation using iliotibial band (ITB) allograft or ITB autograft performed by a single surgeon between 2011 and 2017. Patient-reported outcome measures collected before surgery and at minimum 2-year follow-up included the following: Hip Outcome Score Activities of Daily Living and Hip Outcome Score Sports-Specific Subscale and, at follow-up, patient satisfaction (range, 1-10, with 10 being very satisfied). Patients followed a standardized rehabilitation protocol after surgery with relative individualization to address each patient's needs. For continuous variables, comparisons between allografts and autografts were made using Student t tests or Mann-Whitney tests. Categorical comparisons were assessed using chi-square or Fisher exact test. Multiple logistic regression was performed to determine the influence of graft choice on risk of revision or THA. A total of 205 hips met 2-year inclusion criteria. ITB allografts were used for 55 patients (37 augmentations, 18 reconstructions) and ITB autografts for 150 patients (34 augmentations, 116 reconstructions). Females represented a greater proportion of allograft versus autograft patients (71% vs 46%, respectively; P = .001). Overall, autograft patients had larger alpha angles (66.6° vs 59.1°; P = .001) and longer grafts (46 vs 41 mm; P = .03) compared with allograft patients. A total of 13 (23.6%) patients required revision surgery in the allograft group compared with 11 (7.3%) in the autograft group (P < .001). After controlling for sex, procedure (reconstruction vs augmentation), and previous surgery, the odds of revision were higher for allograft patients (OR, 4.1; 95% CI, 1.5-11.6). No significant differences in conversion to THA were observed between groups (allograft = 9%; autograft = 6%; P = .50), even after adjustment for the above covariates (OR, 2.3; 95% CI, 0.6-7.9). No differences in postoperative patient-reported outcome measures or patient satisfaction were observed between groups. Labral augmentation or reconstruction with autograft has a significantly lower revision rate than labral augmentation or reconstruction with allograft.","RAYYAN-INCLUSION: {""Dhruv ""=>""Included""}",,,,
rayyan-637106850,[A prospective randomized controlled trial on the short-term effectiveness of domestic robot-assisted total knee arthroplasty].,2021,1,1,Zhongguo xiu fu chong jian wai ke za zhi = Zhongguo xiufu chongjian waike zazhi = Chinese journal of reparative and reconstructive surgery,,,,,Yuan M and Shi X and Su Q and Wan X and Zhou Z,https://pubmed.ncbi.nlm.nih.gov/34651477/,,,,"To explore the short-term effectiveness of domestic robot-assisted total knee arthroplasty (RATKA) conducted by a prospective randomized controlled trial. Patients who were scheduled for primary unilateral TKA between October 2020 and December 2020 were eligible in this randomized controlled trial. According to the random number table method, they were allocated to the traditional TKA group and the RATKA group [application of the Yuanhua robotic-assisted TKA (YUANHUA-TKA) system during operation]. A total of 63 patients met the selection criteria were enrolled in the study, of which 3 cases voluntarily withdrew from the trial. And finally 60 cases were enrolled for analysis; of which 28 cases were in the RATKA group and 32 cases were in the traditional TKA group. There was no significant difference in gender, age, body mass index, American Society of Anesthesiologists (ASA) classification, duration of osteoarthritis, surgical side, and preoperative knee visual analogue scale (VAS) resting and motion scores, joint range of motion (ROM), Knee Society Score (KSS), Western Ontario and McMaster University Osteoarthritis Index (WOMAC) pain, stiffness, and function scores, hip-knee-ankle angle (HKA) deviation ( P>0.05). The operation time and intraoperative blood loss of the two groups were recorded. Knee joint VAS resting and motion scores, ROM, KSS scores, and WOMAC pain, stiffness, and function scores were used to evaluate the knee joint function and pain. Gait analysis (flexion and extension angle) was conducted at 3 months after operation. The full length X-ray films of lower limbs and anteroposterior and lateral X-ray films of knee joint were taken. The HKA deviation, lateral tibia component (LTC), frontal femoral component (FFC), frontal tibia component (FTC), and lateral femoral component (LFC) measured on the X-ray films were used to evaluat the lower limb alignment and prosthesis position. The operations of the two groups completed successfully; the incisions healed by first intention after operation, and no complications related to the operation occurred. The operation time of the RATKA group was significantly longer than that of the traditional TKA group ( t=12.253, P=0.001), and there was no significant difference in intraoperative blood loss between the two groups ( t=3.382, P=0.071). All patients were followed up 3 months. At 3 months after operation, the knee joint VAS resting and motion scores, ROM, KSS scores, and WOMAC pain, stiffness, and function scores improved significantly when compared with preoperatively in the two groups ( P<0.05); there was no significant difference of pre- and post-operative indicators between the two groups ( P>0.05). The gait analysis showed that the flexion and extension angle in the RATKA group was significantly bigger than that in the traditional TKA group ( t=9.469, P=0.003). X-ray films reexamination at 3 months after operation showed that the prostheses in the two groups were in good positions, and there was no adverse events such as prosthesis loosening or sinking. There were significant differences in the HKA deviation between pre- and post-operation in the two groups ( P<0.05), but the difference of pre- and post-operative HKA deviation between the two groups was not significant ( t=1.254, P=0.267). There was no significant difference in FFC, FTC, and LFC between the two groups ( P>0.05); the LTC was significantly smaller in the RATKA group than in the traditional TKA group ( t=17.819, P=0.000), which was closer to the ideal value. YUANHUA-TKA system can improve the accuracy of osteotomy and the prosthesis placement as well as the lower limb alignment. Its short-term effectiveness can be promised, but long-term effectiveness needs to be further studied.","RAYYAN-INCLUSION: {""Dhruv ""=>""Included""}",,,,
rayyan-637106851,[Early effectiveness of robot-assisted total hip arthroplasty via direct superior approach].,2021,1,1,Zhongguo xiu fu chong jian wai ke za zhi = Zhongguo xiufu chongjian waike zazhi = Chinese journal of reparative and reconstructive surgery,,,,,Zhang J and Wang X and Yang D and Zhou Y,https://pubmed.ncbi.nlm.nih.gov/34651475/,,,,"To evaluate the early effectiveness of the robot-assisted total hip arthroplasty (THA) via direct superior approach (DSA). Between March 2021 and April 2021, 11 patients (11 hips) were treated with a robot-assisted THA via DSA. There were 7 males and 4 females, with an average age of 55 years (range, 26-73 years). There were 5 patients of osteoarthritis secondary to hip dysplasia and 6 patients of osteonecrosis of femoral head. Preoperative hip Harris score was 55.8±6.3. The operation time, volume of blood loss, length of incision, postoperative blood transfusion and hospital stay, and the incidence of surgical complications were recorded. The visual analogue scale (VAS) score and Harris score were used to evaluate hip joint pain and function. The leg length discrepancy (LLD) was measured on the X-ray films. The inclination angle and anteversion angle of the acetabular component were also measured, and the difference between the planned and actual values were compared. One THA was performed via conventional posterolateral approach finally because of poor exposure. The rest of 10 THAs were performed with assistance of robotic arm via DSA. The average operation time was 89 minutes (range, 65-120 minutes); the average length of incision was 10.5 cm (range, 9-13 cm); and the average blood loss was 400 mL (range, 110-740 mL). One patient was given a blood transfusion for 2 unit. All incisions healed by first intention and no neurovascular injury, deep vein thrombosis, or fracture occurred. The length of hospital stay after operation was 2-6 days (mean, 4.4 days). The duration of follow-up was 1-3 months (mean, 2.1 months). The VAS score was 0 in 9 patients and 2 in 1 patient at the day of discharge. At last follow-up, the hip Harris score was 84.9±6.7, showing significant difference when compared with that before operation ( t=-8.717, P=0.000). The inclination and anteversion angles were (37.4±2.0)° and (17.1±4.5)°, respectively, and there was no significant difference when compared with the planned values [(38.2±1.6)°, (16.6±3.7)°] ( t=1.809, P=0.104; t=-1.103, P=0.299). The LLD ranged from -2 to 4 mm. No complication such as dislocation, aseptic loosening, or periprosthetic joint infection occurred. The robot-assisted THA via DSA has encouraged early effectiveness.","RAYYAN-INCLUSION: {""Dhruv ""=>""Included""}",,,,
rayyan-637106852,[Short-term effectiveness of Mako robot-assisted total hip arthroplasty via posterolateral approach].,2021,1,1,Zhongguo xiu fu chong jian wai ke za zhi = Zhongguo xiufu chongjian waike zazhi = Chinese journal of reparative and reconstructive surgery,,,,,Wuhuzi Wulamu and Zhang X and Nuerailijiang Yushan and Ji B and Cao L,https://pubmed.ncbi.nlm.nih.gov/34651473/,,,,"To explore the short-term effectiveness of Mako robot-assisted total hip arthroplasty (THA) via posterolateral approach. The clinical data of 64 patients (74 hips) treated with Mako robot-assisted THA via posterolateral approach (robot group) between May 2020 and March 2021 were retrospectively analyzed and compared with the clinical data of 52 patients (55 hips) treated with traditional THA via posterolateral approach (control group) in the same period. There was no significant difference in general data such as gender, age, side, body mass index, disease type, and preoperative Harris score between the two groups ( P>0.05). The operation time, intraoperative blood loss, and complications were recorded and compared between the two groups. Acetabular inclination angle, acetabular anteversion angle, and lower limbs discrepancy were measured after operation. At last follow-up, the improvement of hip pain and function was evaluated by visual analogue scale (VAS) score, Harris score, and forgetting joint score (FJS-12). In the robot group, 3 patients (including 1 patient with acetabular fracture during operation) were converted to routine THA because the pelvic data array placed at the anterior superior iliac spine was loose, resulting in data error and unable to register the acetabulum; the other patients in the two groups completed the operation successfully. The operation time and intraoperative blood loss in the robot group were significantly higher than those in the control group ( P<0.05). All patients were followed up 1-10 months, with an average of 4.6 months. In the robot group, 1 patient with ankylosing spondylitis had acetabular prosthesis loosening at 2 days after operation, underwent surgical revision, and 10 patients had lower limb intermuscular vein thrombosis; in the control group, 1 patient had left hip dislocation and 5 patients had lower extremity intermuscular vein thrombosis; there was no complication such as sciatic nerve injury, incision exudation, and periprosthetic infection in both groups. There was no significant difference in the incidence of complications between the robot group and the control group (17.2% vs.11.5%) ( χ 2=0.732, P=0.392). At last follow-up, the acetabular anteversion angle and FJS-12 score in the robot group were was significantly greater than those in the control group, and the lower limbs discrepancy was significantly less than that in the control group ( P<0.05); there was no significant difference in acetabular inclination angle and VAS score between the two groups ( P>0.05). The Harris scores of the two groups were significantly improved when compared with those before operation ( P<0.05), but there was no significant difference in the difference of pre- and post-operative score between the two groups ( t=1.632, P=0.119). Compared with traditional surgery, Mako robot-assisted THA can optimize the accuracy and safety of acetabular cup implantation, reduce the length difference of the lower limbs, and has a certain learning curve. Its long-term effectiveness needs further research to confirm.","RAYYAN-INCLUSION: {""Dhruv ""=>""Included""}",,,,
rayyan-637106853,[Optimal lower limb alignment and soft tissue balancing strategy for robot-assisted total knee arthroplasty].,2021,1,1,Zhongguo xiu fu chong jian wai ke za zhi = Zhongguo xiufu chongjian waike zazhi = Chinese journal of reparative and reconstructive surgery,,,,,Wang Q and Zhang X,https://pubmed.ncbi.nlm.nih.gov/34651472/,,,,"Lower limb alignment and soft tissue balance are important factors affecting patient satisfaction, clinical functional outcome, and prosthetic long-term survival rate after total knee arthroplasty (TKA). Robot-assisted TKA (rTKA) has the advantages of achieving precise osteotomy and soft tissue balance. However, rTKA under the guidance of classic mechanical alignment principles does not significantly improve the functional outcome after operation. The new TKA alignment principles, such as kinematic alignment (KA) and functional alignment (FA), can better consider the patient's own knee joint morphology and kinematic characteristics, which may help improve the clinical results of TKA. With the help of more objective and accurate soft tissue balance assessment tool such as pressure sensors, KA and FA have been proven to better achieve soft tissue balance. rTKA can achieve non-neutral alignment goals such as KA or FA more accurately and reproducibly. The use of these lower limb alignment and soft tissue balancing strategies will be expected to further increase the patients' satisfaction rate after rTKA.","RAYYAN-INCLUSION: {""Dhruv ""=>""Included""}",,,,
rayyan-637106854,Pre-Operative Predictors for Discharge to Post-Acute Care Facilities After Total Knee Arthroplasty.,2022,1,1,The Journal of arthroplasty,,,,,Zeng C and Koonce RC and Tavel HM and Argosino SE and Kiepe DA and Lyons EE and Ford MA and Steiner CA,https://pubmed.ncbi.nlm.nih.gov/34619305/,,,,"Joint replacement surgery is in increasing demand and is the most common inpatient surgery for Medicare beneficiaries. The venue for post-operative rehabilitation, including early outpatient therapy after surgery, influences recovery and quality of life. As part of a comprehensive total joint program at Kaiser Permanente Colorado, we developed and validated a predictive model to anticipate and plan the disposition for rehabilitation of our patients after total knee arthroplasty (TKA). We analyzed data for TKA patients who completed a pre-operative Total Knee Risk Assessment in 2017 (the model development cohort) or during the first 6 months of 2018 (the model validation cohort). The Total Knee Risk Assessment, which is used to guide disposition for rehabilitation, included questions in mobility, social, and environment domains. Multivariable logistic regression was used to predict discharge to post-acute care facilities (PACFs) (ie, skilled nursing facilities or acute rehabilitation centers). Data for a total of 1481 and 631 patients who underwent TKA were analyzed in the development and validation cohorts, respectively. Ninety-three patients (6.3%) in the development cohort and 22 patients (3.5%) in the validation cohort were discharged to PACFs. Eight risk factors for discharge to PACFs were included in the final multivariable model. Patients with a diagnosis of neurological disorder and with a mobility/balance issue had the greatest chance of discharge to PACFs. This validated predictive model for discharge disposition following TKA may be used as a tool in shared decision-making and discharge planning for patients undergoing TKA.","RAYYAN-INCLUSION: {""Dhruv ""=>""Included""}",,,,
rayyan-637106855,Postoperative delirium is a risk factor for complications and poor outcome after total hip and knee arthroplasty.,2021,1,1,Acta orthopaedica,,,,,Meyer M and Götz J and Parik L and Renkawitz T and Grifka J and Maderbacher G and Kappenschneider T and Weber M,https://pubmed.ncbi.nlm.nih.gov/34607501/,,,,"Background and purpose - Improving health care and demographic change have resulted in a steady increase in geriatric patients undergoing total hip (THA) and knee (TKA) arthroplasty. Postoperative delirium (POD) is a frequent and severe complication after major surgery. Therefore, we analyzed the impact of POD on outcome after THA and TKA.Patients and methods - In a consecutive series of 10,140 patients who had undergone elective THA or TKA between 2011 and 2020, rates of reoperation within 90 days, readmission within 90 days, complications, and responder rate as defined by the OMERACT-OARSI criteria were compared between patients with and without POD. Multivariable logistic regression models were used to assess the relationship between POD and other postoperative complications.Results - Patients with POD showed higher rates of reoperation (12% vs. 5%), readmission (15% vs. 5%), surgical complications (7% vs. 2%), non-surgical complications (8% vs. 4%), Clavien-Dindo IV° complications (10% vs. 2%) and transfusion (14% vs. 2%). POD led to lower responder rate (76% vs. 87%) 1 year after total joint replacement. All previous comparisons statistically significant. Multivariable logistic regression analyses revealed POD as an independent risk factor for reoperation (OR = 2; CI 1-3), readmission (OR = 2; CI 2-4) and Clavien-Dindo IV° complications (OR = 3; CI 2-5).Interpretation - POD is a serious problem in elective joint replacement. Affected patients suffer more complications and show poor patient-reported outcome 1 year postoperatively. Systematic prevention strategies and standardized therapy protocols are mandatory to avoid burden to patients and healthcare providers.","RAYYAN-INCLUSION: {""Dhruv ""=>""Included""}",,,,
rayyan-637106857,Can TKA outcomes be predicted with computational simulation? Generation of a patient specific planning tool.,2021,1,1,The Knee,,,,,Twiggs J and Miles B and Roe J and Fritsch B and Liu D and Parker D and Dickison D and Shimmin A and BarBo J and McMahon S and Solomon M and Boyle R and Walter L,https://pubmed.ncbi.nlm.nih.gov/34543991/,,,,"Computer simulations of knee movement allow Total Knee Arthroplasty (TKA) dynamic outcomes to be studied. This study aims to build a model predicting patient reported outcome from a simulation of post-operative TKA joint dynamics. Landmark localisation was performed on 239 segmented pre-operative computerized tomography (CT) scans to capture patient specific soft tissue attachments. The pre-operative bones and 3D implant files were registered to post-operative CT scans following TKA. Each post-operative knee was simulated undergoing a deep knee bend with assumed ligament balancing of the extension space. The kinematic results from this simulation were used in a Multivariate Adaptive Regression Spline algorithm, predicting attainment of a Patient Acceptable Symptom State (PASS) score in captured 12 month post-operative Knee Injury and Osteoarthritis Outcome Scores (KOOS). An independent series of 250 patients was evaluated by the predictive model to assess how the predictive model behaved in a pre-operative planning context. The generated predictive algorithm, called the Dynamic Knee Score (DKS) contained features, in order of significance, related to tibio-femoral force, patello-femoral motion and tibio-femoral motion. Area Under the Curve for predicting attainment of the PASS KOOS Score was 0.64. The predictive model produced a bimodal spread of predictions, reflecting a tendency to either strongly prefer one alignment plan over another or be ambivalent. A predictive algorithm relating patient reported outcome to the outputs of a computational simulation of a deep knee bend has been derived (the DKS). Simulation outcomes related to tibio-femoral balance had the highest correlation with patient reported outcome.","RAYYAN-INCLUSION: {""Dhruv ""=>""Included""}",,,,
rayyan-637106859,Do Patient Engagement Platforms in Total Joint Arthroplasty Improve Patient-Reported Outcomes?,2021,1,1,The Journal of arthroplasty,,,,,Holte AJ and Molloy IB and Werth PM and Jevsevar DS,https://pubmed.ncbi.nlm.nih.gov/34481693/,,,,"Web-based patient engagement portals are increasing in popularity after total hip and knee arthroplasty (THA and TKA). The literature is mixed regarding patient utilization of these modalities and potential clinical benefit. We sought to determine which demographic factors are associated with increased platform participation and to quantify the impact of a web-based patient portal on patient-reported outcome measures (PROMs). We performed a retrospective analysis of consecutive primary THA (n = 554) and TKA (n = 485) at a single academic institution with minimum follow-up of 12 months. Patients were divided into those who opted-in and those who opted-out of portal use. Global health and joint-specific PROMs were collected preoperatively and postoperatively. Linear mixed effects modeling, bivariate analysis, and logistic regression were utilized. Of the 1039 included patients, 60.6% (336) THA and 62.7% (304) TKA patients enrolled in the portal. Those who opted-in were younger (P < .001, P < .003), had higher body mass index (P = .024, P = .011), and had a higher household income (P < .001, P < .001) in THA and TKA cohorts, respectively. Portal participation in the TKA but not the THA cohort was associated with significant improvement in physical function (P = .017) and joint-specific function (P = .045). For THA patients who opted-in, increased portal logins were associated with more rapid improvement and higher functional scores (P = .013). There is an inherent difference between patients who opt-in to and those who opt-out of web-based portals. Added resources and support provided by portals may translate to improved PROMs for TKA patients but not THA patients.","RAYYAN-INCLUSION: {""Dhruv ""=>""Included""}",,,,
rayyan-637106860,Shared Decision-Making Is Associated with Better Outcomes in Patients with Knee But Not Hip Osteoarthritis: The DECIDE-OA Randomized Study.,2022,1,1,The Journal of bone and joint surgery. American volume,,,,,Sepucha KR and Vo H and Chang Y and Dorrwachter JM and Dwyer M and Freiberg AA and Talmo CT and Bedair H,https://pubmed.ncbi.nlm.nih.gov/34437308/,,,,"Current guidelines recommend shared surgical decision-making, yet it is unclear whether shared decision-making improves health outcomes in patients who are considering knee and hip replacement. The purpose of the present study was to examine whether patients who made high-quality, informed, patient-centered (IPC) decisions had better health outcomes, higher satisfaction, and less decision regret compared with those who made lower-quality decisions. A multisite, randomized study of 2 decision aids for patients with hip and knee osteoarthritis was utilized to collect data on decision-making and health outcomes at 2 time points: shortly after the initial surgical evaluation and about 6 months after treatment. We calculated the percentage of patients who made an IPC decision and examined the a priori hypotheses that IPC decisions would be associated with better health outcomes, satisfaction, and less regret at 6 months. Linear and logistic regression models were utilized to examine the relationships. The analytic sample included 854 patients with a mean age of 65 years (standard deviation, 9 years), of whom 58% were female, 93% were White non-Hispanic, 67% had knee (compared with hip) osteoarthritis, and 62% underwent operative treatment within 6 months of the initial evaluation. The majority of patients (68%) made IPC decisions. The IPC group had significantly larger gains in quality of life (mean difference in EuroQol-5 Dimension, 0.04; 95% confidence interval [CI], 0.02 to 0.07; p < 0.001) compared with the non-IPC group. For knee patients, the IPC group also had significantly better Knee injury and Osteoarthritis Outcome Scores (mean difference, 4.9; 95% CI, 1.5 to 8.3; p = 0.004), higher satisfaction (adjusted odds ratio [aOR], 1.7; 95% CI, 1.2 to 2.3; p = 0.003), much better pain relief (aOR, 2.1; 95% CI, 1.3 to 3.5; p = 0.002), and were more likely to have no decision regret (aOR, 2.3; 95% CI, 1.3 to 4.1; p = 0.003). For hip patients, IPC decisions were not associated with better Harris hip scores or satisfaction and were associated with more regret. Higher-quality decisions predicted small improvements in health outcomes, as well as greater satisfaction and less regret for patients with knee osteoarthritis, but not for patients with hip osteoarthritis. Therapeutic Level II. See Instructions for Authors for a complete description of levels of evidence.","RAYYAN-INCLUSION: {""Dhruv ""=>""Included""}",,,,
rayyan-637106861,"Participants with mild, moderate, or severe pain following total hip arthroplasty. A sub-study of the PANSAID trial on paracetamol and ibuprofen for postoperative pain treatment.",2021,1,1,Scandinavian journal of pain,,,,,Issa LM and Thybo KH and Hägi-Pedersen D and Wetterslev J and Jakobsen JC and Overgaard S and Mathiesen O,https://pubmed.ncbi.nlm.nih.gov/34387964/,,,,"In this sub-study of the 'Paracetamol and Ibuprofen in Combination' (PANSAID) trial, in which participants were randomised to one of four different non-opioids analgesic regimen consisting of paracetamol, ibuprofen, or a combination of the two after planned primary total hip arthroplasty, our aims were to investigate the distribution of participants' pain (mild, moderate or severe), integrate opioid use and pain to a single score (Silverman Integrated Approach (SIA)-score), and identify preoperative risk factors for severe pain. We calculated the proportions of participants with mild (VAS 0-30 mm), moderate (VAS 31-60 mm) or severe (VAS 61-100 mm) pain and the SIA-scores (a sum of rank-based percentage differences from the mean rank in pain scores and opioid use, ranging from -200 to 200%). Using logistic regression with backwards elimination, we investigated the association between severe pain and easily obtainable preoperative patient characteristics. Among 556 participants from the modified intention-to-treat population, 33% (95% CI: 26-42) (Group Paracetamol + Ibuprofen (PCM + IBU)), 28% (95% CI: 21-37) (Group Paracetamol (PCM)), 23% (95% CI: 17-31) (Group Ibuprofen (IBU)), and 19% (95% CI: 13-27) (Group Half Strength-Paracetamol + Ibuprofen (HS-PCM + IBU)) experienced mild pain 6 h postoperatively during mobilisation. Median SIA-scores during mobilisation were: Group PCM + IBU: -48% (IQR: -112 to 31), Group PCM: 40% (IQR: -31 to 97), Group IBU: -5% (IQR: -57 to 67), and Group HS-PCM + IBU: 6% (IQR: -70 to 74) (overall difference: p=0.0001). Use of analgesics before surgery was the only covariate associated with severe pain (non-opioid: OR 0.50, 95% CI: 0.29-0.82, weak opioid 0.56, 95% CI: 0.28-1.16, reference no analgesics before surgery, p=0.02). Only one third of participants using paracetamol and ibuprofen experienced mild pain after total hip arthroplasty and even fewer experienced mild pain using each drug alone as basic non-opioid analgesic treatment. We were not able, in any clinically relevant way, to predict severe postoperative pain. A more extensive postoperative pain regimen than paracetamol, ibuprofen and opioids may be needed for a large proportion of patients having total hip arthroplasty. SIA-scores integrate pain scores and opioid use for the individual patient and may add valuable information in acute pain research.","RAYYAN-INCLUSION: {""Dhruv ""=>""Included""}",,,,
rayyan-637106864,Impact of Preoperative and Incident Musculoskeletal Problematic Areas on Postoperative Outcomes After Total Knee Replacement.,2021,1,1,ACR open rheumatology,,,,,Zhang M and Selzer F and Losina E and Collins JE and Katz JN,https://pubmed.ncbi.nlm.nih.gov/34323387/,,,,"To examine impact of pre-existing and incident problematic musculoskeletal (MSK) areas after total knee replacement (TKR) on postoperative 60-month Western Ontario and McMaster Universities Osteoarthritis Index (WOMAC) pain/function scores. Using data from a randomized controlled trial of subjects undergoing TKR for osteoarthritis, we assessed problematic MSK areas in six body regions before TKR and 12, 24, 36, and 48 months after TKR. We defined the following two variables: 1) density count (number of problematic MSK areas occurring after TKR; range 0-24) and 2) cumulative density count (problematic MSK areas both before and after TKR, categorized into four levels: no preoperative areas and density count of 0-1 [reference group]; no preoperative areas and density count of 2 or more; one or more preoperative areas and density count of 0-1; and one or more preoperative areas and density count of 2 or greater). We evaluated the associations between categorized 60-month WOMAC and cumulative density count by ordinal logistic regression. Among 230 subjects, 24% reported one or more preoperative problematic MSK area. After TKR, 75% reported a density count of 0 to 1; 25% reported a density count of 2 or more. Compared with the reference group, each cumulative density count category was associated with an increased odds of having a higher category of 60-month WOMAC pain score, as follows: 2.97 (95% confidence interval [CI], 1.48-5.98) for no preoperative problematic areas and density count of 2 or greater, 3.31 (95% CI, 1.64-6.66) for one or more preoperative problematic areas and density count of 0 to 1, and 2.85 (95% CI, 0.97-8.39) for one or more preoperative problematic areas and density count of 2 or greater. Similar associations were observed with 60-month WOMAC function score. In TKR recipients, the presence of problematic musculoskeletal areas beyond the index knee-preoperatively and/or postoperatively-was associated with worse 60-month WOMAC pain/function score.","RAYYAN-INCLUSION: {""Dhruv ""=>""Included""}",,,,
rayyan-637106865,Development of machine learning algorithms to predict achievement of minimal clinically important difference for the KOOS-PS following total knee arthroplasty.,2022,1,1,Journal of orthopaedic research : official publication of the Orthopaedic Research Society,,,,,Katakam A and Karhade AV and Collins A and Shin D and Bragdon C and Chen AF and Melnic CM and Schwab JH and Bedair HS,https://pubmed.ncbi.nlm.nih.gov/34275163/,,,,"As cost-effective measures become increasingly implemented in the US healthcare system, changes in patient-reported outcome measure (PROM) scores can be utilized to indicate patient satisfaction following procedures including total knee arthroplasty (TKA). The primary aim of this study was to develop and evaluate machine learning algorithms to predict achievement of the minimal clinically important difference (MCID) for the Knee Injury and Osteoarthritis Outcome Score-Physical Function Short Form (KOOS-PS) at 1-year following TKA. A retrospective review of primary TKA patients between 2016 and 2018 was performed. Variables considered for prediction included demographics and preoperative PROMs. The KOOS-PS MCID was calculated via a distribution-based method. Five machine learning algorithms were developed and tested by discrimination, calibration, Brier score, and decision curve analysis. Among the 744 patients who met the inclusion criteria, 385 (72.8%) patients achieved the MCID. The elastic-net penalized logistic regression model was selected as the best performing model (c-statistic 0.77, calibration intercept -0.02, calibration slope 1.15, and Brier score 0.14). The most important variables for MCID achievement were preoperative KOOS-PS score, preoperative VAS Pain, preoperative opioid use, preoperative PROMIS global mental health score, age, and sex. Algorithms were incorporated into an open-access digital application available at https://sorg-apps.shinyapps.io/tka_koos_mcid/. This study is the first to predict the probability of achieving the KOOS-PS MCID following TKA using a machine learning-based approach. The results were used to develop a clinical decision aid based on commonly collected predictive variables to preoperatively predict an individual patient's likelihood of attaining an acceptable outcome following TKA.","RAYYAN-INCLUSION: {""Dhruv ""=>""Included""}",,,,
rayyan-637106867,Predicting dissatisfaction following total hip arthroplasty using a Bayesian model averaging approach: Results from the Australian Arthroplasty Clinical Outcomes Registry National (ACORN).,2021,1,1,ANZ journal of surgery,,,,,Van Meirhaeghe JP and Alarkawi D and Kowalik T and Du-Moulin W and Molnar R and Adie S,https://pubmed.ncbi.nlm.nih.gov/34268856/,,,,"Total hip arthroplasty (THA) provides excellent pain relief and improved function in patients with painful arthritis. The aim of this study was to identify rates and predictors of dissatisfaction following THA. Data were collected prospectively from the Australian Arthroplasty Clinical Outcomes Registry National (ACORN) database between 2014 and 2016 from 2096 patients who underwent THA. Data included baseline demographics, patient-reported outcome measures (PROMs) and postoperative clinical outcomes. Patients were dichotomized into two groups based on their 6-month response to the satisfaction question answered on a Likert scale. Eighteen predefined variables were analyzed. PROMs included full Oxford Hip Score, EQ-5D, and patient satisfaction. A Bayesian model averaging approach was used to build the best predictive model for dissatisfaction. Multiple logistic regression techniques were applied to quantify the effect size of the best model. At 6 months following THA, 95.4% of patients (n = 2000) were satisfied with surgical outcome and 4.6% (n = 96) were dissatisfied. The only variable that was significantly associated with dissatisfaction after THA was ""complications after discharge."" This result was consistent for both the complete and imputed dataset (odds ratio 4.78, 95% confidence interval 2.60-8.80, P < 0.001 and odds ratio 3.8, 95% confidence interval 2.60-5.60, P < 0.001, respectively). Our study confirms the high rates of patient satisfaction following THA, with postoperative complications being the only determinant of dissatisfaction. Optimization of patients prior to surgery, reducing postoperative complications, may further improve satisfaction rates after THA.","RAYYAN-INCLUSION: {""Dhruv ""=>""Included""}",,,,
rayyan-637106868,Machine learning algorithms do not outperform preoperative thresholds in predicting clinically meaningful improvements after total knee arthroplasty.,2022,1,1,"Knee surgery, sports traumatology, arthroscopy : official journal of the ESSKA",,,,,Zhang S and Lau BPH and Ng YH and Wang X and Chua W,https://pubmed.ncbi.nlm.nih.gov/34245310/,,,,"Patient-reported outcome measures (PROMs) are important measures of success after total knee arthroplasty (TKA) and being able to predict their improvements could enhance preoperative decision-making. Our study aims to compare the predictive performance of machine learning (ML) algorithms and preoperative PROM thresholds in predicting minimal clinically important difference (MCID) attainment at 2 years after TKA. Prospectively collected data of 2840 primary TKA performed between 2008 and 2018 was extracted from our joint replacement registry and split into a training set (80%) and test set (20%). Using the training set, ML algorithms were developed using patient demographics, comorbidities and preoperative PROMs, whereas the optimal preoperative threshold was determined using ROC analysis. Both methods were used to predict MCID attainment for the SF-36 PCS, MCS and WOMAC at 2 years postoperatively, with predictive performance evaluated on the independent test set. ML algorithms and preoperative PROM models performed similarly in predicting MCID for the SF-36 PCS (AUC: 0.77 vs 0.74), MCS (AUC: 0.95 vs 0.95) and WOMAC (AUC: 0.89 vs 0.88). For each outcome, the most important predictor of MCID attainment was the patient's preoperative PROM score. ROC analysis also identified optimal preoperative threshold values of 33.6, 54.1 and 72.7 for the SF-36 PCS, MCS and WOMAC, respectively. ML algorithms did not perform significantly better than preoperative PROM thresholds in predicting MCID attainment after TKA. Future research should routinely compare the predictive ability of ML algorithms with existing methods and determine the type of clinical problems which may benefit the most from it. II.","RAYYAN-INCLUSION: {""Dhruv ""=>""Included""}",,,,
rayyan-637106870,Do Patients With Higher Preoperative Functional Outcome Scores Preferentially Seek Direct Anterior Approach Total Hip Arthroplasty?,2021,1,1,Arthroplasty today,,,,,Moschetti WE and Kunkel S and Keeney BJ and Jevsevar D,https://pubmed.ncbi.nlm.nih.gov/34195315/,,,,"There is focus on the direct anterior approach (DAA) for total hip arthroplasty because of perceived postoperative functional improvement. We compared baseline, short-term, and long-term outcomes between the DAA and the posterior approach focusing on baseline function. Multivariate linear and logistic regression models were used to analyze prospective data on 1457 total hip arthroplasties comparing baseline characteristics, operative time, 90-day reoperation, length of stay (LOS), extended LOS (>3 days), and facility discharge. The Patient-Reported Outcome Measurement Information System-Global Health (PROMIS-10) was used to determine physical component score (PCS) and mental component score (MCS), with clinically significant improvement defined as >5 points. Adjusters included age, sex, race/ethnicity, year, Charlson Comorbidity Index, body mass index, alcohol, and tobacco use. DAA patients had higher preoperative MCS (DAA 50.4 vs posterior approach 47.4, P < .001), PCS (40.7 vs 38.5, P < .001), and postoperative PCS scores (48.9 vs 46.7, P < .001). There was no difference in mean PCS improvement (8.1 vs 8.2; P = .798) or clinically significant PCS change (P = .963). DAA was associated with shorter LOS by 0.49 days (95% confidence interval [CI] = 0.32-0.65, P < .001), lower odds of extended LOS (odds ratio = 0.33, 95% CI = 0.21-0.50, P < .001), and lower odds of facility discharge (odds ratio = 0.54, 95% CI = 0.37-0.79, P < .001). No difference in operative time (86 vs 87 minutes; P = .812) or 90-day reoperations (1 vs 1%; P = .347) was observed. DAA patients presented with higher preoperative PCS and MCS scores, yet both groups experienced significant improvement. DAA was associated with decreased LOS and lower odds of extended LOS and facility discharge. There was no difference in operative time or reoperation.","RAYYAN-INCLUSION: {""Dhruv ""=>""Included""}",,,,
rayyan-637106872,Clinical outcomes associated with robotic and computer-navigated total knee arthroplasty: a machine learning-augmented systematic review.,2022,1,1,European journal of orthopaedic surgery & traumatology : orthopedie traumatologie,,,,,Buchlak QD and Clair J and Esmaili N and Barmare A and Chandrasekaran S,https://pubmed.ncbi.nlm.nih.gov/34173066/,,,,"Robotic (RTKA) and computer-navigated total knee arthroplasty (CNTKA) are increasingly replacing manual techniques in orthopaedic surgery. This systematic review compared clinical outcomes associated with RTKA and CNTKA and investigated the utility of natural language processing (NLP) for the literature synthesis. A comprehensive search strategy was implemented. Results of included studies were combined and analysed. A transfer learning approach was applied to train deep NLP classifiers (BERT, RoBERTa and XLNet), with cross-validation, to partially automate the systematic review process. 52 studies were included, comprising 5,067 RTKA and 2,108 CNTKA. Complication rates were 0-22% and 0-16% and surgical time was 70-116 and 77-102 min for RTKA and CNTKA, respectively. Technical failures were more commonly associated with RTKA (8%) than CNTKA (2-4%). Patient satisfaction was equivalent (94%). RTKA was associated with a higher likelihood of achieving target alignment, less femoral notching, shorter operative time and shorter length of stay. NLP models demonstrated moderate performance (AUC = 0.65-0.68). RTKA and CNTKA appear to be associated with similarly positive clinical outcomes. Further work is required to determine whether the two techniques differ significantly with regard to specific outcome measures. NLP shows promise for facilitating the systematic review process.","RAYYAN-INCLUSION: {""Dhruv ""=>""Included""}",,,,
rayyan-637106878,Good Postoperative Flexion Angle Improves Knee Function and Improvement of Flexion Angle Increases Patient Satisfaction After Total Knee Arthroplasty.,2021,1,1,The Journal of arthroplasty,,,,,Kubo M and Maeda T and Kumagai K and Amano Y and Kawasaki T and Imai S,https://pubmed.ncbi.nlm.nih.gov/34034923/,,,,"Total knee arthroplasty (TKA) is a well-established procedure for treating knee joint diseases. However, the postoperative range of motion (ROM) varies and is an important indicator of TKA success. Recently, patient-reported outcome measures (PROMs) and patient satisfaction have drawn attention. However, the relationship between ROM and knee function obtained by PROM and satisfaction is not well understood. We retrospectively reviewed the data of 375 patients who underwent 500 primary TKA procedures. We measured the ROM before and after surgery. Knee joint function was evaluated using the Knee Injury Osteoarthritis Outcome Score, a PROM, and patients were classified into good function and poor function groups. Patient satisfaction was evaluated on a 5-graded scale as overall satisfaction, and patients were divided into a satisfied or a dissatisfied group according to the obtained scores. ROM was compared between the 2 groups, then significantly different factors were analyzed using multiple logistic regression analysis. Moreover, cut-off points of ROM for obtaining good function and patient satisfaction were determined using ROC curve analysis. The postoperative flexion angle had a significant effect on knee function (P < .001). The cut-off value of the postoperative flexion angle for good knee function was 120°. The improvement in flexion angle had a significant effect on patient satisfaction (P = .004). The cut-off value for the improvement in the flexion angle was 5°. The postoperative flexion angle had a significant effect on knee function and improvement in the flexion angle had a significant effect on patient satisfaction.","RAYYAN-INCLUSION: {""Dhruv ""=>""Included""}",,,,
rayyan-637106879,A new prediction model for patient satisfaction after total knee arthroplasty and the roles of different scoring systems: a retrospective cohort study.,2021,1,1,Journal of orthopaedic surgery and research,,,,,Liu J and Yang Y and Wan S and Yao Z and Zhang Y and Zhang Y and Shi P and Zhang C,https://pubmed.ncbi.nlm.nih.gov/34016153/,,,,"Although total knee arthroplasty (TKA) is an efficacious treatment for end-stage osteoarthritis, ~20% of patients are dissatisfied with the results. We determined which factors contribute to patient satisfaction and compared the various scoring systems before and after surgery. In this retrospective cohort study, 545 patients were enrolled and evaluated preoperatively and 1 year postoperatively. Patient demographics, as well as scores for the Western Ontario and McMaster Universities Osteoarthritis Index (WOMAC), Short Form (SF)-12, and 1989 Knee Society Clinical Rating System (1989 KSS), were recorded preoperatively and postoperatively. The possible predictors were introduced into a prediction model. Scores for overall satisfaction and the 2011 Knee Society Score (2011 KSS) were also assessed after TKA to identify the accuracy and agreement of the systems. There were 134 male patients and 411 female patients, with an overall prevalence of satisfaction of 83.7% 1 year after surgery. A history of surgery (p < 0.001) and the 1989 KSS and SF-12 were of the utmost importance in the prediction model, whereas the WOMAC score had a vital role postoperatively (change in WOMAC pain score, p < 0.001; change in WOMAC physical function score, p < 0.001; postoperative WOMAC pain score, p = 0.004). C-index of model was 0.898 > 0.70 (95% confidence interval (CI): 0.86-0.94). The Hosmer-Lemeshow test showed a p value of 0.586, and the AUC of external cohort was 0.953 (sensitivity=0.87, specificity=0.97). The agreement between the assessment of overall satisfaction and the 2011 KSS satisfaction assessment was general (Kappa=0.437 > 0.4, p < 0.001). A history of surgery, the preoperative 1989 KSS, and the preoperative SF-12 influenced patient satisfaction after primary TKA. We recommend the WOMAC (particularly the pain subscale score) to reflect overall patient satisfaction postoperatively.","RAYYAN-INCLUSION: {""Dhruv ""=>""Included""}",,,,
rayyan-637106880,"Prognostic models for knee osteoarthritis: a protocol for systematic review, critical appraisal, and meta-analysis.",2021,1,1,Systematic reviews,,,,,Zhong J and Si L and Zhang G and Huo J and Xing Y and Hu Y and Zhang H and Yao W,https://pubmed.ncbi.nlm.nih.gov/34006309/,,,,"Osteoarthritis is the most common degenerative joint disease. It is associated with significant socioeconomic burden and poor quality of life, mainly due to knee osteoarthritis (KOA), and related total knee arthroplasty (TKA). Since early detection method and disease-modifying drug is lacking, the key of KOA treatment is shifting to disease prevention and progression slowing. The prognostic prediction models are called for to guide clinical decision-making. The aim of our review is to identify and characterize reported multivariable prognostic models for KOA about three clinical concerns: (1) the risk of developing KOA in the general population, (2) the risk of receiving TKA in KOA patients, and (3) the outcome of TKA in KOA patients who plan to receive TKA. The electronic datasets (PubMed, Embase, the Cochrane Library, Web of Science, Scopus, SportDiscus, and CINAHL) and gray literature sources (OpenGrey, British Library Inside, ProQuest Dissertations & Theses Global, and BIOSIS preview) will be searched from their inception onwards. Title and abstract screening and full-text review will be accomplished by two independent reviewers. The multivariable prognostic models that concern on (1) the risk of developing KOA in the general population, (2) the risk of receiving TKA in KOA patients, and (3) the outcome of TKA in KOA patients who plan to receive TKA will be included. Data extraction instrument and critical appraisal instrument will be developed before formal assessment and will be modified during a training phase in advance. Study reporting transparency, methodological quality, and risk of bias will be assessed according to the TRIPOD statement, CHARMS checklist, and PROBAST tool, respectively. Prognostic prediction models will be summarized qualitatively. Quantitative metrics on the predictive performance of these models will be synthesized with meta-analyses if appropriate. Our systematic review will collate evidence from prognostic prediction models that can be used through the whole process of KOA. The review may identify models which are capable of allowing personalized preventative and therapeutic interventions to be precisely targeted at those individuals who are at the highest risk. To accomplish the prediction models to cross the translational gaps between an exploratory research method and a valued addition to precision medicine workflows, research recommendations relating to model development, validation, or impact assessment will be made. PROSPERO CRD42020203543.","RAYYAN-INCLUSION: {""Dhruv ""=>""Included""}",,,,
rayyan-637106881,Predictive Models for Clinical Outcomes in Total Knee Arthroplasty: A Systematic Analysis.,2021,1,1,Arthroplasty today,,,,,Batailler C and Lording T and De Massari D and Witvoet-Braam S and Bini S and Lustig S,https://pubmed.ncbi.nlm.nih.gov/33997202/,,,,"Predictive modeling promises to improve our understanding of what variables influence patient satisfaction after total knee arthroplasty (TKA). The purpose of this article was to systematically review the relevant literature using predictive models of clinical outcomes after TKA. The aim was to identify the predictor strategies used for systematic data collection with the highest likelihood of success in predicting clinical outcomes. A Preferred Reporting Items for Systematic Reviews and Meta-Analyses protocol systematic review was conducted using 3 databases (MEDLINE, EMBASE, and PubMed) to identify all clinical studies that had used predictive models or that assessed predictive features for outcomes after TKA between 1996 and 2020. The ROBINS-I tool was used to evaluate the quality of the studies and the risk of bias. A total of 75 studies were identified of which 48 met our inclusion criteria. Preoperative predictive factors strongly associated with postoperative clinical outcomes were knee pain, knee-specific Patient-Reported Outcome Measure (PROM) scores, and mental health scores. Demographic characteristics, pre-existing comorbidities, and knee alignment had an inconsistent association with outcomes. The outcome measures that correlated best with the predictive models were improvement of PROM scores, pain scores, and patient satisfaction. Several algorithms, based on PROM improvement, patient satisfaction, or pain after TKA, have been developed to improve decision-making regarding both indications for surgery and surgical strategy. Functional features such as preoperative pain and PROM scores were highly predictive for clinical outcomes after TKA. Some variables such as demographics data or knee alignment were less strongly correlated with TKA outcomes. Systematic review - Level III.","RAYYAN-INCLUSION: {""Dhruv ""=>""Included""}",,,,
rayyan-637106885,Development of a multivariable prediction model for early revision of total knee arthroplasty - The effect of including patient-reported outcome measures.,2021,1,1,Journal of orthopaedics,,,,,Andersen JD and Hangaard S and Buus AAØ and Laursen M and Hejlesen OK and El-Galaly A,https://pubmed.ncbi.nlm.nih.gov/33746422/,,,,"Revision TKA is a serious adverse event with substantial consequences for the patient. As revision is becoming increasingly common in patients under 65 years, the need for improved preoperative patient selection is imminently needed. Therefore, this study aimed to identify the most important factors of early revision and to develop a prediction model of early revision including assessment of the effect of incorporating data on patient-reported outcome measures (PROMs). A cohort of 538 patients undergoing primary TKA was included. Multiple logistic regression using forward selection of variables was applied to identify the best predictors of early revision and to develop a prediction model. The model was internally validated with stratified 5-fold cross-validation. This procedure was repeated without including data on PROMs to develop a model for comparison. The models were evaluated on their discriminative capacity using area under the receiver operating characteristic curve (AUC). The most important factors of early revision were age (OR 0.63 [0.42, 0.95]; P = 0.03), preoperative EQ-5D (OR 0.07 [0.01, 0.51]; P = 0.01), and number of comorbidities (OR 1.01 [0.97, 1.25]; P = 0.15). The AUCs of the models with and without PROMs were 0.65 and 0.61, respectively. The difference between the AUCs was not statistically significant (P = 0.32). Although more work is needed in order to reach a clinically meaningful quality of the predictions, our results show that the inclusion of PROMs seems to improve the quality of the prediction model.","RAYYAN-INCLUSION: {""Dhruv ""=>""Included""}",,,,
rayyan-637106891,Uniform criteria for total hip replacement surgery in patients with hip osteoarthritis: a decision tool to guide treatment decisions.,2021,1,1,International journal for quality in health care : journal of the International Society for Quality in Health Care,,,,,Atsma F and Molenkamp O and Bouma H and Bolder SB and Groenewoud AS and Westert GP,https://pubmed.ncbi.nlm.nih.gov/33616656/,,,,"Uniform criteria for performing hip replacement surgery in hip osteoarthritis patients are currently lacking. As a result, variation in surgery and inappropriateness of care may occur. The aim of this study was to develop a consensus-based decision tool to support the decision-making process for hip replacement surgery. Patients with a diagnosis of unilateral or bilateral osteoarthritis were included. Consensus rounds with orthopedic surgeons were organized to blindly reassess medical files and to decide whether surgery is indicated or not, based on all available pre-treatment information. We compared the outcomes obtained from the blind reassessment by the consensus group with the actual treatment. Furthermore, prediction models were fitted on the reassessment outcome to identify which set of clinical parameters would be most predictive and uniformly shared in the decision to operate.Two prediction models were fitted, one model without radiologic outcomes and one model where radiologic outcomes were included. In total, 364 medical files of osteoarthritis patients were included and reassessed in the analyses. Key predictors in the prediction model without radiology were age, flexion, internal rotation and the Hip disability and Osteoarthritis Outcome Score-quality of life. The discriminative power was high (Area Under Receiver Operating Curve (AUC) = 0.86). Key predictors in the prediction model with radiology were age, internal rotation and Kellgren and Lawrence severity score (AUC = 0.94). The study yielded a decision tool with uniform criteria for hip replacement surgery in osteoarthritis patients. The tool will guide the clinical decision-making process of physicians on whether to perform hip surgery and should be used together with information about patient preferences and social context.","RAYYAN-INCLUSION: {""Dhruv ""=>""Included""}",,,,
rayyan-637106893,Change in Body Mass Index after Simultaneous Bilateral Total Knee Arthroplasty: Risk Factors and Its Influence on Functional Outcomes.,2021,1,1,The Journal of arthroplasty,,,,,Khow YZ and Goh GS and Chen JY and Lo NN and Yeo SJ and Liow MHL,https://pubmed.ncbi.nlm.nih.gov/33602589/,,,,"Previous studies evaluating weight changes following total knee arthroplasty (TKA) were performed on heterogenous cohorts. However, no study has evaluated weight changes in a cohort of simultaneous-bilateral TKA (SB-TKA) patients. This study aimed to evaluate the prevalence of patients who lost or gained weight, determine if postoperative weight change influences functional outcome, and identify predictors of weight change after SB-TKA. Prospectively collected registry data of 560 patients who underwent SB-TKA were reviewed. Patients were assessed preoperatively, at 6 months, and 2 years using the Knee Society Score, Oxford Knee Score, Short-Form 36, and range of motion. Change in body mass index (BMI) >5% was used to categorize patients into 3 groups: lost, maintained, or gained weight. Analysis of variance, Kruskal-Wallis test, and chi-squared test were used to compare functional outcomes between groups. Multivariable logistic regression evaluated predictors for postoperative weight changes. At 2 years, 59% of patients maintained weight, 28% of patients gained weight, and 13% of patients lost weight. All groups experienced similar improvements in functional outcomes, rates of minimal clinically important difference attainment, and patient satisfaction (P > .05). Older patients were more likely to gain weight (P < .05). Patients with higher preoperative BMI were more likely to gain weight (P < .05) and less likely to lose weight (P < .05). Patients with greater preoperative comorbidities were less likely to lose weight (P < .05). Up to 41% of patients experience significant weight changes after SB-TKA. Older patients with higher preoperative BMI were more likely to gain weight, while higher preoperative BMI with more comorbidities were less likely to lose weight following SB-TKA; however, postoperative weight changes do not appear to affect functional outcomes. III, therapeutic study.","RAYYAN-INCLUSION: {""Dhruv ""=>""Included""}",,,,
rayyan-637106894,"Comparison of an Artificial Intelligence-Enabled Patient Decision Aid vs Educational Material on Decision Quality, Shared Decision-Making, Patient Experience, and Functional Outcomes in Adults With Knee Osteoarthritis: A Randomized Clinical Trial.",2021,1,1,JAMA network open,,,,,Jayakumar P and Moore MG and Furlough KA and Uhler LM and Andrawis JP and Koenig KM and Aksan N and Rathouz PJ and Bozic KJ,https://pubmed.ncbi.nlm.nih.gov/33599773/,,,,"Decision aids can help inform appropriate selection of total knee replacement (TKR) for advanced knee osteoarthritis (OA). However, few decision aids combine patient education, preference assessment, and artificial intelligence (AI) using patient-reported outcome measurement data to generate personalized estimations of outcomes to augment shared decision-making (SDM). To assess the effect of an AI-enabled patient decision aid that includes education, preference assessment, and personalized outcome estimations (using patient-reported outcome measurements) on decision quality, patient experience, functional outcomes, and process-level outcomes among individuals with advanced knee OA considering TKR in comparison with education only. This randomized clinical trial at a single US academic orthopedic practice included 129 new adult patients presenting for OA-related knee pain from March 2019 to January 2020. Data were analyzed from April to May 2020. Patients were randomized into a group that received a decision aid including patient education, preference assessment, and personalized outcome estimations (intervention group) or a group receiving educational material only (control group) alongside usual care. The primary outcome was decision quality, measured using the Knee OA Decision Quality Instrument (K-DQI). Secondary outcomes were collaborative decision-making (assessed using the CollaboRATE survey), patient satisfaction with consultation (using a numerical rating scale), Knee Injury and Osteoarthritis Outcome Score Joint Replacement (KOOS JR) score, consultation time, TKR rate, and treatment concordance. A total of 69 patients in the intervention group (46 [67%] women) and 60 patients in the control group (37 [62%] women) were included in the analysis. The intervention group showed better decisional quality (K-DQI mean difference, 20.0%; SE, 3.02; 95% CI, 14.2%-26.1%; P < .001), collaborative decision-making (CollaboRATE, 8 of 69 [12%] vs 28 of 60 [47%] patients below median; P < .001), satisfaction (numerical rating scale, 9 of 65 [14%] vs 19 of 58 [33%] patients below median; P = .01), and improved functional outcomes at 4 to 6 months (mean [SE] KOOS JR, 4.9 [2.24] points higher in intervention group; 95% CI, 0.8-9.0 points; P = .02). The intervention did not significantly affect consultation time (mean [SE] difference, 2.23 [2.18] minutes; P = .31), TKR rates (16 of 69 [23%] vs 7 of 60 [12%] patients; P = .11), or treatment concordance (58 of 69 [84%] vs 44 of 60 [73%] patients; P = .19). In this randomized clinical trial, an AI-enabled decision aid significantly improved decision quality, level of SDM, satisfaction, and physical limitations without significantly impacting consultation times, TKR rates, or treatment concordance in patients with knee OA considering TKR. Decision aids using a personalized, data-driven approach can enhance SDM in the management of knee OA. ClinicalTrials.gov Identifier: NCT03956004.","RAYYAN-INCLUSION: {""Dhruv ""=>""Included""}",,,,
rayyan-637106896,Patient Factors That Matter in Predicting Hip Arthroplasty Outcomes: A Machine-Learning Approach.,2021,1,1,The Journal of arthroplasty,,,,,Sniderman J and Stark RB and Schwartz CE and Imam H and Finkelstein JA and Nousiainen MT,https://pubmed.ncbi.nlm.nih.gov/33558044/,,,,"Despite the success of total hip arthroplasty (THA), approximately 10%-15% of patients will be dissatisfied with their outcome. Identifying patients at risk of not achieving meaningful gains postoperatively is critical to pre-surgical counseling and clinical decision support. Machine learning has shown promise in creating predictive models. This study used a machine-learning model to identify patient-specific variables that predict the postoperative functional outcome in THA. A prospective longitudinal cohort of 160 consecutive patients undergoing total hip replacement for the treatment of degenerative arthritis completed self-reported measures preoperatively and at 3 months postoperatively. Using four types of independent variables (patient demographics, patient-reported health, cognitive appraisal processes and surgical approach), a machine-learning model utilizing Least Absolute Shrinkage Selection Operator (LASSO) was constructed to predict postoperative Hip Disability and Osteoarthritis Outcome Score (HOOS) at 3 months. The most predictive independent variables of postoperative HOOS were cognitive appraisal processes. Variables that predicted a worse HOOS consisted of frequent thoughts of work (β = -0.34), frequent comparison to healthier peers (β = -0.26), increased body mass index (β = -0.17), increased medical comorbidities (β = -0.19), and the anterior surgical approach (β = -0.15). Variables that predicted a better HOOS consisted of employment at the time of surgery (β = 0.17), and thoughts related to family interaction (β = 0.12), trying not to complain (β = 0.13), and helping others (β = 0.22). This clinical prediction model in THA revealed that the factors most predictive of outcome were cognitive appraisal processes, demonstrating their importance to outcome-based research. Prognostic Level 1.","RAYYAN-INCLUSION: {""Dhruv ""=>""Included""}",,,,
rayyan-637106897,"Post-operative determinants of chronic pain after primary knee replacement surgery: Analysis of data on 258,386 patients from the National Joint Registry for England, Wales, Northern Ireland and the Isle of Man (NJR).",2021,1,1,Osteoarthritis and cartilage open,,,,,Khalid S and Mohammad HR and Gooberman-Hill R and Garriga C and Pinedo-Villanueva R and Arden N and Price A and Wylde V and Peters TJ and Blom A and Judge A,https://pubmed.ncbi.nlm.nih.gov/36475073/,,,,"To identify post-operative risk factors for the development of chronic pain after knee replacement. Primary knee replacements in persons aged ≥18 years between April 2008 and December 2016 from the National Joint Registry, linked with English Hospital Episode Statistics data, and Patient Reported Outcome Measures. The outcome was chronic pain 6-months after surgery (Oxford Knee pain score). Logistic regression modelling identified risk factors for chronic pain outcome. 258,386 patients; 56.7% women; average age 70.1 years (SD ​± ​8.8 years). 43,702 (16.9%) were identified as having chronic pain 6-months post-surgery. Within 3 months of surgery complications were uncommon: intra-operative complications 1224 (0.5%); ≥1 medical complication 6073 (2.4%)); 32,930 (12.7%) hospital readmissions; 3848 (1.5%) re-operation; 835 (0.3%) revision. Post-surgical risk factors of chronic pain were: mechanical complication of prosthesis odds ratio (OR) 1.56 (95% Confidence Interval 1.35, 1.80); surgical site infection OR 1.13 (0.99, 1.29); readmission OR 1.47 (1.42, 1.52); re-operation OR 1.39 (1.27, 1.51); revision OR 1.92 (1.64, 2.25); length of stay e.g. 6+ vs. <2 days OR 1.48 (1.35, 1.63), blood transfusion OR 0.47 (0.26, 0.86) and myocardial infarction OR 0.69 (0.49, 0.97). Discriminatory ability of the model was only fair (c-statistic 0.71) indicating that post-surgical predictors explain a limited amount of variability in chronic pain. We identified a number of post-operative factors relating to the operation and early recovery that are associated with chronic pain following primary knee replacement. The model had weak discriminatory ability indicating that there remains considerable unexplained variability in chronic pain outcome.","RAYYAN-INCLUSION: {""Dhruv ""=>""Included""}",,,,
rayyan-637106898,Changes in patient-perceived leg length discrepancy following total hip arthroplasty.,2021,1,1,European journal of orthopaedic surgery & traumatology : orthopedie traumatologie,,,,,Iwakiri K and Ohta Y and Fujii T and Minoda Y and Kobayashi A and Nakamura H,https://pubmed.ncbi.nlm.nih.gov/33502598/,,,,"Leg length discrepancy (LLD) after total hip arthroplasty (THA) prevents functional recovery and reduces patient satisfaction. We investigated impact of changes in patient-perceived LLD on patient satisfaction and walking ability. one hundred and forty-nine patients with unilateral hip osteoarthritis undergoing THA from 2014 to 2017, (125 women, 24 men; average age, 68.5 years) with an objective LLD < 1 cm were included. Outcome measures included the patient-perceived LLD, Western Ontario and McMaster Universities Osteoarthritis (WOMAC) index, 10-m walking speed, and affected leg loading rate, assessed preoperatively and at 3 weeks, 3 months, and 1 year postoperatively. The absolute patient-perceived LLD (mean ± SD) (the number of patients with perceived LLD > 5 mm) were 6.4 ± 9.6 mm [88 patients (59%)] preoperatively; and 2.2 ± 4.0 mm [48 (32%); p < 0.001], 0.7 ± 2.3 mm [17 (11%); p < 0.001], and 0.4 ± 1.6 mm [10 (7%); p = 0.095] at 3 weeks, 3 months, and 1 year postoperatively, respectively. All outcome measures improved over time. One year postoperatively, a weak positive correlation between the patient-perceived LLD and WOMAC or 10-m walking speed (r = 0.24, 0.23, respectively) was found. The risk of patient-perceived LLD persisting > 1 year postoperatively was 5.5-fold higher in patients who exhibited it at 3 months and those with a WOMAC score > 10 at 3 months postoperatively, using multivariate logistic regression. Achieving a post-THA objective LLD < 1 cm significantly reduced the patient-perceived LLD up to 3 months postoperatively. The residual patient-perceived LLD at 1 year postoperatively was predicted from the WOMAC score or the presence of patient-perceived LLD at 3 months after THA. Therapeutic level IV.","RAYYAN-INCLUSION: {""Dhruv ""=>""Included""}",,,,
rayyan-637106910,Natural Language Processing of Patient-Experience Comments After Primary Total Knee Arthroplasty.,2021,1,1,The Journal of arthroplasty,,,,,Bovonratwet P and Shen TS and Islam W and Ast MP and Haas SB and Su EP,https://pubmed.ncbi.nlm.nih.gov/33127238/,,,,"There is interest in improving patient experience after total knee arthroplasty (TKA) due to recent shifts toward value-based medicine. Patient narratives are a valuable but unexplored source of information. Records of 319 patients who had undergone primary TKA between August 2016 and August 2019 were linked with vendor-supplied patient satisfaction data, which included patient comments and the Press Ganey satisfaction survey. Using machine-learning-based natural language processing, 1048 patient comments were analyzed for sentiment and classified into themes. Postoperative outcomes, patient-reported outcome measures, and traditional measures of satisfaction were compared between patients who provided a negative comment vs those who did not (positive, neutral, mixed grouped together). Multivariable regression was used to determine perioperative variables associated with providing a negative comment. Of the 1048 patient comments, 25% were negative, 58% were positive, 8% were mixed, and 9% were neutral. Top 2 themes of negative comments were room condition (25%) and inefficient communication (23%). There were no differences in most of the studied outcomes (eg, peak pain intensity, length of stay, or Knee Injury and Osteoarthritis Outcome Score Junior and pain scores at 6-week follow-up) between the 2 cohorts (P > .05). However, patients who made negative comments were less likely to highly recommend their hospital care to peers (P < .001). Finally, patients who had higher American Society of Anesthesiologists Score and those who received a scopolamine patch were more likely to provide negative comments (P < .05). Although the current study showed that patient satisfaction might not be a proxy for traditional objective perioperative outcomes, efforts to improve the nontechnical aspects of medicine are still crucial in providing patient-centered care.","RAYYAN-INCLUSION: {""Dhruv ""=>""Included""}",,,,
rayyan-637106912,Early post-operative oxford knee score and knee society score predict patient satisfaction 2 years after total knee arthroplasty.,2021,1,1,Archives of orthopaedic and trauma surgery,,,,,Goh GS and Bin Abd Razak HR and Tay DK and Lo NN and Yeo SJ,https://pubmed.ncbi.nlm.nih.gov/33044708/,,,,"There is poor correlation between functional outcomes and patient satisfaction following total knee arthroplasty (TKA). We asked if early post-operative scores at 6 months or the pre- to post-operative change in scores are predictive of patient satisfaction 2 years after TKA. We conducted a retrospective review of prospectively collected registry data of 4359 TKAs performed at a single institution. At 6 months and 2 years, the Knee Society Score (KSS), Oxford Knee Score (OKS), and Short-Form 36 scores were assessed. A satisfaction questionnaire was also completed. Logistic regression was used to generate receiver-operating characteristic (ROC) curves to assess the ability of each scoring system in predicting satisfaction at 2 years. At 2 years, 91.1% of patients were satisfied. For the absolute post-operative OKS at 6 months, an AUC of 0.762 (95% CI 0.736-0.788) and a threshold of ≤ 21.5 points (or ≥ 38.5 points on the new scale) were obtained. For the KSS knee score, an AUC of 0.704 (95% CI 0.674-0.734) and a threshold of ≥ 80.5 points were identified. The OKS performed significantly better than the KSS knee score (p = 0.03) and the other post-operative scores (p < 0.001). When analysing the change in scores pre-operatively to 6 months, the AUC was < 0.7 for all scales. Early post-operative scores, specifically the OKS and KSS knee score, can predict patient satisfaction at 2 years after TKA with good accuracy. The threshold values offer surgeons an additional tool to identify patients at risk of dissatisfaction at 2 years, enabling them to intervene earlier to ensure good patient satisfaction. III, retrospective cohort study.","RAYYAN-INCLUSION: {""Dhruv ""=>""Included""}",,,,
rayyan-637106918,Patients' Preoperative Expectations of Total Knee Arthroplasty and Satisfaction With Outcomes at One Year: A Prospective Cohort Study.,2021,1,1,"Arthritis & rheumatology (Hoboken, N.J.)",,,,,Hawker GA and Conner-Spady BL and Bohm E and Dunbar MJ and Jones CA and Ravi B and Noseworthy T and Dick D and Powell J and Paul P and Marshall DA and BEST-Knee Study Team,https://pubmed.ncbi.nlm.nih.gov/32892511/,,,,"To assess the relationship between patients' expectations for total knee arthroplasty (TKA) and satisfaction with surgical outcome. This prospective cohort study recruited patients with knee osteoarthritis (OA) ages ≥30 years who were referred for TKA at 2 hip/knee surgery centers in Alberta, Canada. Those who received primary, unilateral TKA completed questionnaires pre-TKA to assess TKA expectations (17-item Hospital for Special Surgery [HSS] TKA Expectations questionnaire) and contextual factors (age, sex, Western Ontario and McMaster Universities Osteoarthritis Index pain score, Knee Injury and Osteoarthritis Outcome Score physical function short form [KOOS-PS], 8-item Patient Health Questionnaire depression scale, body mass index [BMI], comorbidities, and prior joint replacement), and 1-year post-TKA to assess overall satisfaction with TKA results. Using multivariate logistic regression, we examined the relationship between TKA expectations (HSS TKA outcomes considered to be very important) and postoperative satisfaction (very satisfied versus somewhat satisfied versus dissatisfied). Adjusted odds ratios (ORs) and 95% confidence intervals (95% CIs) were calculated. At 1 year, 1,266 patients with TKA (92.1%) reported their TKA satisfaction (mean ± SD age 67.2 ± 8.8 years, 60.9% women, and mean BMI 32.6 kg/m2 ); 74.7% of patients were very satisfied, 17.1% were somewhat satisfied, and 8.2% were dissatisfied. Controlling for other factors, an expectation of TKA to improve patients' ability to kneel was associated with lower odds of satisfaction (adjusted OR 0.725 [95% CI 0.54-0.98]). An expectation of TKA to improve psychological well-being was associated with lower odds of satisfaction for individuals in the lowest tertile of pre-TKA KOOS-PS scores (adjusted OR 0.49 [95% CI 0.28-0.84]), but higher odds for those in the highest tertile (adjusted OR 2.37 [95% CI 1.33-4.21]). In patients with TKA, preoperative expectations regarding kneeling and psychological well-being were significantly associated with the level of TKA satisfaction at 1 year. Ensuring that patients' expectations are achievable may enhance appropriate provision of TKA.","RAYYAN-INCLUSION: {""Dhruv ""=>""Included""}",,,,
rayyan-637106920,Total Knee Arthroplasty after Previous Ipsilateral Hip Arthroplasty Showed Lower Clinical Outcomes and Higher Leg Length Discrepancy Perception.,2022,1,1,The journal of knee surgery,,,,,Lee HJ and Kim SH and Pujol N and Park YB,https://pubmed.ncbi.nlm.nih.gov/32838456/,,,,"The purpose of this study is to compare perception of leg length discrepancy (LLD) and clinical results of total knee arthroplasties (TKA) in patients with or without previous ipsilateral hip arthroplasty. Between 2008 and 2015, navigation-assisted TKA was performed in 43 patients with previous hip arthroplasty after hip fracture. After 1:3 propensity score matching was performed, 108 patients of primary navigation-assisted TKA (group 1) and 36 patients with hip arthroplasty (group 2) were included. Knee Society (KS) scores, Western Ontario and McMaster Universities Index (WOMAC) scores, and patients' satisfaction including perception of LLD were evaluated. Radiographic evaluation included mechanical axis, component position, and LLD. Logistic regression analysis was performed to find the factors that affect the clinical outcomes. No significant differences in radiologic and clinical evaluations, except for KS function score, patient's satisfaction and LLD (p< 0.001), were detected between the groups. LLD and its perception were significantly higher in group 2 (1.8 ± 3.4 mm in group 1 and 9.7 ± 4.1 mm in group 2, p = 0.000). Risk factors for the low KS function score were found as LLD (odds ratio [OR]: 1.403, p = 0.008) and previous hip arthroplasty itself (OR: 15.755, p = 0.002), but much higher OR was found in previous hip arthroplasty. Although the outcomes of TKA in patients with ipsilateral hip arthroplasty are comparable to those of primary TKA, LLD was high and patient's satisfaction and functional outcomes were low in patients with previous ipsilateral hip arthroplasty. Care should be taken when considering TKA in patients with previous hip arthroplasty. This is a Level III, case control study.","RAYYAN-INCLUSION: {""Dhruv ""=>""Included""}",,,,
rayyan-637106921,Can Machine Learning Methods Produce Accurate and Easy-to-Use Preoperative Prediction Models of One-Year Improvements in Pain and Functioning After Knee Arthroplasty?,2021,1,1,The Journal of arthroplasty,,,,,Harris AHS and Kuo AC and Bowe TR and Manfredi L and Lalani NF and Giori NJ,https://pubmed.ncbi.nlm.nih.gov/32798181/,,,,"Approximately 15%-20% of total knee arthroplasty (TKA) patients do not experience clinically meaningful improvements. We sought to compare the accuracy and parsimony of several machine learning strategies for developing predictive models of failing to experience minimal clinically important differences in patient-reported outcome measures (PROMs) 1 year after TKA. Patients (N = 587) in 3 large Veteran Health Administration facilities completed PROMs before and 1 year after TKA (92% follow-up). Preoperative PROMs and electronic health record data were used to develop and validate models to predict failing to experience at least a minimal clinically important difference in Knee Injury and Osteoarthritis Outcome Score (KOOS) Total, KOOS JR, and KOOS subscales (Pain, Symptoms, Activities of Daily Living, Quality of Life, and recreation). Several machine learning strategies were used for model development. Ten-fold cross-validation and bootstrapping were used to produce measures of overall accuracy (C-statistic, Brier Score). The sensitivity and specificity of various predicted probability cut-points were examined. The most accurate models produced were for the Activities of Daily Living, Pain, Symptoms, and Quality of Life subscales of the KOOS (C-statistics 0.76, 0.72, 0.72, and 0.71, respectively). Strategies varied substantially in terms of the numbers of inputs required to achieve similar accuracy, with none being superior for all outcomes. Models produced in this project provide estimates of patient-specific improvements in major outcomes 1 year after TKA. Integrating these models into clinical decision support, informed consent and shared decision making could improve patient selection, education, and satisfaction. Level III, diagnostic study.","RAYYAN-INCLUSION: {""Dhruv ""=>""Included""}",,,,
rayyan-637106922,Class III Obesity Increases Risk of Failure to Achieve the 1-Year Hip Disability and Osteoarthritis Outcome Score-Physical Function Short Form Minimal Clinically Important Difference Following Total Hip Arthroplasty.,2021,1,1,The Journal of arthroplasty,,,,,Katakam A and Florissi IS and Colon Iban YE and Bragdon CR and Chen AF and Melnic CM and Bedair HS,https://pubmed.ncbi.nlm.nih.gov/32773271/,,,,"The relationship between obesity and failure to achieve a minimal clinically important difference (MCID) following total hip arthroplasty (THA) has not been well defined. The aims of this study are to determine whether increasing body mass index (BMI) is associated with failure to achieve the 1-year Hip Disability and Osteoarthritis Outcome Score-Physical Function Short Form (HOOS-PS) MCID and to determine a threshold BMI beyond which this risk is significantly increased. A multi-institutional arthroplasty registry was queried for THA patients from 2016 to 2018 with completion of preoperative and 1-year postoperative HOOS-PS. A previously defined anchor-based MCID threshold of 23 was used. Variables collected included demographics and patient-reported outcome measures. BMI was analyzed continuously and categorically. The association was analyzed via logistic regression. A BMI threshold was determined using the Youden index and receiver operating characteristic curve. A total of 1256 THAs were included. The average HOOS-PS improvement was 27.6 ± 18 points. The area under the receiver operating characteristic curve for BMI and risk of failure to achieve HOOS-PS MCID was 0.54 (95% confidence interval [CI], 0.50-0.57). Increasing BMI assessed continuously was a significant risk factor (odds ratio [OR], 1.03; 95% CI, 1.01-1.05; P value = .010). When BMI was analyzed categorically, this association was only observed for obese class III patients (>40 kg/m2) (OR, 2.5; 95% CI, 1.21-5.3; P value = .010). This study found an association between increasing BMI and failure to achieve the 1-year HOOS-PS MCID. Obese class III patients (>40 kg/m2) face a near 3-fold increased risk of suffering this adverse outcome.","RAYYAN-INCLUSION: {""Dhruv ""=>""Included""}",,,,
rayyan-637106923,Improvements in functional outcome and quality of life are not sustainable for patients ≥ 68 years old 10 years after total knee arthroplasty.,2021,1,1,"Knee surgery, sports traumatology, arthroscopy : official journal of the ESSKA",,,,,Woo BJ and Chen JY and Lai YM and Liow MHL and Lo NN and Yeo SJ,https://pubmed.ncbi.nlm.nih.gov/32748234/,,,,"The aims of this study are to evaluate whether improvements in functional outcome and quality of life are sustainable 10 years after total knee arthroplasty (TKA), and the age cut-off for clinical deterioration in outcomes METHODS: Prospectively collected registry data of 120 consecutive patients who underwent TKA at a tertiary hospital in 2006 was analysed. All patients were assessed at 6 months, 2 years and 10 years using the Knee Society Function Score, Knee Society Knee Score, Oxford Knee Score, Short-Form 36 Physical/Mental Component Scores and postoperative satisfaction. One-way ANOVA was used to compare continuous variables, while Chi-squared test to compare categorical variables. Multivariate logistic regression and receiver operating curve analysis was performed to evaluate the predictive factors associated with deterioration of scores postoperatively. Significant improvements were noted in all functional outcome and quality of life scores at 6 months after TKA. Between 6 months and 2 years, the KSFS and OKS continued to improve but the KSKS, PCS and MCS plateaued. Between 2 and 10 years, there was a deterioration in the KSFS and OKS, whilst KSKS, PCS and MCS were maintained. Increasing age was noted to be a significant risk factor for deterioration of KSFS at 10 years with age ≥ 68 as the cut-off value. 91.7% of patients with KSFS Minimally Clinically Important Difference(MCID) (≥ 7 points) continued to be satisfied after 10 years compared to 100.0% who did not experience KSFS MCID deterioration (p = 0.02). Patients ≥ 68 years experience deterioration in functional outcomes and quality of life from 2 to 10 years after TKA. Retrospective study, Level III.","RAYYAN-INCLUSION: {""Dhruv ""=>""Included""}",,,,
rayyan-637106924,How to predict early clinical outcomes and evaluate the quality of primary total knee arthroplasty: a new scoring system based on lower-extremity angles of alignment.,2020,1,1,BMC musculoskeletal disorders,,,,,Chen Z and Deng Z and Li Q and Chen J and Ma Y and Zheng Q,https://pubmed.ncbi.nlm.nih.gov/32746812/,,,,"A method that can accurately predict the outcome of surgery can give patients timely feedback. In addition, to some extent, an objective evaluation method can help the surgeon quickly summarize the patient's surgical experience and lessen dependence on the long wait for follow-up results. However, there was still no precise tool to predict clinical outcomes of total knee arthroplasty (TKA). This study aimed to develop a scoring system to predict clinical results of TKA and then grade the quality of TKA. We retrospectively reviewed 98 primary TKAs performed between April 2013 and March 2017 to determine predictors of clinical outcomes among lower-extremity angles of alignment. Applying multivariable linear-regression analysis, we built Models (i) and (ii) to predict detailed clinical outcomes which were evaluated using the Knee Society Score (KSS). Multivariable logistic-regression analysis was used to establish Model (iii) to predict probability of getting a good clinical outcome (PGGCO) which was evaluated by Knee Injury and Osteoarthritis Outcome Score (KOOS) score. Finally, we designed a new scoring system consisting of 3 prediction models and presented a method of grading TKA quality. Thirty primary TKAs between April and December 2017 were enrolled for external validation. We set up a scoring system consisting of 3 models. The interpretations of Model (i) and (ii) were good (R2 = 0.756 and 0.764, respectively). Model (iii) displayed good discrimination, with an area under the curve (AUC) of 0.936, and good calibration according to the calibration curve. Quality of surgery was stratified as follows: ""A"" = PGGCO ≥0.8, ""B"" = PGGCO ≤0.6 but < 0.8, and ""C"" = PGGCO < 0.6. The scoring system performed well in external validation. This study first developed a validated, evidence-based scoring system based on lower-extremity angles of alignment to predict early clinical outcomes and to objectively evaluate the quality of TKA.","RAYYAN-INCLUSION: {""Dhruv ""=>""Included""}",,,,
rayyan-637106928,Mortality and Complications in Patients with Metastatic Disease after Primary Total Hip and Total Knee Arthroplasty.,2020,1,1,The Journal of arthroplasty,,,,,Sloan M and Lee GC,https://pubmed.ncbi.nlm.nih.gov/32690429/,,,,"Although palliative therapies such as radiation are usually performed to improve quality of life in patients with metastatic disease, arthroplasty for joint pain may be indicated in some cases. Therefore, the purpose of this study is to evaluate the 30-day mortality risk, the risk of complications including infection and venous thromboembolic events, and the rate of 30-day reoperations and readmissions in patients with metastatic disease undergoing primary total hip and total knee arthroplasty (THA/TKA). We reviewed the National Surgical Quality Improvement Program database from 2008 to 2018 to evaluate rates of postoperative complications after elective primary THA/TKA in patients with disseminated cancer. After exclusions, 205,007 patients undergoing primary THA and 352,337 undergoing primary TKA were retained for analysis: 942 (0.2%) with disseminated cancer. Chi-square was used to compare proportions between groups. Univariate and multivariate logistic regression was used to model the odds ratio of patients with disseminated cancer compared with those without disseminated cancer. After adjustment for covariates, patients with disseminated cancer had a higher risk of death (OR: 5.25, 95% CI: 2.47-11.17), any complication (OR: 1.95, 95% CI: 1.63-2.33), deep venous thrombosis (OR: 2.39, 95% CI: 1.32-4.35), pulmonary embolism (OR: 3.07, 95% CI: 1.52-6.17), cardiovascular complications (OR: 2.98, 95% CI: 1.47-6.04), transfusion (OR: 2.21, 95% CI: 1.82-2.69), reoperations (OR: 1.89, 95% CI: 1.28-2.78), readmissions (OR: 2.51, 95% CI: 1.95-3.23), and longer length of stay (4.3 vs 2.7 days). Patients with disseminated cancer have significantly elevated risk of complications after elective primary THA/TKA. Understanding the severity of complications is critical to the risk-benefit analysis that confronts patients and surgeons considering surgery. II.","RAYYAN-INCLUSION: {""Dhruv ""=>""Included""}",,,,
rayyan-637106929,Improving Patient Outcomes Following Total Knee Arthroplasty: Identifying Rehabilitation Pathways Based on Modifiable Psychological Risk and Resilience Factors.,2020,1,1,Frontiers in psychology,,,,,Ditton E and Johnson S and Hodyl N and Flynn T and Pollack M and Ribbons K and Walker FR and Nilsson M,https://pubmed.ncbi.nlm.nih.gov/32670136/,,,,"Total knee arthroplasty (TKA) is a commonly implemented elective surgical treatment for end-stage osteoarthritis of the knee, demonstrating high success rates when assessed by objective medical outcomes. However, a considerable proportion of TKA patients report significant dissatisfaction postoperatively, related to enduring pain, functional limitations, and diminished quality of life. In this conceptual analysis, we highlight the importance of assessing patient-centered outcomes routinely in clinical practice, as these measures provide important information regarding whether surgery and postoperative rehabilitation interventions have effectively remediated patients' real-world ""quality of life"" experiences. We propose a novel precision medicine approach to improving patient-centered TKA outcomes through the development of a multivariate machine-learning model. The primary aim of this model is to predict individual postoperative recovery trajectories. Uniquely, this model will be developed using an interdisciplinary methodology involving non-linear analysis of the unique contributions of a range of preoperative risk and resilience factors to patient-centered TKA outcomes. Of particular importance to the model's predictive power is the inclusion of a comprehensive assessment of modifiable psychological risk and resilience factors that have demonstrated relationships with TKA and other conditions in some studies. Despite the potential for patient psychological factors to limit recovery, they are typically not routinely assessed preoperatively in this patient group, and thus can be overlooked in rehabilitative referral and intervention decision-making. This represents a research-to-practice gap that may contribute to adverse patient-centered outcomes. Incorporating psychological risk and resilience factors into a multivariate prediction model could improve the detection of patients at risk of sub-optimal outcomes following TKA. This could provide surgeons and rehabilitation providers with a simplified tool to inform postoperative referral and intervention decision-making related to a range of interdisciplinary domains outside their usual purview. The proposed approach could facilitate the development and provision of more targeted rehabilitative interventions on the basis of identified individual needs. The roles of several modifiable psychological risk and resilience factors in recovery are summarized, and intervention options are briefly presented. While focusing on rehabilitation following TKA, we advocate for the broader utilization of multivariate prediction models to inform individually tailored interventions targeting a range of health conditions.","RAYYAN-INCLUSION: {""Dhruv ""=>""Included""}",,,,
rayyan-637106930,Patient-reported outcome measures (PROMs): can they be used to guide patient-centered care and optimize outcomes in total knee replacement?,2020,1,1,"Quality of life research : an international journal of quality of life aspects of treatment, care and rehabilitation",,,,,Tew M and Dalziel K and Clarke P and Smith A and Choong PF and Dowsey M,https://pubmed.ncbi.nlm.nih.gov/32651804/,,,,"As patient-reported outcome measures (PROMs) are increasingly integrated into clinical practice, there is a need to translate collected data into valuable information to guide and improve the quality and value of patient care. The purpose of this study was to investigate health-related quality-of-life (QoL) trajectories in the 5 years following total knee replacement (TKR) and the patient characteristics associated with these trajectories. The feasibility of translating QoL trajectories into valuable information for guiding patient-centered care was also explored. Data on patients who underwent TKR between 2006 and 2011 from a single-institution registry were extracted including patient-reported QoL (captured using the Short Form Survey (SF-12) instrument) up to 5 years post-surgery. QoL trajectories were modelled using latent class growth analysis. Quality-adjusted life-years (QALYs) were calculated to illustrate longer term health benefit. Multinomial logistic regression analyses were performed to examine the association between trajectory groups and baseline patient characteristics. After exclusions, 1553 patients out of 1892 were included in the analysis. Six unique QoL trajectories were identified; with differing levels at baseline and improvement patterns post-surgery. Only 18.4% of patients were identified to be in the most positive QoL trajectory (low baseline, large sustainable improvement after surgery) associated with the greatest gain in QALY. These patients were likely to be younger, have no co-morbidities and report greater pain at pre-surgery than most in other QoL trajectories. Our findings demonstrate the importance of underlying heterogeneity in QoL trajectories, resulting in variable QALY gains. There is scope in translating routinely collected PROMs to improve shared decision-making allowing for more patient engagement. However, further research is required to identify suitable approaches of its implementation into practice to guide clinical care and maximize patient outcomes.","RAYYAN-INCLUSION: {""Dhruv ""=>""Included""}",,,,
rayyan-637106932,Predictors of Patient Satisfaction Following Primary Total Knee Arthroplasty: Results from a Traditional Statistical Model and a Machine Learning Algorithm.,2020,1,1,The Journal of arthroplasty,,,,,Farooq H and Deckard ER and Ziemba-Davis M and Madsen A and Meneghini RM,https://pubmed.ncbi.nlm.nih.gov/32595003/,,,,"It is well-documented in the orthopedic literature that 1 in 5 patients are dissatisfied following total knee arthroplasty (TKA). However, multiple statistical models have failed to explain the causes of dissatisfaction. Furthermore, payers are interested in using patient-reported satisfaction scores to adjust surgeon reimbursement rates without a full understanding of the influencing parameters. The purpose of this study was to more comprehensively identify predictors of satisfaction and compare results using both a statistical model and a machine learning (ML) algorithm. A retrospective review of consecutive TKAs performed by 2 surgeons was conducted. Identical perioperative protocols were utilized by both surgeons. Patients were grouped as satisfied or unsatisfied based on self-reported satisfaction scores. Fifteen variables were correlated with satisfaction using binary logistic regression and stochastic gradient boosted ML models. In total, 1325 consecutive TKAs were performed. After exclusions, 897 TKAs were available with minimum 1-year follow-up. Overall, 85.3% of patients were satisfied. Older age generation and performing surgeon were predictors of satisfaction in both models. The ML model also retained cruciate-retaining/condylar-stabilizing implant; lack of inflammatory conditions, preoperative narcotic use, depression, and lumbar spine pain; female gender; and a preserved posterior cruciate ligament as predictors of satisfaction which allowed for a significantly higher area under the receiver operator characteristic curve compared to the binary logistic regression model (0.81 vs 0.60). Findings indicate that patient satisfaction may be multifactorial with some factors beyond the scope of a surgeon's control. Further study is warranted to investigate predictors of patient satisfaction particularly with awareness of differences in results between traditional statistical models and ML algorithms. Therapeutic Level III.","RAYYAN-INCLUSION: {""Dhruv ""=>""Included""}",,,,
rayyan-637106934,Predicting self-reported functional improvement one year after primary total knee arthroplasty using pre- and postoperative patient-reported outcome measures.,2020,1,1,The Knee,,,,,Vissers LCM and van Hove RP and van der Zwaard BC,https://pubmed.ncbi.nlm.nih.gov/32563423/,,,,"Approximately 20% of patients do not perceive functional improvement after a primary total knee arthroplasty (TKA). This study aims to assess which patient-related and clinical determinants at baseline and six months postoperative can predict lack of self-reported functional improvement at 12 months after primary TKA. In a retrospective cohort study of 569 patients who received a primary TKA between 2015 and 2018, self-reported functional improvement, measured as ≥7 points increase in Oxford Knee Score (OKS) from baseline to 12 months postoperative, was assessed. Patient characteristics and patient-reported variables at baseline and six months postoperative were entered in a logistic regression model with manual backward elimination. Incidence of functional improvement in this study was 73%. Preoperative variables were no strong predictors of the outcome. An increase in pain between baseline and six months postoperative was a risk factor for not functionally improving (odds ratio (OR) 1.13 (95% confidence interval (CI) 1.03-1.23)). An improvement in knee pain and function was a protective factor for lacking functional improvement (OR 0.78 (95% CI 0.74-0.82)). The prediction model explained 44% of variance and showed good calibration and discrimination. Sensitivity and specificity were 82% and 76%, respectively. Using pre- and postoperative variables, a prediction model for self-reported functional improvement one year after TKA was developed. This prediction tool was easy to use at six months postoperative and allowed identification of patients at high risk for not functionally improving one year after TKA. This could facilitate early interventions directed at functional improvement after TKA.","RAYYAN-INCLUSION: {""Dhruv ""=>""Included""}",,,,
rayyan-637106938,Primary Total Knee Arthroplasty: Correlation between Preoperative Radiographic Severity of Arthritis and Postoperative Patient Satisfaction.,2021,1,1,The journal of knee surgery,,,,,Rooks K and Houdek D and Obaid H and Dust W,https://pubmed.ncbi.nlm.nih.gov/32403150/,,,,"Predicting postoperative outcomes following total knee arthroplasty (TKA) is important for patient selection. This study focuses on patient-reported outcomes and satisfaction in relation to preoperative radiographic arthritis severity. A retrospective chart review of 420 TKAs was performed. Patient satisfaction was determined using a structured telephone survey with questions focused on degree of satisfaction whether they would have surgery again and their ability to kneel. The radiographic severity of the arthritis of the tibiofemoral joint was graded by a musculoskeletal radiologist using the Kellgren-Lawrence grading scale. The patellofemoral compartment was graded using the scale described by Jones et al. Those grouped as severe arthritis had an overall satisfaction rate of 96% (76% fully satisfied and 20% partially satisfied) compared with 82% of the time (64% fully satisfied and 18% partially satisfied) if their arthritis was mild. Postoperatively 51% of TKA patients were able to kneel. Univariate logistic regression showed an association between higher rates of satisfaction and male gender (p = 0.053), severity of preoperative radiographic arthritis (p = 0.034) those who would have surgery again (p ≤ 0.0001) and those able to kneel (p = 0.005). Patients should be informed preoperatively that if their arthritis is only mild radiographically, their outcomes are less predictable. There should also be a discussion surrounding kneeling and activities patients do, which may require kneeling, as many are unable to kneel postoperatively. The Level of Evidence for the study is III.","RAYYAN-INCLUSION: {""Dhruv ""=>""Included""}",,,,
rayyan-637106940,Predicting Total Knee Replacement from Symptomology and Radiographic Structural Change Using Artificial Neural Networks-Data from the Osteoarthritis Initiative (OAI).,2020,1,1,Journal of clinical medicine,,,,,Heisinger S and Hitzl W and Hobusch GM and Windhager R and Cotofana S,https://pubmed.ncbi.nlm.nih.gov/32369985/,,,,"The aim of the study was to longitudinally investigate symptomatic and structural factors prior to total knee replacement (TKR) surgery in order to identify influential factors that can predict a patient's need for TKR surgery. In total, 165 participants (60% females; 64.5 ± 8.4 years; 29.7 ± 4.7 kg/m2) receiving a TKR in any of both knees within a four-year period were analyzed. Radiographic change, knee pain, knee function and quality of life were annually assessed prior to the TKR procedure. Self-learning artificial neural networks were applied to identify driving factors for the surgical procedure. Significant worsening of radiographic structural change was observed prior to TKR (p ≤ 0.0046), whereas knee symptoms (pain, function, quality of life) worsened significantly only in the year prior to the TKR procedure. By using our prediction model, we were able to predict correctly 80% of the classified individuals to undergo TKR surgery with a positive predictive value of 84% and a negative predictive value of 73%. Our prediction model offers the opportunity to assess a patient's need for TKR surgery two years in advance based on easily available patient data and could therefore be used in a primary care setting.","RAYYAN-INCLUSION: {""Dhruv ""=>""Included""}",,,,
rayyan-637106946,Development of Machine Learning Algorithms to Predict Clinically Meaningful Improvement for the Patient-Reported Health State After Total Hip Arthroplasty.,2020,1,1,The Journal of arthroplasty,,,,,Kunze KN and Karhade AV and Sadauskas AJ and Schwab JH and Levine BR,https://pubmed.ncbi.nlm.nih.gov/32265141/,,,,"Failure to achieve clinically significant outcome (CSO) improvement after total hip arthroplasty (THA) imposes a potential cost-to-risk imbalance in the context of bundle payment models. Patient perception of their health state is one component of such risk. The purpose of the current study is to develop machine learning algorithms to predict CSO for the patient-reported health state (PRHS) and build a clinical decision-making tool based on risk factors. A retrospective review of primary THA patients between 2014 and 2017 was performed. Variables considered for prediction included demographics, medical history, preoperative PRHS, and modified Harris Hip Score. The minimal clinically important difference (MCID) for the PRHS was calculated using a distribution-based method. Five supervised machine learning algorithms were developed and assessed by discrimination, calibration, Brier score, and decision curve analysis. Of 616 patients, a total of 407 (69.2%) achieved the MCID for the PRHS. The random forest algorithm achieved the best performance in the independent testing set not used for algorithm development (c-statistic 0.97, calibration intercept -0.05, calibration slope 1.45, Brier score 0.054). The most important factors for achieving the MCID were preoperative PRHS, preoperative opioid use, age, and body mass index. Individual patient-level explanations were provided for the algorithm predictions and the algorithms were incorporated into an open access digital application available here: https://sorg-apps.shinyapps.io/THA_PRHS_mcid/. The current study created a clinical decision-making tool based on partially modifiable risk factors for predicting CSO after THA. The tool demonstrates excellent discriminative capacity for identifying those at greatest risk for failing to achieve CSO in their current health state and may allow for preoperative health optimization.","RAYYAN-INCLUSION: {""Dhruv ""=>""Included""}",,,,
rayyan-637106948,Aversion to Total Joint Arthroplasty: Functional Scores Predict Patient Preferences.,2020,1,1,Orthopedics,,,,,Trask D and Etzioni D and Schwartz AJ,https://pubmed.ncbi.nlm.nih.gov/32191946/,,,,"Many patients who may benefit from total hip arthroplasty and total knee arthroplasty prefer to avoid surgery. Reasons for avoidance may include, but are not limited to, experience or dissatisfaction with prior treatment, living status, and symptom severity. Taking these variables into account, the authors sought to determine whether preoperatively collected functional scores would predict an aversion to total joint arthroplasty. A prospective cross-sectional survey was administered to consecutive patients during a 5-month period at the initial consultation for osteoarthritis of the hip or knee. Patient demographics, Hip disability and Osteoarthritis Outcome Score (HOOS), Knee injury and Osteoarthritis Outcome Score (KOOS), Veterans RAND 12-Item Health Survey (VR-12) score, radiographic findings, and preference for or against surgical treatment for osteoarthritis were collected. Logistic regression was performed to determine factors associated with aversion to total joint arthroplasty, and receiver operating characteristic curves were used to determine an appropriate functional score cutoff associated with aversion to surgery. Twenty-two of 103 total patients (21.4%) were averse to surgery. The proportion of patients who underwent surgery was significantly smaller for those averse compared with those not averse to surgery (4.6% vs 23.5%, P<.05). Baseline characteristics, including age, radiographic scores, satisfaction with prior treatment, work status, education, living status, and VR-12 scores were similar between the groups. Functional scores were significantly higher for averse patients (KOOS, 66.6 vs 50.6, P<.001; HOOS, 73.2 vs 62.2, P<.05). Univariate logistic regression revealed a significant association between functional scores and aversion. Optimal cutoff values for all patients overall were 57.1 and 58.9, with an area under the curve of 0.73 and 0.68, for KOOS and HOOS, respectively. Initial aversion was a strong predictor of the ultimate method of treatment chosen. When controlling for other clinically important baseline characteristics, prospectively collected functional scores may be useful in predicting surgical aversion. [Orthopedics. 2020;43(3):147-153.].","RAYYAN-INCLUSION: {""Dhruv ""=>""Included""}",,,,
rayyan-637106952,Patient satisfaction and perception of success after total knee arthroplasty are more strongly associated with patient factors and complications than surgical or anaesthetic factors.,2020,1,1,"Knee surgery, sports traumatology, arthroscopy : official journal of the ESSKA",,,,,Khatib Y and Badge H and Xuan W and Naylor JM and Harris IA,https://pubmed.ncbi.nlm.nih.gov/31907553/,,,,"A proportion of TKA recipients following TKA are dissatisfied with their outcome. Our hypothesis is that patient satisfaction with TKA and perception of success of surgery are associated with patient comorbidities and overall health status, surgical and anaesthetic techniques as well as processes of post-operative care after TKA. The aims were to (i) measure the incidence of patient unfavourable outcomes-defined as dissatisfaction with the surgery or lack of joint-specific global improvement-1 year after TKA, and to explore the differences between these two outcomes of interest; (ii) assess the relationship between the development of these unfavourable outcomes and patient-reported knee function and overall quality of life; (iii) explore the associations between pre- and peri-operative variables and the development of these unfavourable outcomes 1 year after TKA. This study includes analysis of data from a prospective cohort of 1017 TKA recipients. Pre-operative patient variables, surgical and acute-care data were collected. The Oxford knee score and the global perception of improvement were used to assess satisfaction and success 365 days post-surgery. From 1017 patients (56% female), mean age 68 years and BMI 32, 68 pts (7%) were dissatisfied with the outcome of surgery, 141 pts (14%) believed surgery was unsuccessful 1 year after TKA. A negative outcome was noted in 151 (15%) patients for either satisfaction or success, and 58 (6%) of patients reported neither good satisfaction nor success after surgery. Dissatisfied patients reported worse mean OKS (26.4 [SD 8.03] vs 42.3 [SD 5.21], p < 0.001) and mean EQ VAS (64.9 [SD 19.49] vs 81.8 [SD 14.38], p < 0.001) than satisfied patients. Patients who reported unsuccessful surgery also showed significantly lower mean OKS (30.9 [SD 9.29] vs 42.9 [SD 4.39], p < 0.001) and mean EQ VAS (68.2 [SD 18.61] vs 82.7 [SD 13.77], p < 0.001). Univariate analysis of predictors of unfavourable outcome post-TKA showed that financial status, obstructive sleep apnoea (OSA), ASA class > 2 and not resurfacing the patella were factors associated with the development of dissatisfaction with TKA and with patient perceived unsuccessful results of TKA. Multivariable logistic regression of patient satisfaction and success of TKA showed that compensation cases (OR 26.91, p < 0.001 for dissatisfaction and OR 11.49, p = 0.001 for unsuccessful TKA), obstructive sleep apnoea (OR 2.18, p = 0.04 for dissatisfaction and OR 1.82, p = 0.04 for unsuccessful TKA), ASA grade > 2 (OR 1.83, p = 0.04 for dissatisfaction and OR 1.57, p = 0.03 for unsuccessful TKA)and the development of a complication after TKA (OR 3.4, p < 0.001 for dissatisfaction and OR 2.39, p < 0.001 for unsuccessful TKA) were associated with the development of a negative outcome in both groups. Patella preservation (OR 1.96, p = 0.03) was associated with dissatisfaction, whereas the use of cruciate retaining femoral prosthesis was associated with less successful results of TKA (OR 1.78, p = 0.009). An unfavourable outcome occurs in approximately 7-15% of patients following TKA. The incidence varies with how an unfavourable result is defined and many factors are associated with this outcome though prosthetic design or patella resurfacing do not appear to be important.","RAYYAN-INCLUSION: {""Dhruv ""=>""Included""}",,,,
rayyan-637106953,Fully automatic estimation of pelvic sagittal inclination from anterior-posterior radiography image using deep learning framework.,2020,1,1,Computer methods and programs in biomedicine,,,,,Jodeiri A and Zoroofi RA and Hiasa Y and Takao M and Sugano N and Sato Y and Otake Y,https://pubmed.ncbi.nlm.nih.gov/31896056/,,,,"Malposition of the acetabular component causes dislocation and prosthetic impingement after Total Hip Arthroplasty (THA), which significantly affects the postoperative quality of life and implant longevity. The position of the acetabular component is determined by the Pelvic Sagittal Inclination (PSI), which not only varies among different people but also changes in different positions. It is important to recognize individual dynamic changes of the PSI for patient-specific planning of the THA. Previously PSI was estimated by registering the CT and radiography images. In this study, we introduce a new method for accurate estimation of functional PSI without requiring CT image in order to lower radiation exposure of the patient which opens up the possibility of increasing its application in a larger number of hospitals where CT is not acquired as a routine protocol. The proposed method consists of two main steps: First, the Mask R-CNN framework was employed to segment the pelvic shape from the background in the radiography images. Then, following the segmentation network, another convolutional network regressed the PSI angle. We employed a transfer learning paradigm where the network weights were initialized by non-medical images followed by fine-tuning using radiography images. Furthermore, in the training process, augmented data was generated to improve the performance of both networks. We analyzed the role of segmentation network in our system and investigated the Mask R-CNN performance in comparison with the U-Net, which is commonly used for the medical image segmentation. In this study, the Mask R-CNN utilizing multi-task learning, transfer learning, and data augmentation techniques achieve 0.960 ± 0.008 DICE coefficient, which significantly outperforms the U-Net. The cascaded system is capable of estimating the PSI with 4.04° ± 3.39° error for the radiography images. The proposed framework suggests a fully automatic and robust estimation of the PSI using only an anterior-posterior radiography image.","RAYYAN-INCLUSION: {""Dhruv ""=>""Included""}",,,,
rayyan-637106954,Do Medicare's Patient-Reported Outcome Measures Collection Windows Accurately Reflect Academic Clinical Practice?,2020,1,1,The Journal of arthroplasty,,,,,Molloy IB and Yong TM and Keswani A and Keeney BJ and Moschetti WE and Lucas AP and Jevsevar DS,https://pubmed.ncbi.nlm.nih.gov/31889578/,,,,"The Comprehensive Care for Joint Replacement (CJR) mandates collection of patient-reported outcome measures (PROMs) for eligible total hip and total knee arthroplasty (THA and TKA) procedures during specific time periods that may not be attainable within routine academic practice. We performed a retrospective analysis of prospectively collected PROM data from a 2017 cohort of primary THA and TKA patients who completed the Patient-Reported Outcomes Measurement Information System-10 global health survey in preoperative or postoperative time periods. The primary outcome was completion rates of Patient-Reported Outcomes Measurement Information System-10 per the CJR collection periods (90-0 days preoperative and 270-365 days postoperative) compared to an extended postoperative collection period of 270-396 days. Bivariate analysis and logistic regression were used to analyze the association between survey completion rates and patient characteristics. Of the 860 primary THAs and TKAs in 2017, 725 (84.3%) had preoperative surveys completed 90-0 days before surgery. Among the 725 patients, 215 (29.7%) completed postoperative surveys within the CJR timeline of 270-365 days. Completion increased by 120 additional surveys (+16.5%) in the additional postoperative time period of 270-396 days (P < .001). No patient or procedural factors significantly correlated with a higher likelihood of postoperative PROM completion (P > .05 for all covariates). In an academic clinical practice, completion rates of postoperative PROMs as part of routine clinical practice within the CJR mandated period was low for THA and TKA patients. CJR may consider additional time beyond 365 days to improve PROM completion rates.","RAYYAN-INCLUSION: {""Dhruv ""=>""Included""}",,,,
rayyan-637106962,Widespread Pain Is Associated with Increased Risk of No Clinical Improvement After TKA in Women.,2020,1,1,Clinical orthopaedics and related research,,,,,Vina ER and Ran D and Ashbeck EL and Kwoh CK,https://pubmed.ncbi.nlm.nih.gov/31633588/,,,,"When conservative treatments do not work, TKA may be the best option for patients with knee osteoarthritis, although a relatively large proportion of individuals do not have clinically important improvement after TKA. Evidence also suggests that women are less likely to benefit from TKA than men, but the reasons are unclear. Widespread pain disproportionately affects women and has been associated with worse outcomes after joint arthroplasty, yet it is unknown if the effect of widespread pain on TKA outcomes differs by patient gender. (1) Does the association between widespread pain and no clinically important improvement in osteoarthritis-related pain and disability 2 years after TKA differ between men and women? (2) Does the use of pain medications 2 years after TKA differ between those with widespread pain and those without widespread pain before surgery? Osteoarthritis Initiative (https://nda.nih.gov/oai/) study participants were followed annually from March 2005 until October 2015. Participants who underwent TKA up to the 7-year follow-up visit with pain/disability assessment at the protocol-planned visit before TKA and at the second planned annual visit after surgery were included in the analysis. Among 4796 study participants, 391 had a confirmed TKA, including 315 with pain/disability assessment at the protocol-planned visit before TKA. Overall, 95% of participants (298) had the required follow-up assessment; 5% (17) did not have follow-up data. Widespread pain was defined based on the modified American College of Rheumatology criteria. Symptoms were assessed using the WOMAC pain (range 0 to 20; higher score, more pain) and disability (range 0 to 68; higher score, more disability) scores, and the Knee Injury and Osteoarthritis Outcome Score for pain (range 0 to 100; higher score, less pain). Improvements in pain and disability were classified based on improvement from established clinically important differences (decrease in WOMAC pain ≥ 1.5; decrease in WOMAC disability ≥ 6.0; increase in Knee Injury and Osteoarthritis Outcome Score for pain ≥ 9). At baseline, more women presented with widespread pain than men (45% [84 of 184] versus 32% [36 of 114]). Probability and the relative risk (RR) of no clinically important improvement were estimated using a logistic regression analysis in which participants with widespread pain and those without were compared. The analyses were done for men and women separately, then adjusted for depression and baseline outcome scores. Among women, preoperative widespread pain was associated with an increased risk of no clinically important improvement 2 years after TKA, based on WOMAC pain scores (13.5% versus 4.6%; RR 2.93 [95% CI 1.18 to 7.30]; p = 0.02) and the Knee Injury and Osteoarthritis Outcome Score for pain (16.5% versus 4.9%; RR 3.39 [95% CI 1.34 to 8.59]; p = 0.02). Given the lower and upper limits of the confidence intervals, our data are compatible with a broad range of disparate associations between widespread pain and lack of clinically important improvement in WOMAC pain scores (RR 0.77 [95% CI 0.22 to 2.70]; p = 0.68) and the Knee Injury and Osteoarthritis Outcome Score for pain (RR 1.37 [95% CI 0.47 to 4.00]; p = 0.57) among men, as well as clinically important improvement in WOMAC disability scores among men (RR 0.72 [95% CI 0.20 to 2.55]; p = 0.61) and women (RR 1.98 [95% CI 0.92 to 4.26]; p = 0.08). Participants presenting with widespread pain before TKA were more likely than those without widespread pain to use medication for symptoms of knee osteoarthritis most days for at least 1 month 2 years after TKA (51% [61 of 120] versus 32% [57 of 178]; mean difference, 18.8 [95% CI 7.3 to 30.1]; p < 0.01). Widespread pain before TKA was associated with an increased risk of no clinically important improvement in knee pain 2 years postoperatively among women. Because of the small number of men with widespread pain in the sample, the results for men were inconclusive. In clinical practice, screening TKA candidates for widespread pain may be useful, and expectations of surgical outcomes may need to be tempered if patients have a concurrent diagnosis of widespread pain. Future studies should include more men with widespread pain and investigate if treatment of widespread pain before or concurrent with TKA surgery may improve surgical outcomes. Level III, therapeutic study.","RAYYAN-INCLUSION: {""Dhruv ""=>""Included""}",,,,
rayyan-637106964,Rheumatoid Arthritis Flares After Total Hip and Total Knee Arthroplasty: Outcomes at One Year.,2020,1,1,Arthritis care & research,,,,,Goodman SM and Mirza SZ and DiCarlo EF and Pearce-Fisher D and Zhang M and Mehta B and Donlin LT and Bykerk VP and Figgie MP and Orange DE,https://pubmed.ncbi.nlm.nih.gov/31609524/,,,,"Most patients with rheumatoid arthritis (RA) undergoing total hip arthroplasty (THA) and total knee arthroplasty (TKA) have active RA and report postoperative flares; whether RA disease activity or flares increase the risk of worse pain and function scores 1 year later is unknown. Patients with RA were enrolled before THA/TKA. Patient-reported outcomes, including the Hip disability and Osteoarthritis Outcome Score (HOOS)/Knee Injury and Osteoarthritis Outcome Score (KOOS) and physician assessments of disease characteristics and activity (Disease Activity Score in 28 joints [DAS28] and Clinical Disease Activity Index), were collected before surgery. Patient-reported outcomes were repeated at 1 year. Postoperative flares were identified using the RA Flare Questionnaire weekly for 6 weeks and were defined by concordance between patient report plus physician assessment. We compared baseline characteristics and HOOS/KOOS scores using 2-sample t-test/Wilcoxon's rank sum test as well as chi-square/Fisher's exact tests. We used multivariate linear and logistic regression to determine the association of baseline characteristics, disease activity, and flares with 1-year outcomes. One-year HOOS/KOOS scores were available for 122 patients (56 with THA and 66 with TKA). Although HOOS/KOOS pain was worse for patients who experienced a flare within 6 weeks of surgery, absolute improvement was not different. In multivariable models, baseline DAS28 predicted 1-year HOOS/KOOS pain and function; each 1-unit increase in DAS28 worsened 1-year pain by 2.41 (SE 1.05; P = 0.02) and 1-year function by 4.96 (SE 1.17; P = 0.0001). Postoperative flares were not independent risk factors for pain or function scores. Higher disease activity increased the risk of worse pain and function 1 year after arthroplasty, but postoperative flares did not.","RAYYAN-INCLUSION: {""Dhruv ""=>""Included""}",,,,
rayyan-637106967,Optimal Sampling Frequency for Wearable Sensor Data in Arthroplasty Outcomes Research. A Prospective Observational Cohort Trial.,2019,1,1,The Journal of arthroplasty,,,,,Shah RF and Zaid MB and Bendich I and Hwang KM and Patterson JT and Bini SA,https://pubmed.ncbi.nlm.nih.gov/31445866/,,,,"Wearable sensors can track patient activity after surgery. The optimal data sampling frequency to identify an association between patient-reported outcome measures (PROMs) and sensor data is unknown. Most commercial grade sensors report 24-hour average data. We hypothesize that increasing the frequency of data collection may improve the correlation with PROM data. Twenty-two total joint arthroplasty (TJA) patients were prospectively recruited and provided wearable sensors. Second-by-second (Raw) and 24-hour average data (24Hr) were collected on 7 gait metrics on the 1st, 7th, 14th, 21st, and 42nd days postoperatively. The average for each metric as well as the slope of a linear regression for 24Hr data (24HrLR) was calculated. The R2 associations were calculated using machine learning algorithms against individual PROM results at 6 weeks. The resulting R2 values were defined having a mild, moderate, or strong fit (R2 ≥ 0.2, ≥0.3, and ≥0.6, respectively) with PROM results. The difference in frequency of fit was analyzed with the McNemar's test. The frequency of at least a mild fit (R2 ≥ 0.2) for any data point at any time frame relative to either of the PROMs measured was higher for Raw data (42%) than 24Hr data (32%; P = .041). There was no difference in frequency of fit for 24hrLR data (32%) and 24Hr data values (32%; P > .05). Longer data collection improved frequency of fit. In this prospective trial, increasing sampling frequency above the standard 24Hr average provided by consumer grade activity sensors improves the ability of machine learning algorithms to predict 6-week PROMs in our total joint arthroplasty cohort.","RAYYAN-INCLUSION: {""Dhruv ""=>""Included""}",,,,
rayyan-637106968,Machine Learning Algorithms Can Use Wearable Sensor Data to Accurately Predict Six-Week Patient-Reported Outcome Scores Following Joint Replacement in a Prospective Trial.,2019,1,1,The Journal of arthroplasty,,,,,Bini SA and Shah RF and Bendich I and Patterson JT and Hwang KM and Zaid MB,https://pubmed.ncbi.nlm.nih.gov/31439405/,,,,"Tracking patient-generated health data (PGHD) following total joint arthroplasty (TJA) may enable data-driven early intervention to improve clinical results. We aim to demonstrate the feasibility of combining machine learning (ML) with PGHD in TJA to predict patient-reported outcome measures (PROMs). Twenty-two TJA patients were recruited for this pilot study. Three activity trackers collected 35 features from 4 weeks before to 6 weeks following surgery. PROMs were collected at both endpoints (Hip and Knee Disability and Osteoarthritis Outcome Score, Knee Osteoarthritis Outcome Score, and Veterans RAND 12-Item Health Survey Physical Component Score). We used ML to identify features with the highest correlation with PROMs. The algorithm trained on a subset of patients and used 3 feature sets (A, B, and C) to group the rest into one of the 3 PROM clusters. Fifteen patients completed the study and collected 3 million data points. Three sets of features with the highest R2 values relative to PROMs were selected (A, B and C). Data collected through the 11th day had the highest predictive value. The ML algorithm grouped patients into 3 clusters predictive of 6-week PROM results, yielding total sum of squares values ranging from 3.86 (A) to 1.86 (C). This small but critical proof-of-concept study demonstrates that ML can be used in combination with PGHD to predict 6-week PROM data as early as 11 days following TJA surgery. Further study is needed to confirm these findings and their clinical value.","RAYYAN-INCLUSION: {""Dhruv ""=>""Included""}",,,,
rayyan-637106969,Mechanical failure of articulating polymethylmethacrylate (PMMA) spacers in two-stage revision hip arthroplasty: the risk factors and the impact on interim function.,2019,1,1,BMC musculoskeletal disorders,,,,,Yang FS and Lu YD and Wu CT and Blevins K and Lee MS and Kuo FC,https://pubmed.ncbi.nlm.nih.gov/31412841/,,,,"This study aimed to investigate the risk factors for mechanical failure of cement spacers and the impact on hip function after two-stage exchange arthroplasty for periprosthetic joint infection (PJI). Thirty-one patients (19 males and 12 females) with hip PJIs underwent resection arthroplasty and implantation of cement spacers from January 2014 to December 2015. Patients who encountered spacer-associated mechanical complications in the interim period (14 of 31) were compared with those without complications (17 of 31). Complications were defined as spacer dislocation, spacer fracture, spacer fracture with dislocation, and femoral fracture during or following spacer implantation. Hip functional outcome was assessed using the Harris hip score (HHS). Treatment success was defined according to the following criteria: (1) no symptoms or signs indicative of infection; (2) no PJI-related mortality; and (3) no subsequent surgical intervention for infection after reimplantation surgery. Multivariate logistic regression and Kaplan-Meier survival curves were used for analysis. Fourteen patients (14/31 = 45%) suffered at least one spacer-related complication within the interim period. The development of spacer complications was associated with a younger age (odds ratio [OR] 0.91, 95% confidence interval [CI] 0.83-1.00, p = 0.045) and chronic PJI (OR 14.7, 95% CI 1.19-182, p = 0.036). Patients with spacer complications also had a lower median HHS (37 vs. 60, p < 0.001) before reimplantation in comparison to those without spacer complications. After reimplantation, the two groups had a similar median HHS (90 vs. 89, p = 0.945). Two patients did not undergo reimplantation due to extensive comorbidities, and subsequently retained the antibiotic spacer for definitive treatment. The 2-year treatment success rate was 84.6% in the spacer-complication group and 87.5% in the non-spacer-complication group (p = 0.81). There was a high complication rate for articulating PMMA spacers during the interim period of two-stage revision total hip arthroplasty. A young age and chronic infection were the primary risk factors associated with mechanical complications. Patients at high risk of spacer-related mechanical complications should be advised accordingly by surgeons. Knowing the possible risk factors, surgeons should educate patients thoroughly to avoid spacer complications, thereby increasing patient satisfaction in the interim stage. Prognostic Level III.","RAYYAN-INCLUSION: {""Dhruv ""=>""Included""}",,,,
rayyan-637106974,Activity Impairment and Work Productivity Loss After Total Knee Arthroplasty: A Prospective Study.,2019,1,1,The Journal of arthroplasty,,,,,Hylkema TH and Stevens M and Selzer F and Amick BA and Katz JN and Brouwer S,https://pubmed.ncbi.nlm.nih.gov/31278039/,,,,"Total knee arthroplasty (TKA) is increasingly performed among working-aged individuals, highlighting the importance of work-related outcomes. Therefore, the aim is to examine the extent of both activity impairment outside work and work productivity (absenteeism, presenteeism, at-work productivity loss) at 6 and 24 months post-TKA surgery. Additionally, associated risk factors with these outcomes were evaluated. This analysis included 183 patients <70 years undergoing TKA who completed questionnaires pre-operatively and during follow-up. Outcomes were derived from the Work Productivity and Activity Impairment questionnaire and included activity impairment, absenteeism (sick leave), presenteeism (reduced work performance), and at-work productivity loss (overall work productivity loss). All outcomes were scaled 0%-100%, with higher percentages indicating higher impairments. Covariates included age, gender, education, pain catastrophizing, pain, function, psychological distress, and knee-related and health-related quality of life. Linear and logistic regression was used to assess associations between covariates and Work Productivity and Activity Impairment scores at follow-up. At 6 months, the mean activity impairment was 22.8% (standard deviation [SD] 23.5) dropping to 17.1% (23.1) by 24 months. Among workers, presenteeism was 18.4% (24.6) and at-work productivity loss was 20.8% (26.1). Both dropped significantly by 24 months to 14.2% (22.4) and 12.9% (20.9), respectively. Absenteeism levels were low at both time points. Pain catastrophizing was associated with all outcomes. This study showed that activity impairment and work productivity loss are common following TKA, decreased significantly over time, but still existed 2 years post-operatively. Those reporting high levels of pain catastrophizing may benefit from targeted rehabilitation guidance to reduce and possibly prevent activity impairment and work productivity loss.","RAYYAN-INCLUSION: {""Dhruv ""=>""Included""}",,,,
rayyan-637106975,Total hip arthroplasty in Parkinson's disease patients: a propensity score-matched analysis with minimum 2-year surveillance.,2020,1,1,Hip international : the journal of clinical and experimental research on hip pathology and therapy,,,,,Shah NV and Solow M and Lavian JD and Bloom LR and Grieco PW and Stroud SG and Abraham R and Naziri Q and Paulino CB and Maheshwari AV and Diebo BG,https://pubmed.ncbi.nlm.nih.gov/31269822/,,,,"Parkinson's disease (PD) patients experience chronic pain related to osteoarthritis at comparable rates to the general population. While total hip arthroplasty (THA) effectively improves pain, functionality, and quality of life in PD patients, long-term outcomes following THA are under-reported. This study sought to investigate whether PD patients have an increased risk of complications and revision following THA in comparison to the general population. Utilising New York State's Statewide Planning and Research Cooperative System, all PD patients who underwent THA from 2009 to 2011 with minimum 2-year follow-up were identified. A control group (no-PD) was created via 1:1 propensity score-matching by age, gender, and Charlson/Deyo score. Univariate analysis compared demographics, complications, and revisions. Multivariate binary stepwise logistic regression identified independent predictors of outcomes. 470 propensity score-matched patients (PD: n = 235; no-PD: n = 235) were identified. PD patients demonstrated higher rates of overall and postoperative wound infection (p < 0.05), with comparable individual and overall complication and revision rates. PD did not increase odds of complications or revisions. PD patients had lengthier hospital stay (4.97 vs. 4.07 days, p = 0.001) and higher proportion of second primary THA >2-years postoperatively (69.4% vs. 59.6%, p = 0.027). Charlson/Deyo index was the greatest predictor of any surgical complication (OR = 1.17, p = 0.029). Female sex was the strongest predictor of any medical complication (OR = 2.21, p < 0.001). Despite lengthier hospital stays and infection-related complications, PD patients experienced comparable complication and revision rates to patients from the general population undergoing THA.","RAYYAN-INCLUSION: {""Dhruv ""=>""Included""}",,,,
rayyan-637106979,Not all hip arthroplasties are created equal: increased complications and re-admissions after total hip arthroplasty for femoral neck fractures compared with osteoarthritis.,2019,1,1,The bone & joint journal,,,,,Charette RS and Sloan M and Lee GC,https://pubmed.ncbi.nlm.nih.gov/31146554/,,,,"Total hip arthroplasty (THA) is gaining popularity as a treatment for displaced femoral neck fractures (FNFs), especially in physiologically younger patients. While THA for osteoarthritis (OA) has demonstrated low complication rates and increased quality of life, results of THA for acute FNF are not as clear. Currently, a THA performed for FNF is included in an institutional arthroplasty bundle without adequate risk adjustment, potentially placing centres participating in fracture care at financial disadvantage. The purpose of this study is to report on perioperative complication rates after THA for FNF compared with elective THA performed for OA of the hip. The American College of Surgeons National Surgical Quality Improvement Program (ACS NSQIP) database between 2008 and 2016 was queried. Patients were identified using the THA Current Procedural Terminology (CPT) code and divided into groups by diagnosis: OA in one and FNF in another. Univariate statistics were performed. Continuous variables were compared between groups using Student's t-test, and the chi-squared test was used to compare categorical variables. Multivariate and propensity-matched logistic regression analyses were performed to control for risk factors of interest. Analyses included 139 635 patients undergoing THA. OA was the indication in 135 013 cases and FNF in 4622 cases. After propensity matching, mortality within 30 days (1.8% vs 0.3%; p < 0.001) and major morbidity (24.2% vs 19%; p < 0.001) were significantly higher among FNF patients. Re-operation (3.7% vs 2.7%; p = 0.014) and re-admission (7.3% vs 5.5%; p = 0.002) were significantly higher among FNF patients. Hip fracture patients had significantly longer operative time and length of stay (LOS), and were significantly less likely to be discharged to their home. Multivariate analyses gave similar results. This large database study showed a higher risk of postoperative complications including mortality, major morbidity, re-operation, re-admission, prolonged operative time, increased LOS, and decreased likelihood of discharge home in patients undergoing THA for FNF compared with OA. While THA is a good option for FNF patients, there are increased costs and financial risks to centres with a joint arthroplasty bundle programme participating in fracture care. Cite this article: Bone Joint J 2019;101-B(6 Supple B):84-90.","RAYYAN-INCLUSION: {""Dhruv ""=>""Included""}",,,,
rayyan-637106982,Small Social Incentives Did Not Improve the Survey Response Rate of Patients Who Underwent Orthopaedic Surgery: A Randomized Trial.,2019,1,1,Clinical orthopaedics and related research,,,,,Warwick H and Hutyra C and Politzer C and Francis A and Risoli T and Green C and Verma N and Huettel S and Mather RC,https://pubmed.ncbi.nlm.nih.gov/31135552/,,,,"The generalizability of data derived from patient-reported outcome measures (PROMs) depends largely on the proportion of the relevant population that completes PROM surveys. However, PROM survey responses remain low, despite efforts to increase participation. Social incentives, such as the offer to make a charitable donation on behalf of the survey respondent, have generally not been effective where online surveys are concerned, but this has not been extensively tested in medicine. (1) Do personalized social incentives increase response rates or response completeness for postoperative PROM surveys in an orthopaedic population? (2) Are there demographic factors associated with response and nonresponse to postoperative PROM surveys? (3) Are some demographic factors associated with increased response to social incentive offers? Participants were selected from an institutional orthopaedics database. Patients were older than 18 years, had an email address on file, and had undergone one of the following procedures 1 to 2 years ago: Achilles tendon repair, ACL reconstruction, meniscectomy, hip arthroscopy, TKA, or THA. Of 4685 eligible patients, 3000 (64%) were randomly selected for inclusion in the study. Participants were randomized to one of four groups: (1) control: no incentive (n = 750); (2) patient donation: offer of a USD 5 donation to provide medical supplies to a pediatric orthopaedic patient (n = 751); (3) research donation: offer of a USD 5 donation to a procedure-specific research program (n = 749); or (4) explanation: explanation that response supports quality improvement (n = 750). The four groups did not differ regarding patient age, gender, race, procedure type, or time since procedure. All patients were sent an email invitation with the same PROM survey link. The proportion of patients who responded (defined here as the response rate) was measured at 4 weeks and compared between intervention groups. We used a logistic regression analysis to identify demographic factors associated with response while controlling for confounding variables and performed subgroup analyses to determine any demographic factors associated with increased response to social incentives. There was no difference in the overall response rate (research donation: 49% [353 of 725], patient donation: 45% [333 of 734], control: 45% [322 of 723], explanation: 44% [314 of 719]; p = 0.239) or response completeness (research donation: 89% [315 of 353], patient donation: 90% [301 of 333], control: 89% [287 of 322], explanation: 87% [274 of 314]; p = 0.647) between the four groups. Women (odds ratio [OR], 1.175; p = 0.042), older patients (< 58 years: OR, 1.016 per 1-year increase; p = 0.001; 58-64 years: OR, 1.023 per 1-year increase; p < 0.001; > 64 years: OR, 1.021 per 1-year increase; p < 0.001), and white patients (OR 2.034 compared with black patients, p < 0.001) were slightly more likely to respond, after controlling for potential confounding variables such as gender, age, race, and procedure type. In subgroup analyses, men (research donation: 49% [155 of 316], patient donation: 45% [146 of 328], control: 40% [130 of 325], explanation: 39% [127 of 325]; p = 0.041) and patients younger than 58 years (research donation: 40% [140 of 351], control: 35% [130 of 371], patient donation: 32% [113 of 357], explanation: 27% [93 of 340]; p = 0.004) were slightly more likely to respond to the research donation than those with other interventions were. Despite small effects in specific subgroups, personalized social incentives did not increase the overall response to postoperative orthopaedic surveys. Novel and targeted strategies will be necessary to reach response thresholds that enable healthcare stakeholders to use PROMs effectively. Level I, therapeutic study.","RAYYAN-INCLUSION: {""Dhruv ""=>""Included""}",,,,
rayyan-637106984,Association between metformin use and disease progression in obese people with knee osteoarthritis: data from the Osteoarthritis Initiative-a prospective cohort study.,2019,1,1,Arthritis research & therapy,,,,,Wang Y and Hussain SM and Wluka AE and Lim YZ and Abram F and Pelletier JP and Martel-Pelletier J and Cicuttini FM,https://pubmed.ncbi.nlm.nih.gov/31126352/,,,,"To examine whether metformin use was associated with knee cartilage volume loss over 4 years and risk of total knee replacement over 6 years in obese individuals with knee osteoarthritis. This study analysed the Osteoarthritis Initiative participants with radiographic knee osteoarthritis (Kellgren-Lawrence grade ≥ 2) who were obese (body mass index [BMI] ≥ 30 kg/m2). Participants were classified as metformin users if they self-reported regular metformin use at baseline, 1-year and 2-year follow-up (n = 56). Non-users of metformin were defined as participants who did not report the use of metformin at any visit from baseline to 4-year follow-up (n = 762). Medial and lateral cartilage volume (femoral condyle and tibial plateau) were assessed using magnetic resonance imaging at baseline and 4 years. Total knee replacement over 6 years was assessed. General linear model and binary logistic regression were used for statistical analyses. The rate of medial cartilage volume loss was lower in metformin users compared with non-users (0.71% vs. 1.57% per annum), with a difference of - 0.86% per annum (95% CI - 1.58% to - 0.15%, p = 0.02), after adjustment for age, gender, BMI, pain score, Kellgren-Lawrence grade, self-reported diabetes, and weight change over 4 years. Metformin use was associated with a trend towards a significant reduction in risk of total knee replacement over 6 years (odds ratio 0.30, 95% CI 0.07-1.30, p = 0.11), after adjustment for age, gender, BMI, Kellgren-Lawrence grade, pain score, and self-reported diabetes. These data suggest that metformin use may have a beneficial effect on long-term knee joint outcomes in those with knee osteoarthritis and obesity. Randomised controlled trials are needed to confirm these findings and determine whether metformin would be a potential disease-modifying drug for knee osteoarthritis with the obese phenotype.","RAYYAN-INCLUSION: {""Dhruv ""=>""Included""}",,,,
rayyan-637106985,Minimal clinically important differences and substantial clinical benefits for Knee Society Scores.,2020,1,1,"Knee surgery, sports traumatology, arthroscopy : official journal of the ESSKA",,,,,Lizaur-Utrilla A and Gonzalez-Parreño S and Martinez-Mendez D and Miralles-Muñoz FA and Lopez-Prats FA,https://pubmed.ncbi.nlm.nih.gov/31111184/,,,,"There is a paucity of literature defining the minimal clinically important difference (MCID) for the Knee Society Scores (KSS) after total knee arthroplasty (TKA), and no data on the substantial clinical benefit (SCB) for KSS have been reported. The purpose of this study was to determine MCID and SCB for the KSS in patients with primary TKA. The median age of patients was 71.6 (range 50-88) years, and 60.3% were females 507 patients with TKA were prospectively enrolled. Patients completed the KSS before surgery and at second postoperative year. The MCID values of the KSS were estimated using anchor-based method, distribution-based method and receiver operating characteristic (ROC) curve analysis with calculation of the area under curve (AUC). SCB was estimated using ROC. The MCID for KSS-knee score was 7.2 points by the anchor-based method, 7.2 by the distribution-based method, and using a ROC analysis the cutoff point was 8.9 points with an AUC of 0.75. For KSS-function score, the MCID values were 9.7, 6.3, and 10.3 (AUC 0.71), respectively. SCB values were 39.7 points (AUC 0.74) for the KSS-knee score, and 38.6 (AUC 0.76) for the KSS-function score. Logistic regression showed age and Charlson index to negatively affect the changes in KSS. Different methods for MCID calculation lead to different results. With the use of ROC curve analysis, patients with an improvement of at least 9 points for KSS-knee and 10 points for KSS-function scores experience a clinically important change, whereas those who have at least an improvement of 40 points for KSS-knee and 39 points for KSS-function scores experience a substantial clinical benefit. These findings can ensure clinical improvement from the patient's perspective and also aid in interpreting results from clinical studies. III.","RAYYAN-INCLUSION: {""Dhruv ""=>""Included""}",,,,
rayyan-637106986,Can Machine Learning Algorithms Predict Which Patients Will Achieve Minimally Clinically Important Differences From Total Joint Arthroplasty?,2019,1,1,Clinical orthopaedics and related research,,,,,Fontana MA and Lyman S and Sarker GK and Padgett DE and MacLean CH,https://pubmed.ncbi.nlm.nih.gov/31094833/,,,,"Identifying patients at risk of not achieving meaningful gains in long-term postsurgical patient-reported outcome measures (PROMs) is important for improving patient monitoring and facilitating presurgical decision support. Machine learning may help automatically select and weigh many predictors to create models that maximize predictive power. However, these techniques are underused among studies of total joint arthroplasty (TJA) patients, particularly those exploring changes in postsurgical PROMs. QUESTION/PURPOSES: (1) To evaluate whether machine learning algorithms, applied to hospital registry data, could predict patients who would not achieve a minimally clinically important difference (MCID) in four PROMs 2 years after TJA; (2) to explore how predictive ability changes as more information is included in modeling; and (3) to identify which variables drive the predictive power of these models. Data from a single, high-volume institution's TJA registry were used for this study. We identified 7239 hip and 6480 knee TJAs between 2007 and 2012, which, for at least one PROM, patients had completed both baseline and 2-year followup surveys (among 19,187 TJAs in our registry and 43,313 total TJAs). In all, 12,203 registry TJAs had valid SF-36 physical component scores (PCS) and mental component scores (MCS) at baseline and 2 years; 7085 and 6205 had valid Hip and Knee Disability and Osteoarthritis Outcome Scores for joint replacement (HOOS JR and KOOS JR scores), respectively. Supervised machine learning refers to a class of algorithms that links a mapping of inputs to an output based on many input-output examples. We trained three of the most popular such algorithms (logistic least absolute shrinkage and selection operator (LASSO), random forest, and linear support vector machine) to predict 2-year postsurgical MCIDs. We incrementally considered predictors available at four time points: (1) before the decision to have surgery, (2) before surgery, (3) before discharge, and (4) immediately after discharge. We evaluated the performance of each model using area under the receiver operating characteristic (AUROC) statistics on a validation sample composed of a random 20% subsample of TJAs excluded from modeling. We also considered abbreviated models that only used baseline PROMs and procedure as predictors (to isolate their predictive power). We further directly evaluated which variables were ranked by each model as most predictive of 2-year MCIDs. The three machine learning algorithms performed in the poor-to-good range for predicting 2-year MCIDs, with AUROCs ranging from 0.60 to 0.89. They performed virtually identically for a given PROM and time point. AUROCs for the logistic LASSO models for predicting SF-36 PCS 2-year MCIDs at the four time points were: 0.69, 0.78, 0.78, and 0.78, respectively; for SF-36 MCS 2-year MCIDs, AUROCs were: 0.63, 0.89, 0.89, and 0.88; for HOOS JR 2-year MCIDs: 0.67, 0.78, 0.77, and 0.77; for KOOS JR 2-year MCIDs: 0.61, 0.75, 0.75, and 0.75. Before-surgery models performed in the fair-to-good range and consistently ranked the associated baseline PROM as among the most important predictors. Abbreviated LASSO models performed worse than the full before-surgery models, though they retained much of the predictive power of the full before-surgery models. Machine learning has the potential to improve clinical decision-making and patient care by helping to prioritize resources for postsurgical monitoring and informing presurgical discussions of likely outcomes of TJA. Applied to presurgical registry data, such models can predict, with fair-to-good ability, 2-year postsurgical MCIDs. Although we report all parameters of our best-performing models, they cannot simply be applied off-the-shelf without proper testing. Our analyses indicate that machine learning holds much promise for predicting orthopaedic outcomes.  LEVEL OF EVIDENCE: Level III, diagnostic study.","RAYYAN-INCLUSION: {""Dhruv ""=>""Included""}",,,,
rayyan-637106991,Predicting Outcome after Total Hip Arthroplasty: The Role of Preoperative Patient-Reported Measures.,2019,1,1,BioMed research international,,,,,Weber M and Zeman F and Craiovan B and Thieme M and Kaiser M and Woerner M and Grifka J and Renkawitz T,https://pubmed.ncbi.nlm.nih.gov/30834267/,,,,"Choosing the appropriate patient for surgery is crucial for good outcome in total hip arthroplasty (THA). Therefore, parameters predicting outcome preoperatively are of major interest. In the current study, we compared the predictive power of different presurgical measures in minimally invasive THA. In the course of a prospective clinical trial preoperative HOOS, EQ-5D and SF-36 were obtained in 140 patients undergoing THA. Responder rate was defined by the modified OMERACT-OARSI criteria at six-month-, one-year, two-year, and three-year follow-up. Logistic regression was performed to compare the different questionnaires regarding their power of predicting positive responders. ROC-curve analysis was used to define benchmarks in preoperative measures associated with good outcome. Preoperative HOOS (p<0.001), EQ-5D (p=0.007), and PCS of SF-36 (p<0.001) were higher in responders than in nonresponders whereas no differences between responders and nonresponders were found for preoperative MCS (p=0.96) of SF-36. However, preoperative HOOS revealed best predictive power (OR=0.84 95%CI=0.78-0.90, p<0.001, Pseudo R-Squared according to Nagelkerke=0.48, effect size according to Cohen=0.96) compared to all other preoperative measures. Multivariable analysis confirmed preoperative HOOS as an independent parameter correlating with postoperative responder status (OR=0.76, 95% CI=0.66-0.88, p<0.001). In ROC-curve analysis nonresponders were identified with a sensitivity of 91.7% and specificity of 68.9% using a cutoff in preoperative HOOS of 40.3. Presurgical HOOS can predict outcome in THA better than other preoperative outcome measures. Patients with a preoperative HOOS value less than 40.3 have the highest probability of a positive response in terms of pain and function after THA.","RAYYAN-INCLUSION: {""Dhruv ""=>""Included""}",,,,
rayyan-637106997,Acute postoperative pain is an independent predictor of chronic postsurgical pain following total knee arthroplasty at 6 months: a prospective cohort study.,2019,1,1,Regional anesthesia and pain medicine,,,,,Buvanendran A and Della Valle CJ and Kroin JS and Shah M and Moric M and Tuman KJ and McCarthy RJ,https://pubmed.ncbi.nlm.nih.gov/30770420/,,,,"Approximately 15% of patients report persistent knee pain despite surgical success following total knee arthroplasty (TKA). The purpose of this study was to determine the association of acute-postsurgical pain (APSP) with chronic postsurgical pain (CPSP) 6 months after TKA controlling for patient, surgical and psychological confounding factors. Adult patients with osteoarthritis undergoing primary elective tricompartmental TKA, with the operated knee the primary source of preoperative pain, were studied between March 2011 and February 2017. Patients received standard operative management and a perioperative multimodal analgesia regimen. The primary outcome was CPSP at 6 months. The primary variable of interest was the APSP (weighted mean pain score) for 72 hours postoperatively. Patient, surgical and psychological confounders were assessed using binary logistic regression. 245 cases were analyzed. The incidence of CPSP was 14% (95% CI 10% to 19%). Median APSP values were 4.2 (2.2-5.0) in the CPSP group and 2.8 (1.8-3.7) without CPSP, difference 1.4 (95% CI 0.1 to 1.8, p=0.005). The unadjusted odds for CPSP with an increase of 1 in APSP was 1.46 (95% CI 1.14 to 1.87, p=0.002)). After multivariable risk adjustment, the OR for CPSP for an increase of 1 in the APSP was 1.53 (95% CI 1.12 to 2.09, p=0.008). APSP is a risk factor for CPSP following TKA even after adjusting for confounding variables such as pain catastrophizing, anxiety, depression and functional status. Studies are needed to determine if APSP is a modifiable risk factor for the development of CPSP.","RAYYAN-INCLUSION: {""Dhruv ""=>""Included""}",,,,
rayyan-637107000,"Age, gender, functional KSS, reason for revision and type of bone defect predict functional outcome 5 years after revision total knee arthroplasty: a multivariable prediction model.",2019,1,1,"Knee surgery, sports traumatology, arthroscopy : official journal of the ESSKA",,,,,Verbeek JFM and Hannink G and Defoort KC and Wymenga AB and Heesterbeek PJC,https://pubmed.ncbi.nlm.nih.gov/30689000/,,,,"The number of revision total knee arthroplasties (rTKA) is increasing. Unfortunately, not all patients benefit from revision surgery. The aim of this study was to develop a clinical prediction model that can be used to predict the functional outcome 5 years after rTKA. Data of patients receiving rTKA at Sint Maartenskliniek, Nijmegen, The Netherlands, from 2004 onwards were prospectively collected. Demographic and clinical variables and patient-reported outcome scores were collected and considered as potential predictors. Beneficial outcome was defined as an increase of ≥ 20 points on the functional knee society scores (fKSS) or an absolute fKSS ≥ 80 points 5 years after surgery. The prediction model was developed using backward logistic regression. Regression coefficients were converted into an easy to use prediction rule. Overall, 295 rTKA patients were included of whom 157 (53%) had beneficial fKSS 5 years later. Age, gender, femoral bone defects, preoperative fKSS, and stiffness as reason for revision were included in the model. Men had a higher chance of beneficial fKSS than women (OR 1.59, 95% CI 0.91-2.78). Patients with major bone defects (OR 0.44, 95% CI 0.22-0.85), higher age (IQR OR 0.39, 95% CI 0.26-0.58), higher preoperative fKSS (IQR OR 0.42, 95% CI 0.30-0.59), and severe stiffness (OR 0.48, 95% CI 0.20-1.15) had a lower chance of successful outcome. The model's AUC was 0.76, 95% CI 0.70-0.81. Easily determinable characteristics of patients who need rTKA can be used to predict future functional outcome. Young men with low preoperative fKSS without severe stiffness are more likely to achieve a beneficial outcome. IV.","RAYYAN-INCLUSION: {""Dhruv ""=>""Included""}",,,,
rayyan-637107001,Patient dissatisfaction following total knee arthroplasty: external validation of a new prediction model.,2019,1,1,European journal of orthopaedic surgery & traumatology : orthopedie traumatologie,,,,,Zabawa L and Li K and Chmell S,https://pubmed.ncbi.nlm.nih.gov/30627925/,,,,"Tools designed to predict patient satisfaction following total knee arthroplasty (TKA) have the potential to guide patient selection. Our study aimed to validate a model that predicts patient satisfaction following TKA. Phone surveys were administered to 203 patients who underwent TKA between 2009 and 2016 at the University of Illinois. We utilized health records to document age, gender, body mass index (BMI), and comorbidities. First, we compared the descriptive variables between the satisfied and dissatisfied groups. We then performed multivariate linear regression and multiple logistic regression to assess the predictive value of the questions in the Van Onsem et al. model. The true satisfaction rate in our study was 65%. The Van Onsem et al. model predicted a satisfaction rate of 70%. The scatter plot of predicted satisfaction score versus observed satisfaction score showed poor agreement between actual satisfaction and predicted satisfaction. Comparing satisfied and dissatisfied groups, there was a significant difference with respect to pain prior to surgery and BMI. The validity of the Van Onsem et al. prediction tool was not supported. While the predicted satisfaction rate was near the measured satisfaction rate, the model misidentified which patients were likely to be satisfied. Preoperative variables including pain, anxiety/depression, and a patient's ability to control pain symptoms showed potential for inclusion in future prediction models. LEVEL OF EVIDENCE: Level III, developing a decision model.","RAYYAN-INCLUSION: {""Dhruv ""=>""Included""}",,,,
rayyan-637107002,Predicting patient-reported outcomes following hip and knee replacement surgery using supervised machine learning.,2019,1,1,BMC medical informatics and decision making,,,,,Huber M and Kurz C and Leidl R,https://pubmed.ncbi.nlm.nih.gov/30621670/,,,,"Machine-learning classifiers mostly offer good predictive performance and are increasingly used to support shared decision-making in clinical practice. Focusing on performance and practicability, this study evaluates prediction of patient-reported outcomes (PROs) by eight supervised classifiers including a linear model, following hip and knee replacement surgery. NHS PRO data (130,945 observations) from April 2015 to April 2017 were used to train and test eight classifiers to predict binary postoperative improvement based on minimal important differences. Area under the receiver operating characteristic, J-statistic and several other metrics were calculated. The dependent outcomes were generic and disease-specific improvement based on the EQ-5D-3L visual analogue scale (VAS) as well as the Oxford Hip and Knee Score (Q score). The area under the receiver operating characteristic of the best training models was around 0.87 (VAS) and 0.78 (Q score) for hip replacement, while it was around 0.86 (VAS) and 0.70 (Q score) for knee replacement surgery. Extreme gradient boosting, random forests, multistep elastic net and linear model provided the highest overall J-statistics. Based on variable importance, the most important predictors for post-operative outcomes were preoperative VAS, Q score and single Q score dimensions. Sensitivity analysis for hip replacement VAS evaluated the influence of minimal important difference, patient selection criteria as well as additional data years. Together with a small benchmark of the NHS prediction model, robustness of our results was confirmed. Supervised machine-learning implementations, like extreme gradient boosting, can provide better performance than linear models and should be considered, when high predictive performance is needed. Preoperative VAS, Q score and specific dimensions like limping are the most important predictors for postoperative hip and knee PROMs.","RAYYAN-INCLUSION: {""Dhruv ""=>""Included""}",,,,
rayyan-637107003,Internal Validation of a Predictive Model for Satisfaction After Primary Total Knee Arthroplasty.,2019,1,1,The Journal of arthroplasty,,,,,Kunze KN and Akram F and Fuller BC and Zabawa L and Sporer SM and Levine BR,https://pubmed.ncbi.nlm.nih.gov/30612836/,,,,"As the number of total knee arthroplasty (TKA) procedures continues to rise in the context of bundled payment models, patients dissatisfied postoperatively that require additional care will impose additional cost to the healthcare system. The purpose of this study is to internally validate a predictive model for postoperative patient satisfaction after TKA. In total, 484 consecutive primary TKA patients between January 2014 and January 2016 were included. Patients were stratified into 4 risk tiers based on scores of a retrospectively applied, 11-component novel knee survey for postoperative satisfaction: low risk (>96.5), mild risk (75-96.4), moderate risk (60-74.9), and high risk (<60). Binary logistic and multivariate linear regression models were constructed to determine whether the survey was predictive of satisfaction. A receiver operator curve was constructed to determine a threshold score below which patients were likely to experience postoperative dissatisfaction. The mean (±standard deviation) age was 66.3 ± 9.2 years (range 31.7-100.1) and mean body mass index was 34.2 ± 8.2 kg/m2 (range 16.2-68.4). A knee survey score of 96.5 conferred a 97.5% sensitivity and 95.7% negative predictive value for satisfaction. Patients with higher knee survey scores had greater odds (odds ratio 1.03, 95% confidence interval 1.01-1.06, P = .003) of postoperative satisfaction. Increasing risk tier was significantly associated with decreased satisfaction (low risk 95.7%, mild risk 93.8%, moderate risk 86.4%, and high risk 80.4%; P = .007). The knee survey was not significantly correlated with complications (r = -0.43, P = .32). This novel knee survey conferred a 97.5% sensitivity and 95.7% negative predictive value in identifying at-risk patients for postoperative dissatisfaction after primary TKA.","RAYYAN-INCLUSION: {""Dhruv ""=>""Included""}",,,,
rayyan-637107004,"Protocol for a single-centre, parallel-arm, double-blind randomised trial evaluating the effects of tourniquet use in total knee arthroplasty on intra-operative and post-operative outcomes.",2018,1,1,BMC musculoskeletal disorders,,,,,Page RS and Williams S and Selvaratnam A and Waring S and Conroy M and Thomson A and Beattie S and Ganeshalingam R and Gill SD,https://pubmed.ncbi.nlm.nih.gov/30522462/,,,,"Tourniquet use during total knee replacement is common, yet uncertainty exists regarding its benefits and harms. The primary aim of the current study is to investigate whether tourniquet use during total knee replacement leads to greater reduction in quadriceps strength than non-tourniquet use at three months post-surgery. Secondary aims include investigating the effects of tourniquet use on: quadriceps strength at day 2 and 5, and 12 months post-surgery; pain and analgesia requirements; self-reported physical function and quality of life; blood loss and replacement; surgeon satisfaction with the intra-operative visual field; operation and anaesthetic time; complications; cement mantle quality; patient satisfaction; and hospital length of stay. The study is a single centre, parallel-arm, double-blind (participant and assessor), randomised trial with 1:1 random allocation. Participants will be undergo total knee replacement with or without tourniquet. Linear mixed models will be used for group comparisons of continuous outcomes available at multiple timepoints. Other continuous outcomes that are assessed at baseline and once/twice at follow-up will be analysed using linear regression. Categorical outcomes will be analysed using logistic regression models. This study will provide high-quality evidence regarding the effects of tourniquet use during total knee replacement, which can be used to inform surgeon decision-making. Australian New Zealand Clinical Trials Registry ACTRN12618000425291 . Retrospectively registered 23 March 2018.","RAYYAN-INCLUSION: {""Dhruv ""=>""Included""}",,,,
rayyan-637107005,Development of a clinical risk score for pain and function following total knee arthroplasty: results from the TRIO study.,2018,1,1,Rheumatology advances in practice,,,,,Shim J and Mclernon DJ and Hamilton D and Simpson HA and Beasley M and Macfarlane GJ,https://pubmed.ncbi.nlm.nih.gov/30506023/,,,,"The aim was to develop and validate a simple clinical prediction model, based on easily collected preoperative information, to identify patients at high risk of pain and functional disability 6 months after total knee arthroplasty (TKA). This was a multicentre cohort study of patients from nine centres across the UK, who were undergoing a primary TKA for OA. Information on sociodemographic, psychosocial, clinical and quality-of-life measures were collected at recruitment. The primary outcome measure for this analysis was the Oxford knee score (OKS), measured 6 months postoperatively by postal questionnaire. Multivariable logistic regression was used to develop the model. Model performance (discrimination and calibration) and internal validity were assessed, and a simple clinical risk score was developed. Seven hundred and twenty-one participants (mean age 68.3 years; 53% female) provided data for the present analysis, and 14% had a poor outcome at 6 months. Key predictors were poor clinical status, widespread body pain, high expectation of postoperative pain and lack of active coping. The developed model based on these variables demonstrated good discrimination. At the optimal cut-off, the final model had a sensitivity of 83%, specificity of 61% and positive likelihood ratio of 2.11. Excellent agreement was found between observed and predicted outcomes, and there was no evidence of overfitting in the model. We have developed and validated a clinical prediction model that can be used to identify patients at high risk of a poor outcome after TKA. This clinical risk score may be an aid to shared decision-making between patient and clinician.","RAYYAN-INCLUSION: {""Dhruv ""=>""Included""}",,,,
rayyan-637107007,Trajectories of femorotibial cartilage thickness among persons with or at risk of knee osteoarthritis: development of a prediction model to identify progressors.,2019,1,1,Osteoarthritis and cartilage,,,,,Deveza LA and Downie A and Tamez-Peña JG and Eckstein F and Van Spil WE and Hunter DJ,https://pubmed.ncbi.nlm.nih.gov/30347226/,,,,"There is significant variability in the trajectory of structural progression across people with knee osteoarthritis (OA). We aimed to identify distinct trajectories of femorotibial cartilage thickness over 2 years and develop a prediction model to identify individuals experiencing progressive cartilage loss. We analysed data from the Osteoarthritis Initiative (OAI) (n = 1,014). Latent class growth analysis (LCGA) was used to identify trajectories of medial femorotibial cartilage thickness assessed on magnetic resonance imaging (MRI) at baseline, 1 and 2 years. Baseline characteristics were compared between trajectory-based subgroups and a prediction model was developed including those with frequent knee symptoms at baseline (n = 686). To examine clinical relevance of the trajectories, we assessed their association with concurrent changes in knee pain and incidence of total knee replacement (TKR) over 4 years. The optimal model identified three distinct trajectories: (1) stable (87.7% of the population, mean change -0.08 mm, SD 0.19); (2) moderate cartilage loss (10.0%, -0.75 mm, SD 0.16) and (3) substantial cartilage loss (2.2%, -1.38 mm, SD 0.23). Higher Western Ontario & McMaster Universities Osteoarthritis Index (WOMAC) pain scores, family history of TKR, obesity, radiographic medial joint space narrowing (JSN) ≥1 and pain duration ≤1 year were predictive of belonging to either the moderate or substantial cartilage loss trajectory [area under the curve (AUC) 0.79, 95% confidence interval (CI) 0.74, 0.84]. The two progression trajectories combined were associated with pain progression (OR 1.99, 95% CI 1.34, 2.97) and incidence of TKR (OR 4.34, 1.62, 11.62). A minority of individuals follow a progressive cartilage loss trajectory which was strongly associated with poorer clinical outcomes. If externally validated, the prediction model may help to select individuals who may benefit from cartilage-targeted therapies.","RAYYAN-INCLUSION: {""Dhruv ""=>""Included""}",,,,
rayyan-637107010,Radiographic and Clinical Outcomes of Porous Titanium-Coated and Plasma-Sprayed Acetabular Shells: A Five-Year Prospective Multicenter Study.,2018,1,1,The Journal of bone and joint surgery. American volume,,,,,Lindgren V and Galea VP and Nebergall A and Greene ME and Rolfson O and Malchau H and Multicenter Writing Committee,https://pubmed.ncbi.nlm.nih.gov/30277997/,,,,"New materials in cementless total hip arthroplasty are continuously introduced into clinical practice. The objective of this study was to compare the radiographic and clinical performances of acetabular shells made with porous titanium coating (PTC) and plasma-sprayed titanium (PS). Data from a prospective multicenter study monitoring PTC and PS shells were analyzed. Three hundred and eighty patients (191 with PTC and 189 with PS) with postoperative (within 10 months after the operation) and 5-year radiographs were available for assessment of radiographic outcomes and patient-reported outcome measures (PROMs). A radiolucent distance between the cup and acetabulum of ≥0.5 mm was defined as a gap if it was found on a postoperative radiograph and as a radiolucency if it was found on a later follow-up radiograph for the first time. Postoperative gaps were more common with the PS shell (40% versus 24%, p < 0.001). However, a higher percentage of the gaps in the PTC group persisted at 5 years (56% versus 4%, p < 0.001). At 5 years, 23% of the PTC shells had a radiolucency versus 5% of the PS shells (p < 0.001). Logistic regression revealed a 5.2-fold increase in the odds for radiolucency with the PTC shell (p < 0.001). No patient underwent revision surgery due to acetabular component loosening within the study period. A PTC shell was the only factor associated with the risk of pain in a logistic regression model (odds ratio = 2.0, p = 0.035). PTC shells were associated with more patient-reported pain and a higher risk of radiolucency and a persistent gap at 5 years compared with the PS shells, although these outcomes were not related to each other. The clinical relevance of the radiographic findings is unclear as no prostheses were revised because of loosening, but the findings warrant additional follow-up studies. Therapeutic Level III. See Instructions for Authors for a complete description of levels of evidence.","RAYYAN-INCLUSION: {""Dhruv ""=>""Included""}",,,,
rayyan-637107013,Pre-operative sensor-based gait parameters predict functional outcome after total knee arthroplasty.,2018,1,1,Gait & posture,,,,,Kluge F and Hannink J and Pasluosta C and Klucken J and Gaßner H and Gelse K and Eskofier BM and Krinner S,https://pubmed.ncbi.nlm.nih.gov/30199778/,,,,"Despite the general success of total knee arthroplasty (TKA) regarding patient-reported outcome measures, studies investigating gait function have shown diverse functional outcomes. Mobile sensor-based systems have recently been employed for accurate clinical gait assessments, as they allow a better integration of gait analysis into clinical routines as compared to laboratory based systems. In this study, we sought to examine whether an accurate assessment of gait function of knee osteoarthritis patients with respect to surgery outcome evaluation after TKA using a mobile sensor-based gait analysis system is possible. A foot-worn sensor-based system was used to assess spatio-temporal gait parameters of 24 knee osteoarthritis patients one day before and one year after TKA, and in comparison to matched control participants. Patients were clustered into positive and negative responder groups using a heuristic approach regarding improvements in gait function. Machine learning was used to predict surgery outcome based on pre-operative gait parameters. Gait function differed significantly between controls and patients. Patient-reported outcome measures improved significantly after surgery, but no significant global gait parameter difference was observed between pre- and post-operative status. However, the responder groups could be correctly predicted with an accuracy of up to 89% using pre-operative gait parameters. Patients exhibiting high pre-operative gait function were more likely to experience a functional decrease after surgery. Important gait parameters for the discrimination were stride time and stride length. The early identification of post-surgical functional outcomes of patients is of great importance to better inform patients pre-operatively regarding surgery success and to improve post-surgical management.","RAYYAN-INCLUSION: {""Dhruv ""=>""Included""}",,,,
rayyan-637107023,Achieving Minimum Clinically Important Difference in Oxford Knee Score and Short Form-36 Physical Component Summary Is Less Likely with Single-Radius Compared with Multiradius Total Knee Arthroplasty in Asians.,2019,1,1,The journal of knee surgery,,,,,Lee WC and Bin Abd Razak HR and Allen JC and Chong HC and Tan HCA,https://pubmed.ncbi.nlm.nih.gov/29635649/,,,,"Single-radius (SR) and multiradius (MR) total knee arthroplasties (TKAs) have produced similar outcomes, albeit most studies originate from Western nations. There are known knee kinematic differences between Western and Asian patients after TKA. The aim of this study is to compare the short-term patient-reported outcome measures (PROMs) of SR-TKA versus MR-TKA in Asians. Registry data of 133 SR-TKA versus 363 MR-TKA by a single surgeon were analyzed. Preoperative and 2-year postoperative range of motion (ROM) and PROMs were compared with Student's t-test and Mann-Whitney U-test. Logistic regression model was used to evaluate the odds of SR-TKA or MR-TKA achieving the minimum clinically important difference (MCID) of studied outcomes. Patients in both groups had similar age (65.7 ± 7.6 vs. 65.8 ± 8.2 years; p = 0.317), gender proportion (71% females vs. 79% females; p = 0.119), and ethnic distribution (80% Chinese vs. 84% Chinese; p = 0.258). Preoperatively, there were no statistically significant differences between both groups for ROM, Knee Society Score (KSS), Oxford Knee Score (OKS), and Short Form (SF)-36 scores. At 2 years, all outcomes were statistically similar or failed to achieve a difference of MCID. Controlling for all preoperative variables, SR-TKA has significantly lower odds of achieving MCID for OKS (odds ratio [OR]: 0.275, 95% confidence interval [CI]: 0.114-0.663; p = 0.004) and SF-36 Physical Component Summary (PCS) (OR: 0.547; 95% CI: 0.316-0.946; p = 0.031) compared with MR-TKA. In conclusion, there are no significant differences in the absolute PROMs between SR-TKA and MR-TKA at 2 years following TKA in Asians. However, SR-TKA has significantly lower odds of achieving the MCID for OKS and SF-36 PCS.","RAYYAN-INCLUSION: {""Dhruv ""=>""Included""}",,,,
rayyan-637107026,Development and validation of a clinical prediction model for patient-reported pain and function after primary total knee replacement surgery.,2018,1,1,Scientific reports,,,,,Sanchez-Santos MT and Garriga C and Judge A and Batra RN and Price AJ and Liddle AD and Javaid MK and Cooper C and Murray DW and Arden NK,https://pubmed.ncbi.nlm.nih.gov/29467465/,,,,"To develop and validate a clinical prediction model of patient-reported pain and function after undergoing total knee replacement (TKR). We used data of 1,649 patients from the Knee Arthroplasty Trial who received primary TKR across 34 centres in the UK. The external validation included 595 patients from Southampton University Hospital, and Nuffield Orthopaedic Centre (Oxford). The outcome was the Oxford Knee Score (OKS) 12-month after TKR. Pre-operative predictors including patient characteristics and clinical factors were considered. Bootstrap backward linear regression analysis was used. Low pre-operative OKS, living in poor areas, high body mass index, and patient-reported anxiety or depression were associated with worse outcome. The clinical factors associated with worse outcome were worse pre-operative physical status, presence of other conditions affecting mobility and previous knee arthroscopy. Presence of fixed flexion deformity and an absent or damaged pre-operative anterior cruciate ligament (compared with intact) were associated with better outcome. Discrimination and calibration statistics were satisfactory. External validation predicted 21.1% of the variance of outcome. This is the first clinical prediction model for predicting self-reported pain and function 12 months after TKR to be externally validated. It will help to inform to patients regarding expectations of the outcome after knee replacement surgery.","RAYYAN-INCLUSION: {""Dhruv ""=>""Included""}",,,,
rayyan-637107027,From Early Radiographic Knee Osteoarthritis to Joint Arthroplasty: Determinants of Structural Progression and Symptoms.,2018,1,1,Arthritis care & research,,,,,Roemer FW and Kwoh CK and Fujii T and Hannon MJ and Boudreau RM and Hunter DJ and Eckstein F and John MR and Guermazi A,https://pubmed.ncbi.nlm.nih.gov/29438603/,,,,"To assess structural progression in knees with no/mild radiographic osteoarthritis (OA) (i.e., Kellgren/Lawrence [K/L] grades 0-2) that will undergo knee replacement during a 5-year period; to assess differences in structural damage on magnetic resonance imaging (MRI) in knees with no/mild radiographic OA versus those with severe radiographic OA (i.e., K/L grades 3 and 4) at baseline; and to assess differences in pain levels between those groups. All participants who underwent knee replacement from baseline to 60 months were drawn from the Osteoarthritis Initiative. MRIs were assessed for bone marrow lesions (BMLs), Hoffa synovitis, and effusion synovitis (i.e., hyperintensity signal changes in the fat pad and abnormal amount of capsular distension due to intraarticular joint fluid and/or synovial thickening) at baseline and at the time point before knee replacement (T0). The Western Ontario and McMaster Universities Osteoarthritis Index (WOMAC) and Knee Injury and Osteoarthritis Outcome Score (KOOS) pain were used for pain characterization. WOMAC activities of daily living and KOOS quality of life were applied to characterize functional status of the included participants. Logistic regression was used to assess the association of no/mild radiographic OA with these MRI features and pain. Based on inclusion criteria, 181 knees were selected. Participants were predominantly female (57.8%) with a mean age of 64.4 years. A total of 51 knees (28.2%) had no/mild radiographic OA at baseline. Of these, 51.0% progressed to severe radiographic OA. No/mild radiographic OA knees showed higher odds of BMLs in the patellofemoral joint at baseline (odds ratio [OR] 7.92 [95% confidence interval (95% CI) 3.45-18.16]) and T0 (OR 9.44 [95% CI 4.00-22.28]) compared to severe radiographic OA knees. In addition, no/mild radiographic OA knees were associated with change from no pain to pain from baseline to T0 (adjusted OR 5.48 [95% CI 1.25-24.00]). More than half of the knees with no/mild radiographic OA before knee replacement progressed to severe radiographic OA during 4 years of follow-up. BMLs in the patellofemoral joint were more often seen among knees that had no/mild radiographic OA. Worsening pain status may contribute to knee replacement in knees with no/mild radiographic OA.","RAYYAN-INCLUSION: {""Dhruv ""=>""Included""}",,,,
rayyan-637107028,"Three groups of dissatisfied patients exist after total knee arthroplasty: early, persistent, and late.",2018,1,1,The bone & joint journal,,,,,Clement ND and Bardgett M and Weir D and Holland J and Gerrand C and Deehan DJ,https://pubmed.ncbi.nlm.nih.gov/29437057/,,,,"The primary aim of this study was to assess whether patient satisfaction one year after total knee arthroplasty (TKA) changed with longer follow-up. The secondary aims were to identify predictors of satisfaction at one year, persistence of patient dissatisfaction, and late onset dissatisfaction in patients that were originally satisfied at one year. A retrospective cohort consisting of 1369 patients undergoing a primary TKA for osteoarthritis that had not undergone revision were identified from an established arthroplasty database. Patient demographics, comorbidities, Western Ontario and McMaster Universities Osteoarthritis Index (WOMAC) scores, and Short Form 12 (SF-12) questionnaire scores were collected preoperatively, and one and five years postoperatively. In addition, patient satisfaction was assessed at one and five years postoperatively. Logistic regression analysis was used to identify independent predictors of satisfaction at one and five years. The overall rate of satisfaction did not change from one (91.7%, n = 1255) to five (90.1%, n = 1234) years (p = 0.16). Approximately half (n = 53/114) of the patients who were dissatisfied at one year became satisfied with their TKA at five years, whereas 6% (n = 74/1255) of those who were satisfied at one year became dissatisfied at five years. At one year, patients with lung disease (p = 0.04), with depression (p = 0.001), with back pain (p < 0.001), undergoing unilateral TKA (p = 0.001), or with a worse preoperative WOMAC pain score (p = 0.04) were more likely to be dissatisfied. Patients with gastric ulceration (p = 0.04) and a worse WOMAC stiffness score (p = 0.047) were at increased risk of persistent dissatisfaction at five years. In contrast, a worse WOMAC pain score (p = 0.01) at one year was a predictor of dissatisfaction in previously satisfied patients at five years. Three groups of dissatisfied patients exist after TKA: 'early' dissatisfaction at one year, 'persistent' dissatisfaction with longer follow-up, and 'late' dissatisfaction developing in previously satisfied patients at one year. All three groups have different independent predictors of satisfaction, and potentially addressing risk factors specific to these groups may improve patient outcome and their satisfaction. Cite this article: Bone Joint J 2018;100-B:161-9.","RAYYAN-INCLUSION: {""Dhruv ""=>""Included""}",,,,
rayyan-637107029,Mepivacaine Spinal Anesthesia Facilitates Rapid Recovery in Total Knee Arthroplasty Compared to Bupivacaine.,2018,1,1,The Journal of arthroplasty,,,,,Mahan MC and Jildeh TR and Tenbrunsel TN and Davis JJ,https://pubmed.ncbi.nlm.nih.gov/29429882/,,,,"Mepivacaine as a spinal anesthetic for rapid recovery in total knee arthroplasty (TKA) has not been assessed. The purpose of this study is to compare spinal mepivacaine vs bupivacaine for postoperative measures in patients undergoing primary TKA. Retrospective review of a prospectively collected single-institution database was performed on 156 consecutive patients who underwent primary TKA. Fifty-three patients were administered mepivacaine and 103 patients were administered bupivacaine. Primary outcomes were urinary retention, length of stay, pain control, opioid consumption, and distance associated with physical therapy. Statistical analysis with univariate logistic regression was performed to evaluate the effect of anesthetic with primary outcomes. Patients undergoing TKA with mepivacaine had a shorter length of stay (28.1 ± 11.2 vs 33.6 ± 14.4 hours, P = .002) and fewer episodes of straight catheterization (3.8% vs 16.5%, P = .021) compared to bupivacaine. Patients administered mepivacaine exhibited slightly higher VAS pain scores and morphine consumption in the postanesthesia care unit (1.3 ± 1.9 vs 0.5 ± 1.3, P = .002; 2.2 ± 3.3 vs 0.8 ± 2.1 equivalents/h, P = .002), but otherwise exhibited no difference in VAS scores or morphine consumption afterwards. There was no need to convert to general anesthesia or transient neurologic symptom complication in either group. Mepivacaine for spinal anesthesia with TKA had adequate duration to complete the surgery and facilitated a more rapid recovery with less urinary complications and a shorter length of stay. Patients administered mepivacaine did not display worse pain control or transient neurologic symptoms afterwards.","RAYYAN-INCLUSION: {""Dhruv ""=>""Included""}",,,,
rayyan-637107030,Improved walking distance and range of motion predict patient satisfaction after TKA.,2018,1,1,"Knee surgery, sports traumatology, arthroscopy : official journal of the ESSKA",,,,,Van Onsem S and Verstraete M and Dhont S and Zwaenepoel B and Van Der Straeten C and Victor J,https://pubmed.ncbi.nlm.nih.gov/29423545/,,,,"The focus in the evaluation of total knee arthroplasty has shifted from objective measures of implant position and knee function, to patient-reported outcome measures (PROMs). The relation between these two measures was investigated and the possibility of prediction of the patient satisfaction level was evaluated by defining thresholds for improvement of (1) range of motion (ROM), (2) 6-min walk test (6MWT), (3) sit-to-stand test (STS) and (4) quadriceps force after TKA? Fifty-seven patients were prospectively tested at preoperative and 6 months postoperative intervals. The ROM, 6MWT, STS-test and quadriceps force were evaluated. Two clusters were created based on the postoperative KOOS, OKS and the satisfaction subscore of the new KSS, cluster 1 consisted of patients with good to excellent PROMs, cluster 2 of patients with poorer PROMs. Patients in each cluster were more similar to each other than to those in the other cluster. Receiver operating characteristic (ROC)-curve analysis was used to identify thresholds for the functional outcomes that established cluster allocation. Multiple logistic regression was used to define a model to predict cluster allocation. Patients with high postoperative PROMs (cluster 1 allocation) showed higher postoperative functional outcomes (p < 0.05). Thresholds for the improvement of ROM (≥ 5°, OR 6.3, 95% CI 1.23-31.84), 6MWT (≥ 50 m, OR 8.2, 95% CI 1.61-42.18) STS (≥ 1.05 s, OR 3, 95% CI 0.56-16.07) and normalized Q4 force (≥ 1.5 N/BMI, OR 2.5, 95% CI 0.49-12.89) were found to be predictors of cluster allocation. A model to predict the cluster allocation contained gender, ROM improvement and 6MWT improvement (sensitivity 91.1%, specificity 75%). Thresholds for improvement of functional parameters can predict the patient satisfaction cluster. Patients, who are male, improve on the 6-min walk test with 50 m or more and have an increased range of motion of 5° or more, compared to the preoperative situation, are 6-8 times more likely of being satisfied after TKA. These tests are easy to use in clinical practice and can predict the level of patient satisfaction after TKA. Level II, prognostic study.","RAYYAN-INCLUSION: {""Dhruv ""=>""Included""}",,,,
rayyan-637107031,Factors influencing postoperative length of stay in an enhanced recovery after surgery program for primary total knee arthroplasty.,2018,1,1,Journal of orthopaedic surgery and research,,,,,Zhang S and Huang Q and Xie J and Xu B and Cao G and Pei F,https://pubmed.ncbi.nlm.nih.gov/29394902/,,,,"Hospital length of stay (LOS) after primary total knee arthroplasty (TKA) has decreased obviously following the implementation of enhanced recovery after surgery (ERAS) program in the last few years. However, there are still some patients that cannot be discharged at early time for a variety of reasons, and it is necessary to explore factors leading to prolonged LOS. Therefore, the purpose of this study was to identify the complete preoperative, perioperative, and postoperative factors associated with prolonged postoperative LOS (PLOS) after primary TKA in a detailed ERAS program. In a consecutive series from July 2015 to March 2017, all patients who underwent unilateral elective primary TKA were included in the retrospective study. A PLOS greater than 3 days was considered a prolonged PLOS. Multivariable logistic regression analysis was performed to identify patient characteristics and relevant preoperative, perioperative, and postoperative variables that were associated with prolonged PLOS and postoperative complications. A total of 241 patients were included with a mean PLOS of 3.8 days. Prolonged PLOS was significantly associated with preoperative valgus deformity of the knee (OR 4.95, 95%CI 1.56-15.77, P = 0.007), increased serum level of interleukin-6 on postoperative day 1 (OR 1.01, 95%CI 1.00-1.03, P = 0.039), increased visual analogue scale pain score and serum level of C-reactive protein on postoperative day 3 (OR 2.56, 95%CI 1.28-5.13, P = 0.008; OR 1.01, 95%CI 1.00-1.03, P = 0.019), increased day to achieve 90° active knee flexion after surgery (OR 2.19, 95%CI 1.27-3.79, P = 0.005), and postoperative wound complications (OR 8.58, 95%CI 2.10-35.03, P = 0.003) and other minor complications (OR 6.04, 95%CI 2.40-15.19, P < 0.001). Preoperative pulmonary infection (OR 2.75, 95%CI 1.20-6.28, P = 0.016), American Society of Anesthesiologists score 3/4 (OR 2.14, 95%CI 1.01-4.52, P = 0.046), and utilization of catheter after surgery (OR 2.53, 95%CI 1.23-5.19, P = 0.012) were significantly associated with postoperative complications. Multiple factors were associated with prolonged PLOS and postoperative complications after TKA in the ERAS program. It is important to recognize all the factors to try to maximize the use of medical resources and ultimately optimize the care of our patients.","RAYYAN-INCLUSION: {""Dhruv ""=>""Included""}",,,,
rayyan-637107035,The effect of primary total knee arthroplasty on the incidence of falls and balance-related functions in patients with osteoarthritis.,2017,1,1,Scientific reports,,,,,Si HB and Zeng Y and Zhong J and Zhou ZK and Lu YR and Cheng JQ and Ning N and Shen B,https://pubmed.ncbi.nlm.nih.gov/29185496/,,,,"Knee osteoarthritis (OA) is an established risk factor for falls and balance impairment. This study investigated the incidence of falls, balance-related outcomes and risk factors for falls before and after primary total knee arthroplasty (TKA). Three hundred seventy-six OA patients scheduled to undergo TKA were included. Falls data within the preoperative, first postoperative and second postoperative years were collected, balance-related functions were assessed using the Assessment of Quality of Life (AQoL), WOMAC, Falls Efficacy Scale International (FES-I), Activities-specific Balance Confidence (ABC), knee extension strength, Berg Balance Scale (BBS) and Timed Up and Go (TUG) before surgery and 1 and 2 years after surgery. Compared with preoperative values, the incidence of falls significantly decreased (14.89%, 6.23% and 3.14% within the preoperative, first postoperative and second postoperative years, respectively) and the AQoL, WOMAC, FES-I, ABC, knee extension strength, BBS and TUG significantly improved after TKA. Logistic regression analysis revealed that Kellgren-Lawrence grade ≥ 3 of the contralateral knee was an independent risk factor for falls before and after TKA. Conclusively, primary TKA is associated with a reduced incidence of falls and improved balance-related functions, and the contralateral knee should be considered in the design of fall-prevention strategies in patients with OA.","RAYYAN-INCLUSION: {""Dhruv ""=>""Included""}",,,,
rayyan-637107037,"Unicompartmental Knee Arthroplasty Achieves Greater Flexion With No Difference in Functional Outcome, Quality of Life, and Satisfaction vs Total Knee Arthroplasty in Patients Younger Than 55 Years. A Propensity Score-Matched Cohort Analysis.",2018,1,1,The Journal of arthroplasty,,,,,Goh GS and Bin Abd Razak HR and Tay DK and Chia SL and Lo NN and Yeo SJ,https://pubmed.ncbi.nlm.nih.gov/28993076/,,,,"Improvements in surgical techniques, implant design, and adherence to indications have resulted in favorable outcomes after unicompartmental knee arthroplasty (UKA), particularly in an older population. However, no studies have compared the performance of contemporary UKA and total knee arthroplasty (TKA) in a young population. Prospectively collected registry data of 160 UKAs performed in 160 patients younger than 55 years were reviewed. Propensity scores generated using logistic regression were used to adjust for confounding variables of age, gender, body mass index, preoperative range of motion, Knee Society Score, Oxford Knee Score, and Short-Form 36, allowing matching of the TKA cohort to the UKA cohort in a 1:1 ratio using the nearest-neighbor method. The UKA group had significantly greater flexion at 6 months and 2 years (P < .001). There was no significant difference in Knee Society Score, Oxford Knee Score, and Short-Form 36. At 2 years, 89.4% and 88.8% of the TKA and UKA groups were satisfied (P = 1.00) while 86.9% and 86.3% had their expectations fulfilled (P = 1.00). At a mean follow-up of 7 years, there were 2 revisions in each group (2.2%). Although native knee biomechanics are preserved, younger patients do not seem to perceive this oft-cited benefit of UKA, as this did not translate into greater health-related quality of life or patient satisfaction compared to TKA. The theoretical advantages of UKA were not borne out by our findings, other than greater flexion up to 2 years postoperatively.","RAYYAN-INCLUSION: {""Dhruv ""=>""Included""}",,,,
rayyan-637107038,The Popularity of Outcome Measures for Hip and Knee Arthroplasties.,2018,1,1,The Journal of arthroplasty,,,,,Lovelock TM and Broughton NS and Williams CM,https://pubmed.ncbi.nlm.nih.gov/28939034/,,,,"The optimal methods of determining outcomes following hip and knee arthroplasty remain controversial. The objectives of this study were to determine the most frequently used outcome measures in randomized controlled trials (RCT) and study protocols registered with clinical trials registries (CTR) on hip and knee arthroplasty. A systematic search strategy was undertaken to identify the outcome measures used in RCT and CTR following joint arthroplasty. Databases searched included Embase, Ovid MEDLINE (including In-Process), Cochrane Central Register of Controlled Trials, CINAHL Plus, clinicaltrials.gov, ISRCTN registry, and ANZCTR. Differences in the use of outcome measures between RCT and CTR were assessed using logistic regression. There were 291 RCT and 113 CTR on hip arthroplasty and 452 RCT and 184 CTR on knee arthroplasty that met the inclusion criteria. The most popular outcome measures were the Harris Hip Score and the Knee Society Score. Multiple outcome measures were used in greater than 50% of the included studies. The Oxford Hip Score, Oxford Knee Score, EuroQol-5D, and Knee Injury and Osteoarthritis Outcome Score (all P < .001) were used in significantly more CTR than RCT. There is a clear preference for the use of the Harris Hip Score and Knee Society Score, contrary to existing international guidelines and reviews on the topic. Both measures require clinician input, which potentially influences their validity and increases their overall administration cost. Some patient-reported outcome measures, such as the Oxford Hip and Knee Scores, EuroQol-5D, and KOOS, appear to be increasing in popularity.","RAYYAN-INCLUSION: {""Dhruv ""=>""Included""}",,,,
rayyan-637107039,Reasons and Factors Behind Post-Total Knee Arthroplasty Dissatisfaction in an Asian Population.,2017,1,1,"Annals of the Academy of Medicine, Singapore",,,,,Huang Y and Lee M and Chong HC and Ning Y and Lo NN and Yeo SJ,https://pubmed.ncbi.nlm.nih.gov/28920130/,,,,"Up to 20% of patients who underwent total knee arthroplasty (TKA) reported dissatisfaction with surgical outcome. Despite the multiple studies looking into the factors contributing to patients' dissatisfaction, little research has been done to examine the subjective reasons and complaints patients have post-arthroplasty. This study aimed to look at an Asian patient population which underwent TKA and examine the factors contributing to patient dissatisfaction and the reasons they were dissatisfied with their surgery. A total of 3069 TKAs were performed between January 2011 to April 2013 in a single institution. Preoperative and postoperative variables were prospectively captured, such as standardised knee scores, knee range of motion and patient satisfaction scores. These variables were then analysed with a multiple logistic regression model to determine the statistically significant factors that contribute to patients' satisfaction. Dissatisfied patients were individually interviewed to find the reasons for their unhappiness. Preoperative variables were then analysed to identify the statistically significant factors associated with these subjective complaints. Minimum duration of follow-up was 2 years, with an overall patient satisfaction rate of 91.3%. Preoperative variables contributing to patient dissatisfaction included female gender and better knee flexion. Postoperative variables included lesser improvement in knee flexion at 6 months postoperatively, as well as poorer scores in various validated knee scores at both 6 months and 2 years postoperatively. The top reason for dissatisfaction was pain. Weakness, another reason for patient dissatisfaction, had statistically significant preoperative predictors of increased age and poorer Short-Form 36 Physical Component Score. Although TKA has an impressive patient satisfaction rate in this Asian population, factors contributing to postoperative dissatisfaction suggest a targeted group of patients would benefit from preoperative counselling. The top reason for postoperative dissatisfaction in the study was pain.","RAYYAN-INCLUSION: {""Dhruv ""=>""Included""}",,,,
rayyan-637107043,What Are the Preoperative Outcome Measures That Predispose to Periprosthetic Fractures After Primary Total Knee Arthroplasty?,2017,1,1,The Journal of arthroplasty,,,,,Lim JBT and Bin Abd Razak HR and Zainul-Abidin S and Allen JC and Koh JSB and Howe TS,https://pubmed.ncbi.nlm.nih.gov/28390885/,,,,"There is little known in the literature about whether preoperative patient-reported outcome measures (PROMs) would affect the risk of periprosthetic fractures (PPFs) after primary total knee arthroplasty (TKA). Our study aims to evaluate the predictive values of PROMs on PPF after primary TKA. We hypothesize that poorer PROMs are associated with a higher risk of PPF after primary TKA. We reviewed prospectively collected data in our hospital arthroplasty registry. Patients who sustained PPF after primary TKA between 2000 and 2015 were identified. Forty-two patients were identified and matched for gender, age, and body mass index to a control group of 84 patients who had primary TKA without PPF in a 2:1 ratio. Preoperative demographics, Short Form-36 (SF-36) scores, Oxford Knee score and Knee Society Score were evaluated. Variables of PROMs were entered into a multivariate logistic regression model. A variable was considered to be a significant predictor if its odds ratio was significant at P < .05. After multivariate regression analysis, SF-36 subdomains of physical functioning (PF) and vitality (VT) were identified as significant predictors for PPFs after primary TKA. A lower SF-36 PF and VT scores were associated with higher risks of sustaining a PPF after primary TKA. From our study, low preoperative SF-36 PF and VT scores are associated with a higher risk of PPFs after primary TKA. These results can allow the preoperative identification of patients at higher risk of PPF, and appropriate preoperative counseling, optimization, and close follow-up can be instituted for this at-risk group.","RAYYAN-INCLUSION: {""Dhruv ""=>""Included""}",,,,
rayyan-637107044,Posterior condylar offset is an independent predictor of functional outcome after revision total knee arthroplasty.,2017,1,1,Bone & joint research,,,,,Clement ND and MacDonald DJ and Hamilton DF and Burnett R,https://pubmed.ncbi.nlm.nih.gov/28360083/,,,,"Preservation of posterior condylar offset (PCO) has been shown to correlate with improved functional results after primary total knee arthroplasty (TKA). Whether this is also the case for revision TKA, remains unknown. The aim of this study was to assess the independent effect of PCO on early functional outcome after revision TKA. A total of 107 consecutive aseptic revision TKAs were performed by a single surgeon during an eight-year period. The mean age was 69.4 years (39 to 85) and there were 59 female patients and 48 male patients. The Oxford Knee Score (OKS) and Short-form (SF)-12 score were assessed pre-operatively and one year post-operatively. Patient satisfaction was also assessed at one year. Joint line and PCO were assessed radiographically at one year. There was a significant improvement in the OKS (10.6 points, 95% confidence interval (CI) 8.8 to 12.3) and the SF-12 physical component score (5.9, 95% CI 4.1 to 7.8). PCO directly correlated with change in OKS (p < 0.001). Linear regression analysis confirmed the independent effect of PCO on the OKS (p < 0.001) and the SF-12 physical score (p = 0.02). The overall rate of satisfaction was 85% and on logistic regression analysis improvement in the OKS (p = 0.002) was a significant predictor of patient satisfaction, which is related to PCO; although this was not independently associated with satisfaction. Preservation of PCO should be a major consideration when undertaking revision TKA. The option of increasing PCO to balance the flexion gap while maintaining the joint line should be assessed intra-operatively.Cite this article: N. D. Clement, D. J. MacDonald, D. F. Hamilton, R. Burnett. Posterior condylar offset is an independent predictor of functional outcome after revision total knee arthroplasty. Bone Joint Res 2017;6:172-178. DOI: 10.1302/2046-3758.63.BJR-2015-0021.R1.","RAYYAN-INCLUSION: {""Dhruv ""=>""Included""}",,,,
rayyan-637107045,Impact of total knee replacement practice: cost effectiveness analysis of data from the Osteoarthritis Initiative.,2017,1,1,BMJ (Clinical research ed.),,,,,Ferket BS and Feldman Z and Zhou J and Oei EH and Bierma-Zeinstra SM and Mazumdar M,https://pubmed.ncbi.nlm.nih.gov/28351833/,,,,"Objectives To evaluate the impact of total knee replacement on quality of life in people with knee osteoarthritis and to estimate associated differences in lifetime costs and quality adjusted life years (QALYs) according to use by level of symptoms.Design Marginal structural modeling and cost effectiveness analysis based on lifetime predictions for total knee replacement and death from population based cohort data.Setting Data from two studies-Osteoarthritis Initiative (OAI) and the Multicenter Osteoarthritis Study (MOST)-within the US health system.Participants 4498 participants with or at high risk for knee osteoarthritis aged 45-79 from the OAI with no previous knee replacement (confirmed by baseline radiography) followed up for nine years. Validation cohort comprised 2907 patients from MOST with two year follow-up.Intervention Scenarios ranging from current practice, defined as total knee replacement practice as performed in the OAI (with procedural rates estimated by a prediction model), to practice limited to patients with severe symptoms to no surgery.Main outcome measures Generic (SF-12) and osteoarthritis specific quality of life measured over 96 months, model based QALYs, costs, and incremental cost effectiveness ratios over a lifetime horizon.Results In the OAI, total knee replacement showed improvements in quality of life with small absolute changes when averaged across levels of confounding variables: 1.70 (95% uncertainty interval 0.26 to 3.57) for SF-12 physical component summary (PCS); -10.69 (-13.39 to -8.01) for Western Ontario and McMaster Universities arthritis index (WOMAC); and 9.16 (6.35 to 12.49) for knee injury and osteoarthritis outcome score (KOOS) quality of life subscale. These improvements became larger with decreasing functional status at baseline. Provision of total knee replacement to patients with SF-12 PCS scores <35 was the optimal scenario given a cost effectiveness threshold of $200 000/QALY, with cost savings of $6974 ($5789 to $8269) and a minimal loss of 0.008 (-0.056 to 0.043) QALYs compared with current practice. These findings were reproduced among patients with knee osteoarthritis from the MOST cohort and were robust against various scenarios including increased rates of total knee replacement and mortality and inclusion of non-healthcare costs but were sensitive to increased deterioration in quality of life without surgery. In a threshold analysis, total knee replacement would become cost effective in patients with SF-12 PCS scores ≤40 if the associated hospital admission costs fell below $14 000 given a cost effectiveness threshold of $200 000/QALY.Conclusion Current practice of total knee replacement as performed in a recent US cohort of patients with knee osteoarthritis had minimal effects on quality of life and QALYs at the group level. If the procedure were restricted to more severely affected patients, its effectiveness would rise, with practice becoming economically more attractive than its current use.","RAYYAN-INCLUSION: {""Dhruv ""=>""Included""}",,,,
rayyan-637107046,Intra-Articular Knee Injections Before Total Knee Arthroplasty: Outcomes and Complication Rates.,2017,1,1,The Journal of arthroplasty,,,,,Kokubun BA and Manista GC and Courtney PM and Kearns SM and Levine BR,https://pubmed.ncbi.nlm.nih.gov/28238583/,,,,"The relationship between intra-articular injections and complication rates after total knee arthroplasty (TKA) remains controversial. This study's purpose was to determine the relationship between the number and timing of intra-articular injections with complications and outcomes after TKA from a single surgeon's database. We retrospectively reviewed a series of 442 patients who underwent primary TKA from 2008-2015. Patient demographics, comorbidities, number and timing of ipsilateral intra-articular injections, and preoperative and postoperative functional outcome scores were recorded. Complications and infection rates at a minimum of 12-month follow-up were compared between patients who received 3 or less preoperative injections and those who received 4 or greater before TKA. Multivariate logistic regression analysis was performed to identify independent risk factors for complications and poor short-term outcomes after TKA. Of the 442 patients enrolled in the study, 390 patients (90%) received an ipsilateral injection before TKA. Patients receiving 4 or more injections (175 patients, 40%) did not have a difference in complication rate (14% vs 17%, P = .346), poor functional outcomes (6% vs 9%, P = .299), or infection rate (2% vs 4%, P = .286). When controlling for confounding variables, intra-articular corticosteroid, viscosupplementation, and any injection within 90 days were not associated with an increase in complications, infection, or poor functional outcomes after TKA (all P > .05). Our data suggest that there is no relationship between timing and number of intra-articular injections with complication rate, infection, or poor short-term functional outcomes. Further larger studies are needed to confirm these findings.","RAYYAN-INCLUSION: {""Dhruv ""=>""Included""}",,,,
rayyan-637107048,The Impact of Surgical Technique on Patient Reported Outcome Measures and Early Complications After Total Hip Arthroplasty.,2017,1,1,The Journal of arthroplasty,,,,,Sibia US and Turner TR and MacDonald JH and King PJ,https://pubmed.ncbi.nlm.nih.gov/27876253/,,,,"This study examines patient and surgeon reported outcome measures, complications during index admission, length of stay (LOS), and discharge disposition in a series of total hip replacements (THR) performed via the direct anterior (DA) or posterolateral (PL) approach. Five surgeons performed 2698 total hip replacements (1457 DA vs 1241 PL) between January 2010 and June 2015. Complications during index admission were recorded using billing and claims data. Harris Hip Scores (HHS) and Hip disability and Osteoarthritis Outcome Scores (HOOS) were collected in a subset of patients. Patients in the DA group had shorter LOS (2.3 DA vs 2.7 PL days, P < .001) and a larger proportion of patient discharges to home (79.0% DA vs 68.7% PL, P < .001). Surgical (0.75% DA vs 0.73% PL, P = .961) and medical (8.4% DA vs 8.1% PL, P = .766) complications during index admission were equivalent between groups. HHS (n = 462) favored the DA group at an early follow-up (P < .001), but did not differ at 1 year (P = .478). Logistic regression revealed that patients in the DA group were more likely to report no pain, no limp, walk unlimited distances, and climb stairs without the use of the railing at 3- to 6-month follow-up (P < .001). HOOSs were equivalent at all follow-ups regardless of approach. Patients in the DA group had shorter LOS and were more likely to be discharged home. The DA group had better HHS at 3- to 6-month follow-up than patients in the PL group, with no difference in medical or surgical complications during index admission.","RAYYAN-INCLUSION: {""Dhruv ""=>""Included""}",,,,
rayyan-637107049,Comparison of the extent to which total hip and total knee arthroplasty restore patient-reported physical function.,2016,1,1,Osteoarthritis and cartilage,,,,,Glass NA and Segal NA and Callaghan JJ and Clark CR and Noiseux NO and Gao Y and Johnston R,https://pubmed.ncbi.nlm.nih.gov/27349459/,,,,"To evaluate the extent to which elective total hip arthroplasty (THA) and total knee arthroplasty (TKA) for osteoarthritis (OA) restore normal patient-reported physical function in men and women. Pain and physical function (WOMAC-PF) were prospectively measured pre- and post-operatively. The relationship between surgical procedure and achieving physical function equivalent to age and sex-matched adults with no hip or knee joint problems was modeled using sex-specific logistic regression. Percent change in function was also compared between groups using sex-specific generalized linear models adjusted for age, BMI, pain, comorbid conditions, time from surgery, and subsequent surgery. Individuals with pre- and post-operative WOMAC data were classified exclusively into either THA (287M:306F) or TKA (239M:424F) groups. The median follow-up was 476 (THA) and 474 (TKA) days for men, and 495 (THA) and 526 (TKA) days for women. women with THA compared with TKA were more likely to achieve a normal level of postoperative PF while there were no significant differences between procedures in men. Additional analyses: we found slightly lower preoperative PF in THA compared with TKA. This difference resolved postoperatively in men, but women who underwent THA reported greater improvement and better PF than those who had TKA. In women, THA results in greater improvement in WOMAC-PF at approximately 1-year follow-up and better approximates physical function of community-dwelling older adults without OA than TKA does. In contrast, in men, a lack of between-group post-operative WOMAC-PF differences suggests that procedures result in a similar degree of improvement.","RAYYAN-INCLUSION: {""Dhruv ""=>""Included""}",,,,
rayyan-637107055,Robotics in Arthroplasty: A Comprehensive Review.,2016,1,1,The Journal of arthroplasty,,,,,Jacofsky DJ and Allen M,https://pubmed.ncbi.nlm.nih.gov/27325369/,,,,"Robotic-assisted orthopedic surgery has been available clinically in some form for over 2 decades, claiming to improve total joint arthroplasty by enhancing the surgeon's ability to reproduce alignment and therefore better restore normal kinematics. Various current systems include a robotic arm, robotic-guided cutting jigs, and robotic milling systems with a diversity of different navigation strategies using active, semiactive, or passive control systems. Semiactive systems have become dominant, providing a haptic window through which the surgeon is able to consistently prepare an arthroplasty based on preoperative planning. A review of previous designs and clinical studies demonstrate that these robotic systems decrease variability and increase precision, primarily focusing on component positioning and alignment. Some early clinical results indicate decreased revision rates and improved patient satisfaction with robotic-assisted arthroplasty. The future design objectives include precise planning and even further improved consistent intraoperative execution. Despite this cautious optimism, many still wonder whether robotics will ultimately increase cost and operative time without objectively improving outcomes. Over the long term, every industry that has seen robotic technology be introduced, ultimately has shown an increase in production capacity, improved accuracy and precision, and lower cost. A new generation of robotic systems is now being introduced into the arthroplasty arena, and early results with unicompartmental knee arthroplasty and total hip arthroplasty have demonstrated improved accuracy of placement, improved satisfaction, and reduced complications. Further studies are needed to confirm the cost effectiveness of these technologies.","RAYYAN-INCLUSION: {""Dhruv ""=>""Included""}",,,,
rayyan-637107058,Age and Preoperative Knee Society Score Are Significant Predictors of Outcomes Among Asians Following Total Knee Arthroplasty.,2016,1,1,The Journal of bone and joint surgery. American volume,,,,,Bin Abd Razak HR and Tan CS and Chen YJ and Pang HN and Tay KJ and Chin PL and Chia SL and Lo NN and Yeo SJ,https://pubmed.ncbi.nlm.nih.gov/27147686/,,,,"The ability to predict patients' functional outcomes will add value to preoperative counseling. The purpose of this study was to evaluate predictors of good outcomes following total knee arthroplasty (TKA) among Asian patients. Registry data from 2006 to 2010 were extracted. The Oxford Knee Score (OKS) and the Short Form (SF)-36 physical component summary (PCS) were used to evaluate outcomes. A ""good outcome"" was defined as an improvement in scores of greater than or equal to the minimal clinically important difference (MCID) in the primary analysis. The MCID for the OKS was 5, and the MCID for the PCS was 10. For the sensitivity analyses, a ""good outcome"" was defined as an OKS of <30 and a PCS score of >50. Clinical variables were used to develop a multiple logistic regression model for a good outcome following total knee arthroplasty at 5 years. Follow-up data were available for 3,062 patients who underwent primary TKA (mean age of 66.4 years; 79.5% female). Eighty-five percent had a good outcome on the basis of the OKS and 83%, on the basis of the SF-36 PCS. Age and preoperative Knee Society score (KSS) were found to be significant predictors. When outcomes were assessed by the MCID, lesser age and lower (worse) preoperative KSS predicted a good outcome at 5 years. When outcomes were assessed by absolute criteria (postoperative scores measured against OKS and PCS thresholds), a higher (better) preoperative KSS predicted a good outcome at 5 years. Body mass index, preoperative flexion range, SF-36 mental component summary (MCS) score, mechanical alignment, sex, education level, ethnicity, operative side, number of comorbidities, type of anesthesia, and type of implant were found not to be significant predictors. The majority of Asian patients with osteoarthritis had good outcomes according to the MCID criterion and benefitted from primary TKA. On the basis of our findings, we believe that older patients with a lower (worse) preoperative KSS can be informed that they have a high likelihood of improvement but a lower likelihood of achieving as good a functional outcome as those with better scores. Prognostic Level IV. See Instructions for Authors for a complete description of levels of evidence.","RAYYAN-INCLUSION: {""Dhruv ""=>""Included""}",,,,
rayyan-637107059,Patient preferences for total knee replacement surgery: Relationship to clinical outcomes and stability of patient preferences over 2 years.,2016,1,1,Seminars in arthritis and rheumatism,,,,,Vina ER and Ran D and Ashbeck EL and Ibrahim SA and Hannon MJ and Zhou JJ and Kwoh CK,https://pubmed.ncbi.nlm.nih.gov/27132535/,,,,"Evaluate the relationship between patient preferences for total knee replacement (TKR) with receipt of TKR, and assess participant characteristics that may influence change in willingness to undergo TKR. Structured interviews of knee osteoarthritis (OA) patients were conducted. Logistic regression models were conducted to assess the association between baseline willingness and eventual receipt of TKR, adjusted for sociodemographic and clinical variables. Mixed models for repeated measures were used to estimate the effects of sex, race, social support, Δ WOMAC, and orthopedic consult on change in willingness. A total of 589 participants were willing, and 215 participants were unwilling to undergo TKR. Willing participants, compared to others, were more often White (69.4% vs. 48.4%), with more than a high school education (60.8% vs. 47.0%) and employed (39.1% vs. 26.5%). At follow-up, the odds of having TKR were twice as high among those who were willing to have the procedure at baseline, but this was no longer significant when adjusted for demographic variables (adjusted OR = 1.82, 95% CI: 0.89-3.69). Willingness to undergo TKR declined over 2 years. Among those who were willing to undergo TKR at baseline but did not obtain one, only 66.5% were still willing at the 2-year follow-up. This decline was less among those who had a greater increase (>median) in WOMAC disability (adjusted Δ = -0.34, 95% CI: -0.47 to -0.20) than those who had minimal change in their WOMAC disability (p = 0.08). The decline in willingness was also less among those who had seen an orthopedic surgeon (adjusted Δ = -0.32, 95% CI: -0.46 to -0.17) than those who did not (p = 0.05). Preference for TKR was consistent with TKR surgery utilization, but not after controlling for patient demographic characteristics. Willingness to undergo TKR declined over time, but this decrease was mitigated by worsening OA-related disability and by consultation with an orthopedic surgeon.","RAYYAN-INCLUSION: {""Dhruv ""=>""Included""}",,,,
rayyan-637107065,Robot-assisted total knee arthroplasty in haemophilic arthropathy.,2016,1,1,Haemophilia : the official journal of the World Federation of Hemophilia,,,,,Kim KI and Kim DK and Juh HS and Khurana S and Rhyu KH,https://pubmed.ncbi.nlm.nih.gov/26856395/,,,,"Execution of total knee arthroplasty (TKA) in end-stage haemophilic arthropathy is challenging because of soft tissue fibrosis, flexion contractures, poor quality of the bone, and the altered bony anatomy. Restoring the lower limb alignment and achieving range of motion (ROM) is difficult. Robots have been used in TKA to reduce the chances of malalignment and improve accuracy and precision. However, there has been no report in literature on use of robots for TKA in haemophilic arthropathy. The aim of this study was to evaluate whether robot-assisted TKA can be successfully carried out in haemophilic arthropathy and what precision could be obtained. Thirty-two robot-assisted TKA were evaluated in 29 haemophilia patients. The mean follow up period was 5 years (range, 3-7 years). Hip-knee-ankle (HKA) axis, component angles, and radiographic loosening were evaluated. Clinically ROM, Knee Society scores (KSS) and SF-36 were assessed. The HKA axis was within a range of 0 ± 3° in 30 knees (93.8%). The alignment of the components also presented satisfying results. KSS were improved from 27.1 to 82.8 postoperatively (P < 0.001). The ROM was improved from 70.7 to 84.7 postoperatively (P = 0.006). Complications included early haematoma in three knees, heterotopic ossification in three knees, periprosthetic infection in two knees. Though robotic TKA gives excellent accuracy of lower limb and component alignment, expensive cost, additional preparation time, longer operation time with similar clinical results in haemophilic arthropathy should be concerned.","RAYYAN-INCLUSION: {""Dhruv ""=>""Included""}",,,,
rayyan-637107071,Improvement following total knee replacement surgery: Exploring preoperative symptoms and change in preoperative symptoms.,2016,1,1,Seminars in arthritis and rheumatism,,,,,Vina ER and Hannon MJ and Kwoh CK,https://pubmed.ncbi.nlm.nih.gov/26573377/,,,,"To determine whether changes in preoperative osteoarthritis (OA) symptoms are associated with improvement after total knee replacement (TKR) and to identify predictors of clinically significant improvement. Data on Osteoarthritis Initiative participants who were annually assessed and underwent TKR were included. T0 was the assessment prior to TKR while T-1 was the assessment prior to that. T+2 was the second assessment after TKR. We compiled data on the Western Ontario and McMaster Universities OA Index (WOMAC), OA-related symptoms, and radiographic severity. We defined clinically significant improvement as improvement in WOMAC total score ≥ to the minimal important difference (MID) (0.5 SD of mean change) between T0 and T+2 and also considered other definitions of improvement. Logistic regression models were performed to evaluate the relationship between improvement and preoperative measures. Improved (n = 211) compared to unimproved (n = 58) patients had greater worsening of their WOMAC pain (p = 0.002) and disability (p < 0.001) from T-1 to T0. Preoperative measures as predictors of improvement included higher WOMAC disability (OR = 1.08, p < 0.001), presence of chronic OA symptoms in the surgical knee (OR = 5.77, p = 0.033), absence of OA-related symptoms in the contralateral knee (OR = 9.25, p < 0.001), exposure to frequent knee bending (OR = 3.46, p = 0.040), and having a Kellgren-Lawrence x-ray grade of ≥2 in the contralateral knee (OR = 4.71, p = 0.010). More than 75% of participants had improvement after TKR. Improved patients were more likely to have escalation of OA pain and disability prior to surgery than unimproved patients. Other preoperative measures predicted improvement after TKR.","RAYYAN-INCLUSION: {""Dhruv ""=>""Included""}",,,,
rayyan-637107073,A randomized trial to compare exercise treatment methods for patients after total knee replacement: protocol paper.,2015,1,1,BMC musculoskeletal disorders,,,,,Piva SR and Moore CG and Schneider M and Gil AB and Almeida GJ and Irrgang JJ,https://pubmed.ncbi.nlm.nih.gov/26474988/,,,,"Although the outcome of total knee replacement (TKR) is favorable, surgery alone fails to resolve the functional limitations and physical inactivity that existed prior to surgery. Exercise is likely the only intervention capable of improving these persistent limitations, but exercises have to be performed with intensity sufficient to promote significant changes, at levels that cannot be tolerated until later stages post TKR. The current evidence is limited regarding the effectiveness of exercise at a later stage post TKR. To that end, this study aims to compare the outcomes of physical function and physical activity between 3 treatment groups: clinic-based individual outpatient rehabilitative exercise during 12 weeks, community-based group exercise classes during 12 weeks, and usual medical care (wait-listed control group). The secondary aim is to identify baseline predictors of functional recovery for the exercise groups. This protocol paper describes a comparative effectiveness study, designed as a 3-group single-blind randomized clinical trial. Two hundred and forty older adults who underwent TKR at least 2 months prior will be randomized into one of the three treatment approaches. Data will be collected at baseline, 3 months, and 6 months. The wait-listed control group will be randomized to one of the 2 exercise groups after 6 months of study participation, and will complete a 9-month follow-up. Primary outcome is physical function measured by the Western Ontario and McMaster Universities Osteoarthritis Index Physical Function Subscale (WOMAC-PF). Physical function is also measured by performance-based tests. Secondary outcomes include performance-based tests and physical activity assessed by a patient-reported survey and accelerometry-based physical activity monitors. Exploratory outcomes include adherence, co-interventions, attrition, and adverse events including number of falls. Linear mixed models will be fitted to compare the changes in outcome across groups. Logistic regression will identify patient characteristics that predict functional recovery in the exercise groups. Instrumental variable methods will be used to estimate the efficacy of the interventions in the presence of non-compliance. Results will inform recommendations on exercise programs to improve physical function and activity for patients at the later stage post TKR and help tailor interventions according with patients' characteristics. ClinicalTrials.gov Identifier NCT02237911.","RAYYAN-INCLUSION: {""Dhruv ""=>""Included""}",,,,
rayyan-637107075,Robot-assisted primary cementless total hip arthroplasty with a short femoral stem: a prospective randomized short-term outcome study.,2015,1,1,Computer aided surgery : official journal of the International Society for Computer Aided Surgery,,,,,Lim SJ and Ko KR and Park CW and Moon YW and Park YS,https://pubmed.ncbi.nlm.nih.gov/26291307/,,,,"Recently, two topical issues in total hip arthroplasty (THA) have been robot-assisted surgery and use of a short stem. The purpose of this study was to evaluate the effects of robotic milling on the accuracy of short femoral stem positioning and on the short-term clinical outcome in THA using a prospective, randomized design. We randomized 54 patients into two groups, either robotic milling group or manual rasping group. The patients were assessed clinically and radiographically at 8 weeks, 5 months, 12 months, and 24 months. Robotic milling group had a significantly longer operation time, requiring on average 8.9 min for registration and 11.2 min for milling. On the other hand, robotic milling group showed superior results in terms of stem alignment and leg length equality. Two intraoperative femoral fractures occurred only in manual rasping group. Harris hip scores and WOMAC scores at 24 months postoperatively were similar in both groups. No complications including stem loosening, infection, nerve palsy, or dislocation were encountered in either group during the follow-up period. The present study suggested that robot-assisted short stem THA could increase the accuracy of stem alignment, improve leg length equality, and help reduce the risk of intraoperative femoral fracture as compared with manual rasping. However, the clinical outcome scores did not differ between the two groups at the time of short-term follow-up. Long-term follow-up is needed to determine whether there will be a long-term clinical relevance of robot-assisted implantation of short femoral stems in THA.","RAYYAN-INCLUSION: {""Dhruv ""=>""Included""}",,,,
rayyan-637107078,Patients' expectations about total knee arthroplasty outcomes.,2016,1,1,Health expectations : an international journal of public participation in health care and health policy,,,,,de Achaval S and Kallen MA and Amick B and Landon G and Siff S and Edelstein D and Zhang H and Suarez-Almazor ME,https://pubmed.ncbi.nlm.nih.gov/25684135/,,,,"The aim of this study was to ascertain Patients' pre-operative expectations of total knee arthroplasty (TKA) recovery. Two hundred and thirty-six patients with knee osteoarthritis (OA) who underwent TKA completed self-administered questionnaires before their surgery. Patients' expectations of time to functional recovery were measured using an ordinal time-response scale to indicate expected time to recovery for each of 10 functional activities. Expected time to recovery was dichotomized into short- and long-term expectations for recovery of each activity using median responses. Knee pain and function were ascertained using the Western Ontario and McMaster Universities Osteoarthritis Index (WOMAC). Other measures included the SF-36, the Depression, Anxiety and Stress Scale (DASS) and the Medical Outcomes Study Social Support Survey (MOS-SSS). Multivariate logistic regression was used to identify pre-operative characteristics associated with short- vs. long-term expectations. Sixty-five percent of the patients were females and 70% Whites; mean age was 65 years. Patients were optimistic about their time to functional recovery: over 65% of patients expected functional recovery within 3 months. Over 80% of the patients expected to perform 8 of the 10 activities within 3 months. Patients who expected to be able to perform the functional activities in <6 weeks were more likely to be younger, male, and have lower self-reported pain and better general health before surgery compared to those who expected to be able to perform the activities 3 months post-surgery or later. Pre-operative patient characteristics may be important to evaluate when considering individual Patients' expectations of post-operative outcomes.","RAYYAN-INCLUSION: {""Dhruv ""=>""Included""}",,,,
rayyan-637107079,Adverse reaction to metal debris after Birmingham hip resurfacing arthroplasty.,2015,1,1,Acta orthopaedica,,,,,Junnila M and Seppänen M and Mokka J and Virolainen P and Pölönen T and Vahlberg T and Mattila K and Tuominen EK and Rantakokko J and Äärimaa V and Itälä A and Mäkelä KT,https://pubmed.ncbi.nlm.nih.gov/25582189/,,,,"Concern has emerged about local soft-tissue reactions after hip resurfacing arthroplasty (HRA). The Birmingham Hip Resurfacing (BHR) was the most commonly used HRA device at our institution. We assessed the prevalence and risk factors for adverse reaction to metal debris (ARMD) with this device. From 2003 to 2011, BHR was the most commonly used HRA device at our institution, with 249 implantations. We included 32 patients (24 of them men) who were operated with a BHR HRA during the period April 2004 to March 2007 (42 hips; 31 in men). The mean age of the patients was 59 (26-77) years. These patients underwent magnetic resonance imaging (MRI), serum metal ion measurements, the Oxford hip score questionnaire, and physical examination. The prevalence of ARMD was recorded, and risk factors for ARMD were assessed using logistic regression models. The mean follow-up time was 6.7 (2.4-8.8) years. 6 patients had a definite ARMD (involving 9 of the 42 hips). 8 other patients (8 hips) had a probable ARMD. Thus, there was definite or probable ARMD in 17 of the 42 hips. 4 of 42 hips were revised for ARMD. Gender, bilateral metal-on-metal hip replacement and head size were not factors associated with ARMD. We found that HRA with the Birmingham Hip Resurfacing may be more dangerous than previously believed. We advise systematic follow-up of these patients using metal ion levels, MRI/ultrasound, and patient-reported outcome measures.","RAYYAN-INCLUSION: {""Dhruv ""=>""Included""}",,,,
rayyan-637107082,Patients with rheumatoid arthritis are more likely to have pain and poor function after total hip replacements than patients with osteoarthritis.,2014,1,1,The Journal of rheumatology,,,,,Goodman SM and Ramsden-Stein DN and Huang WT and Zhu R and Figgie MP and Alexiades MM and Mandl LA,https://pubmed.ncbi.nlm.nih.gov/25086070/,,,,"Total hip replacement (THR) outcomes have been worse for patients with rheumatoid arthritis (RA) compared with those who have osteoarthritis (OA). Whether this remains true in contemporary patients with RA with a high use of disease-modifying and biologic therapy is unknown. The purpose of our study is to assess pain, function, and quality of life 2 years after primary THR, comparing patients with RA and patients with OA. Baseline and 2-year data were compared between validated patients with RA and patients with OA who were enrolled in a single-center THR registry between May 1, 2007, and February 25, 2011. There were 5666 eligible primary THR identified, of which 193 were for RA. RA THR had worse baseline Western Ontario and McMaster Universities Osteoarthritis Index (WOMAC) pain (44.8 vs 53.2, p < 0.001) and function (38.7 vs 49.9, p < 0.001) compared with OA. These differences remained after surgery: pain (88.4 vs 94.0, p < 0.001) and function (82.9 vs 91.8, p < 0.001). Patients with RA were as likely to have a significant improvement as patients with OA (Δ WOMAC > 10) in pain (94% vs 96%, p = 0.35) and function (95% vs 94%, p = 0.69), but were 4 times as likely to have worse function (WOMAC ≤ 60; 19% vs 4%, p < 0.001) and pain (12% vs 3%, p < 0.001). In multivariate logistic regression controlling for multiple potential confounders, RA increased the odds of poor postoperative function (OR 4.32, 95% CI 1.57-11.9), and in patients without a previous primary THR, worse postoperative pain (OR 3.17, 95% CI 1.06-9.53). Contemporary patients with RA have significant improvements in pain and function after THR, but higher proportions have worse 2-year pain and function. In addition, RA is an independent predictor of 2-year pain and poor function after THR, despite high use of disease-modifying therapy.","RAYYAN-INCLUSION: {""Dhruv ""=>""Included""}",,,,
rayyan-637107084,Surveillance of Patients with Metal-on-Metal Hip Resurfacing and Total Hip Prostheses: A Prospective Cohort Study to Investigate the Relationship Between Blood Metal Ion Levels and Implant Failure.,2014,1,1,The Journal of bone and joint surgery. American volume,,,,,Hart AJ and Sabah SA and Sampson B and Skinner JA and Powell JJ and Palla L and Pajamäki KJ and Puolakka T and Reito A and Eskelinen A,https://pubmed.ncbi.nlm.nih.gov/24990974/,,,,"We designed a prospective, single-center study to assess whether blood metal ion levels could predict implant failure in patients managed with unilateral metal-on-metal hip resurfacing or total hip arthroplasty. Five hundred and ninety-seven patients who had received unilateral Articular Surface Replacement prostheses at least twelve months earlier were recruited. Blood metal ion levels were compared between the group of patients with failed implants and the group with non-failed implants. Implant failure was defined as prostheses associated with revision, an intention to revise, or poor patient-reported hip function (Oxford Hip Score, <31 of 48). Specificity, sensitivity, area under the curve, positive and negative predictive values, and odds ratios were calculated. Logistic regression analysis was used to identify other risk factors for implant failure. Patients with failed arthroplasty had significantly higher blood cobalt and chromium ion levels than did patients with non-failed arthroplasty (p < 0.01). Blood cobalt ion levels were disproportionately raised in patients with failed total hip arthroplasty (8.2 μg/L) compared with patients with failed hip resurfacing (2.5 μg/L) (p = 0.018). Blood chromium ion levels were not significantly different in patients with failed total hip arthroplasty and failed hip resurfacing (p = 0.058). The maximum value of either metal ion had good discriminant ability to predict implant failure (area under the curve, 0.76). A 7-μg/L cutoff had a positive predictive value of 0.75 (95% confidence interval, 0.66 to 0.82) and a negative predictive value of 0.82 (95% confidence interval, 0.78 to 0.86). In patients managed with total hip arthroplasty, for each increase of 1 μg/L there was a 23% (p < 0.001) increase in the odds of them being in the failed group. For patients managed with hip resurfacing, the increase in odds was 5% (p < 0.001). Raised levels of blood metal ions were associated with failed metal-on-metal hip resurfacings and total hip arthroplasties. A threshold level of 7 μg/L had inadequate sensitivity to be used in isolation as a screening test for implant failure, but it provided nearly optimal misclassification rates. No level had a perfect positive predictive value, and so we discourage surgeons from performing revision surgery based on blood metal ion levels alone. Levels of cobalt ions were raised out of proportion to levels of chromium ions in failed total hip arthroplasty and may reflect a different mechanism for metal ion generation. Therapeutic Level III. See Instructions for Authors for a complete description of levels of evidence.","RAYYAN-INCLUSION: {""Dhruv ""=>""Included""}",,,,
rayyan-637107085,New total knee arthroplasty designs: do young patients notice?,2015,1,1,Clinical orthopaedics and related research,,,,,Nunley RM and Nam D and Berend KR and Lombardi AV and Dennis DA and Della Valle CJ and Barrack RL,https://pubmed.ncbi.nlm.nih.gov/24903823/,,,,"Although the volume of total knee arthroplasties (TKAs) performed in the United States continues to increase, recent reports have shown the percentage of patients who remain ""unsatisfied"" is as high as 15% to 30%. Recently, several newer implant designs have been developed to potentially improve patient outcomes. The purpose of this study was to determine the impact of high-flex, gender-specific, and rotating-platform TKA designs on patient satisfaction and functional outcomes. A four-center study was designed to quantify the degree of residual symptoms and functional deficits in patients undergoing TKA with newer implant designs compared with a 10-year-old, cruciate-retaining (CR) TKA system introduced in 2003. Each contributing surgeon was fellowship-trained and specialized in joint replacement surgery. Only patients younger than 60 years old were included. Data were collected by an independent, third-party survey center blinded to the implant type, who administered questionnaires about patient satisfaction, residual symptoms, function, and pre- and postoperative activity levels using previously published survey instruments. Two hundred thirty-seven CR, 137 rotating-platform, 88 gender-specific, and 65 high-flex TKAs were included in the analysis. Differences in baseline demographic variables were accounted for using multiple logistic regression statistical analyses. Patients who received certain newer designs reported more residual symptoms (grinding, popping, and clicking) in the 30 days before survey administration than the group receiving a 10-year-old CR design (CR, 24% [57 of 237 patients] versus gender-specific, 36% [32 of 88 patients]; odds ratio [OR], 2.1; 95% confidence interval [CI], 1.1-3.8; p=0.03; and rotating-platform, 43% [59 of 137 patients]; OR, 2.2; 95% CI, 1.3-3.7; p<0.001). They also reported more functional problems, including getting in and out of a chair (CR, 19% [46 of 237 patients] versus gender-specific, 37% [32 of 88 patients]; OR, 1.0; 95% CI, 1.1-3.5; p=0.001). Patients with newer TKA designs did not demonstrate any improvements in function or patient satisfaction versus those who received the 10-year-old CR design. When interviewed by an independent, blinded third party, the use of newer implant designs did not improve patient satisfaction and the presence of residual symptoms when compared with patients who received the 10-year-old CR design. Future studies should prospectively determine whether the purported benefits of newer implant designs improve patient-perceived outcomes. Level III, therapeutic study. See Guidelines for Authors for a complete description of levels of evidence.","RAYYAN-INCLUSION: {""Dhruv ""=>""Included""}",,,,
rayyan-637107087,A predictive model for knee joint replacement in older women.,2013,1,1,PloS one,,,,,Lewis JR and Dhaliwal SS and Zhu K and Prince RL,https://pubmed.ncbi.nlm.nih.gov/24349541/,,,,"Knee replacement (KR) is expensive and invasive. To date no predictive algorithms have been developed to identify individuals at high risk of surgery. This study assessed whether patient self-reported risk factors predict 10-year KR in a population-based study of 1,462 women aged over 70 years recruited for the Calcium Intake Fracture Outcome Study (CAIFOS). Complete hospital records of prevalent (1980-1998) and incident (1998-2008) total knee replacement were available via the Western Australian Data Linkage System. Potential risk factors were assessed for predicative ability using a modeling approach based on a pre-planned selection of risk factors prior to model evaluation. There were 129 (8.8%) participants that underwent KR over the 10 year period. Baseline factors including; body mass index, knee pain, previous knee replacement and analgesia use for joint pain were all associated with increased risk, (P < 0.001). These factors in addition to age demonstrated good discrimination with a C-statistic of 0.79 ± 0.02 as well as calibration determined by the Hosmer-Lemeshow Goodness-of-Fit test. For clinical recommendations, three categories of risk for 10-year knee replacement were selected; low < 5%; moderate 5 to < 10% and high ≥ 10% predicted risk. The actual risk of knee replacement was; low 16 / 741 (2.2%); moderate 32 / 330 (9.7%) and high 81 / 391 (20.7%), P < 0.001. Internal validation of this 5-variable model on 6-year knee replacements yielded a similar C-statistic of 0.81 ± 0.02, comparable to the WOMAC weighted score; C-statistic 0.75 ± 0.03, P = 0.064. In conclusion 5 easily obtained patient self-reported risk factors predict 10-year KR risk well in this population. This algorithm should be considered as the basis for a patient-based risk calculator to assist in the development of treatment regimens to reduce the necessity for surgery in high risk groups such as the elderly.","RAYYAN-INCLUSION: {""Dhruv ""=>""Included""}",,,,
rayyan-637107088,Diabetes: a risk factor for poor functional outcome after total knee arthroplasty.,2013,1,1,PloS one,,,,,Singh JA and Lewallen DG,https://pubmed.ncbi.nlm.nih.gov/24236080/,,,,"To assess the association of diabetes with postoperative limitation of activities of daily living (ADLs) after primary total knee arthroplasty (TKA). We used the prospectively collected data from the Mayo Clinic Total Joint Registry to assess the association of diabetes and diabetes with complications with moderate-severe ADL limitation 2- and 5-years after primary TKA. Multivariable logistic regression with general estimating equations adjusted for preoperative ADL limitation, comorbidity and demographic and clinical covariates. Odds ratio (OR) and 95% confidence interval (CI) are presented. 7,139 primary TKAs at 2-years and 4,234 at 5-years constituted the cohorts. In multivariable-adjusted analyses, diabetes was associated with higher odds of moderate-severe limitation at 2- and 5-years, 1.71 (95% CI: 1.26, 2.32; P = 0.001) and 1.66 (95% CI: 1.13, 2.46; P = 0.01). Respective ORs for patients with diabetes with complications were 2.73 (95% CI: 1.47, 5.07; P = 0.001) and 2.73 (95% CI: 1.21, 6.15; P = 0.016). Sensitivity analyses that adjusted for anxiety and depression or anxiety, depression and ipsilateral hip involvement showed minimal attenuation of magnitude of the association. In this large study of patients who underwent primary TKA, diabetes as well as its severity were independently associated with poorer functional outcome. Given the increasing rates of both diabetes as well as arthroplasty, more insight is needed into disease-related and treatment-related factors that underlie this higher risk of ADL limitation in patients with diabetes. Poor functional outcomes may be preventable by modifying the control of diabetes and associated comorbidity in pre- and post-arthroplasty periods.","RAYYAN-INCLUSION: {""Dhruv ""=>""Included""}",,,,
rayyan-637107089,Trabecular bone texture detected by plain radiography is associated with an increased risk of knee replacement in patients with osteoarthritis: a 6 year prospective follow up study.,2014,1,1,Osteoarthritis and cartilage,,,,,Podsiadlo P and Cicuttini FM and Wolski M and Stachowiak GW and Wluka AE,https://pubmed.ncbi.nlm.nih.gov/24216061/,,,,"To examine the association between trabecular bone texture and knee joint replacement (KJR) measured using a variance orientation transform (VOT) method. The association of trabecular bone texture and KJR was examined prospectively over 6 years in 123 subjects with symptomatic knee osteoarthritis (OA): data regarding KJR was available for 114 (93%). At baseline, weight-bearing anteroposterior tibio-femoral radiographs were acquired. Trabecular bone texture regions were selected from the medial and lateral subchondral tibia. The VOT method was applied to each region and five fractal bone texture parameters, i.e., mean fractal dimension (FDMEAN), fractal dimensions in the horizontal (FDH) and vertical (FDV) directions, and along the roughest part of trabecular bone (FD(Sta)), and texture aspect ratio (Str) were calculated. The association between groups with increasing baseline fractal parameters (defined using tertiles) with risk of JR was examined using logistic regression. 28 (25%) participants' study knees underwent KJR over 6 years. Participants with KJR had lower medial FD(MEAN) and FD(H) parameters (P = 0.02 for difference). With increasing FD(MEAN), adjusted for age, gender, body mass index (BMI), osteophyte grade, joint space narrowing (JSN) grade and WOMAC pain score, the odds of KJR was reduced (P = 0.04 for trend). This study suggests that the texture of medial tibial trabecular bone measured from plain radiographs is related to the risk of KJR: with increasing FD(MEAN) (the overall measure of bone texture roughness) the risk of KJR was reduced, independent of other clinical predictors of joint replacement. Tibial trabecular bone texture may be a useful marker of disease progression and a target of therapy in OA.","RAYYAN-INCLUSION: {""Dhruv ""=>""Included""}",,,,
rayyan-637107092,Patient satisfaction with total knee replacement cannot be predicted from pre-operative variables alone: A cohort study from the National Joint Registry for England and Wales.,2013,1,1,The bone & joint journal,,,,,Baker PN and Rushton S and Jameson SS and Reed M and Gregg P and Deehan DJ,https://pubmed.ncbi.nlm.nih.gov/24078532/,,,,"Pre-operative variables are increasingly being used to determine eligibility for total knee replacement (TKR). This study was undertaken to evaluate the relationships, interactions and predictive capacity of variables available pre- and post-operatively on patient satisfaction following TKR. Using nationally collected patient reported outcome measures and data from the National Joint Registry for England and Wales, we identified 22 798 patients who underwent TKR for osteoarthritis between August 2008 and September 2010. The ability of specific covariates to predict satisfaction was assessed using ordinal logistic regression and structural equational modelling. Only 4959 (22%) of 22 278 patients rated the results of their TKR as 'excellent', despite the majority (71%, n = 15 882) perceiving their knee symptoms to be much improved. The strongest predictors of satisfaction were post-operative variables. Satisfaction was significantly and positively related to the perception of symptom improvement (operative success) and the post-operative EuroQol-5D score. While also significant within the models pre-operative variables were less important and had a minimal influence upon post-operative satisfaction. The most robust predictions of satisfaction occurred only when both pre- and post-operative variables were considered together. These findings question the appropriateness of restricting access to care based on arbitrary pre-operative thresholds as these factors have little bearing on post-operative satisfaction.","RAYYAN-INCLUSION: {""Dhruv ""=>""Included""}",,,,
rayyan-637107093,Overweight preoperatively impairs clinical outcome after knee arthroplasty: a cohort study of 197 patients 3–5 years after surgery.,2013,1,1,Acta orthopaedica,,,,,Liljensøe A and Lauersen JO and Søballe K and Mechlenburg I,https://pubmed.ncbi.nlm.nih.gov/23992141/,,,,"Obesity contributes much to the development of knee osteoarthritis. However, the association between obesity and outcome after knee replacement is controversial. We investigated whether there was an association between the preoperative body mass index (BMI) of patients who underwent total knee arthroplasty (TKA) and their quality of life (QoL) and physical function 3-5 years after surgery. 197 patients who had undergone primary TKA participated in a 3-5 year follow-up study. The outcome measures were the patient-reported Short Form 36 (SF-36) and the American Knee Society score (KSS). Ordinal logistic regression analysis (adjusted for age, sex, disease, and surgical approach) revealed a statistically significant correlation between BMI and 9 of the 14 outcome measures. For all outcome measures, we found an odds ratio (OR) of < 1. A difference in BMI of 1 kg/m(2) increased the risk of a lower score from a minimum of 2% (OR = 0.98 (0.93-1.03); p = 0.5) (Mental Component score) to a maximum of 13% (OR = 0.87 (0.82-0.93); p < 0.001) (KSS function score). Our findings indicate that TKA patients' preoperative BMI is a predictor of the clinical effect and patients' quality of life 3-5 years postoperatively. A high BMI increases the risk of poor QoL (SF-36) and physical function (KSS).","RAYYAN-INCLUSION: {""Dhruv ""=>""Included""}",,,,
rayyan-637107094,Total Knee Replacement as a Knee Osteoarthritis Outcome: Predictors Derived from a 4-Year Long-Term Observation following a Randomized Clinical Trial Using Chondroitin Sulfate.,2013,1,1,Cartilage,,,,,Raynauld JP and Martel-Pelletier J and Dorais M and Haraoui B and Choquette D and Abram F and Beaulieu A and Bessette L and Morin F and Wildi LM and Pelletier JP,https://pubmed.ncbi.nlm.nih.gov/26069668/,,,,"To predict, using clinical and qMRI data, the incidence of total knee replacement (TKR) during the long-term follow-up of knee osteoarthritis (OA) patients who formerly received chondroitin sulfate (CS) or placebo treatment. A post hoc intention-to-treat analysis to evaluate the incidence of TKR was done on knee OA patients who had participated in a 12-month trial evaluating the impact of CS (800 mg/d) versus placebo for 6 months, followed by a 6-month open-phase in which all patients received CS. Additionally, the clinical and qMRI predictors of TKR were determined. Thirteen TKRs were performed in the population after a 4-year follow-up. More TKRs were performed in the placebo group than in the CS group (69% vs. 31%, P = 0.150, logistic regression). The statistically significant predictors of TKRs were, at baseline, higher WOMAC pain and function scores, presence of bone marrow lesions (BMLs), and higher C-reactive protein levels. Loss of medial cartilage volume and increase in WOMAC pain and function at one-year were also predictors of TKR. Multivariate analyses revealed that baseline presence of BML and higher WOMAC pain score were independent predictors. Time to occurrence of the TKR also favored the CS group versus placebo (log-rank, P = 0.094). Symptoms such as knee pain and function, presence of BML, and cartilage volume loss predict the long-term occurrence of a ""hard"" outcome such as TKR.","RAYYAN-INCLUSION: {""Dhruv ""=>""Included""}",,,,
rayyan-637107095,Early postoperative predictors of satisfaction following total knee arthroplasty.,2013,1,1,The Knee,,,,,Williams DP and O'Brien S and Doran E and Price AJ and Beard DJ and Murray DW and Beverland DE,https://pubmed.ncbi.nlm.nih.gov/23777807/,,,,"Despite the excellent total knee arthroplasty (TKA) results reported using traditional outcome measures, dissatisfaction rates of up to 30% are reported following surgery. Although several preoperative factors have been identified as possible predictors of satisfaction, there is conflicting evidence. Identification of dissatisfaction in the early postoperative assessment may therefore be an alternative consideration. We examined the relationship between 12-month satisfaction, and early post-operative outcomes in a cohort of 486 TKA patients. Preoperative, and postoperative outcome measures at 3- and 12-months (Oxford knee score, pain score, SF12, and knee motion), were analysed and compared between patients who were satisfied and dissatisfied at 12-months following TKA. Mean scores, and postoperative change in scores were calculated. Postoperative outcomes were examined for correlation with satisfaction, and multivariate logistic regression models used to identify potential predictors of dissatisfaction. Overall satisfaction was 77.0%. No preoperative differences were observed between groups. Dissatisfaction was associated with worse postoperative status across all outcome measures (p<0.001), except the 3-month SF12-physical component (p=0.052). Dissatisfied patients demonstrated minimal further improvement or even worsening of outcome scores between 3- and 12-months postoperatively (p<0.02). Both the 3-month OKS (OR=1.15, p<0.001), and knee flexion (OR=1.03, p=0.009) were significant predictors of subsequent 12-month satisfaction. Dissatisfaction following TKA is associated with worse outcomes as early as 3months following surgery, with minimal further improvement subsequently achieved at 12-months. Early postoperative assessment following TKA should therefore be considered, including clinical assessment, to identify those patients at risk of dissatisfaction.","RAYYAN-INCLUSION: {""Dhruv ""=>""Included""}",,,,
rayyan-637107097,A comparison of classical and anatomical total knee alignment methods in robotic total knee arthroplasty: classical and anatomical knee alignment methods in TKA.,2013,1,1,The Journal of arthroplasty,,,,,Yim JH and Song EK and Khan MS and Sun ZH and Seon JK,https://pubmed.ncbi.nlm.nih.gov/23540531/,,,,"The purpose of this study was to compare the clinical and radiological outcomes achieved using classical and anatomical alignment methods in primary total knee arthroplasty (TKA). One hundred and seventeen patients were randomly assigned to undergo robotic-assisted TKA using either the classical (56 patients) or the anatomical alignment method (61 patients). Clinical outcomes including varus and valgus laxities, ROM, HSS and WOMAC scores and radiological outcomes were evaluated after a minimum follow-up of 2 years. Varus and valgus laxity assessments showed no significant inter-group differences (P>0.05). Moreover, no significant differences were observed in ROM, HSS and WOMAC scores (P>0.05). We could not find any significant difference in mechanical alignment of the lower limb. The results of this study show that two alignment methods provide comparable clinical and radiological outcomes after primary TKA.","RAYYAN-INCLUSION: {""Dhruv ""=>""Included""}",,,,
rayyan-637107098,Patient factors predict functional outcomes after cruciate retaining TKA: a 2-year follow-up analysis.,2013,1,1,The Journal of arthroplasty,,,,,Roth JS and Buehler KC and Shen J and Naughton M,https://pubmed.ncbi.nlm.nih.gov/23523205/,,,,"We analyzed preoperative patient characteristics and postoperative functional outcomes to identify the most predictive preoperative characteristics of postoperative functional outcome for Cruciate Retaining (CR) TKA. In a prospective, multicenter study, 307 knees with minimum 2-year follow-up were first divided into groups based on 2-year functional performance. Logistic regression then determined SF-36 General Health Score (GHS) to be the most predictive preoperative patient characteristic. Subsequently, a second analysis was performed using preoperative SF-36 GHS to stratify patients into groups. Statistical significance was achieved in both analyses by gender, BMI and hypertension. Statistical significance was achieved in a single analysis by age, preoperative narcotic use, preoperative metabolic medication usage, preoperative pulmonary disease and preoperative use of medication for anxiety or depression.","RAYYAN-INCLUSION: {""Dhruv ""=>""Included""}",,,,
rayyan-637107107,Robotic-assisted TKA reduces postoperative alignment outliers and improves gap balance compared to conventional TKA.,2013,1,1,Clinical orthopaedics and related research,,,,,Song EK and Seon JK and Yim JH and Netravali NA and Bargar WL,https://pubmed.ncbi.nlm.nih.gov/22669549/,,,,"Several studies have shown mechanical alignment influences the outcome of TKA. Robotic systems have been developed to improve the precision and accuracy of achieving component position and mechanical alignment. We determined whether robotic-assisted implantation for TKA (1) improved clinical outcome; (2) improved mechanical axis alignment and implant inclination in the coronal and sagittal planes; (3) improved the balance (flexion and extension gaps); and (4) reduced complications, postoperative drainage, and operative time when compared to conventionally implanted TKA over an intermediate-term (minimum 3-year) followup period. We prospectively randomized 100 patients who underwent unilateral TKA into one of two groups: 50 using a robotic-assisted procedure and 50 using conventional manual techniques. Outcome variables considered were postoperative ROM, WOMAC scores, Hospital for Special Surgery (HSS) knee scores, mechanical axis alignment, flexion/extension gap balance, complications, postoperative drainage, and operative time. Minimum followup was 41 months (mean, 65 months; range, 41-81 months). There were no differences in postoperative ROM, WOMAC scores, and HSS knee scores. The robotic-assisted group resulted in no mechanical axis outliers (> ± 3° from neutral) compared to 24% in the conventional group. There were fewer robotic-assisted knees where the flexion gap exceeded the extension gap by 2 mm. The robotic-assisted procedures took an average of 25 minutes longer than the conventional procedures but had less postoperative blood drainage. There were no differences in complications between groups. Robotic-assisted TKA appears to reduce the number of mechanical axis alignment outliers and improve the ability to achieve flexion-extension gap balance, without any differences in clinical scores or complications when compared to conventional manual techniques.","RAYYAN-INCLUSION: {""Dhruv ""=>""Included""}",,,,
rayyan-637107109,Post-operative radiographic factors and patient-reported outcome after total hip replacement.,2012,1,1,Hip international : the journal of clinical and experimental research on hip pathology and therapy,,,,,Wylde V and Maclean A and Blom AW,https://pubmed.ncbi.nlm.nih.gov/22547373/,,,,"Although total hip replacement (THR) is considered a very successful surgical intervention, a proportion of patients experience persistent pain or disability, and/or dissatisfaction with the outcome of surgery. Our aim was to determine whether post-operative radiographic variables were predictive of patient-reported pain, function and satisfaction after primary THR. At 1-3 years after surgery patients completed the WOMAC Pain scale, WOMAC Function scale and a validated measure of satisfaction with the outcome of surgery. Post-operative radiographs taken prior to discharge were graded for the restoration of offset, restoration of leg length, anteroposterior (AP) alignment of the femoral stem and AP acetabular inclination. Binary logistic regression was used to identify whether radiographic variables were significant predictors of patient-reported outcome scores. Radiographic and patient-reported outcomes data were available for 452 THR patients. No radiographic predictors were found to be significant predictors of patient reported pain, function or satisfaction at 1-3 years after THR. This highlights that patients with continuing problems after THR may benefit from a thorough multidisciplinary assessment to diagnose the underlying cause of the problems.","RAYYAN-INCLUSION: {""Dhruv ""=>""Included""}",,,,
rayyan-637107110,Factors associated with non-response in routine use of patient reported outcome measures after elective surgery in England.,2012,1,1,Health and quality of life outcomes,,,,,Hutchings A and Neuburger J and Grosse Frie K and Black N and van der Meulen J,https://pubmed.ncbi.nlm.nih.gov/22462512/,,,,"Patient-reported outcome measures are increasingly being used to compare providers. We studied whether non-response rates to post-operative questionnaires are associated with patients' characteristics and organisational features of providers. 131,447 patients who underwent a hip or knee replacement, hernia repair or varicose vein surgery in 2009-10 in England. Multivariable logistic regression to calculate adjusted odds ratios of non-response for characteristics of the patients and organisational characteristics of providers. Multiple imputation was used for missing patient characteristics. Providers were included as random effects. Response rates to the post-operative questionnaire were 85.1% for hip replacement (n = 37 961), 85.3% for knee replacements (n = 44 422), 72.9% for hernia repair (n = 34 964), and 64.8% for varicose vein surgery (n = 14 100). Across the four procedures, there were higher levels of non-response in men (odds ratios 1.03 [95% CI 0.95-1.11] - 1.35 [1.25-1.46]), younger patients (those under 55 years 3.01 [2.72-3.32] - 6.05 [5.49-6.67]), non-white patients (1.24 [1.11-1.38] - 2.08 [1.89-2.31]), patients in the most deprived quintile of socio-economic status (1.47 [1.34-1,62] - 1.86 [1.71-2.03]), those who lived alone (1.11 [0.99-1.23] - 1.27 [1.18-1.36]) and those who had been assisted when completing their pre-operative questionnaire (1.26 [1.10-1.46] -1.67 [1.56-1.79]). Non-response rates were also higher in patients who had poorer pre-operative health (three or more comorbidities: 1.14 [0.96-1.35] - 1.45 [1.30-1.63]). Providers' patient recruitment rates before surgery and the timing of pre-operative questionnaire administration did not affect the rates of response to post-operative questionnaires. If non-response can be shown to be associated with outcome, then rates of non-response to post-operative questionnaires would need to be taken into account when these measures are being used to compare the performance of providers or to evaluate surgical procedures.","RAYYAN-INCLUSION: {""Dhruv ""=>""Included""}",,,,
rayyan-637107111,Clinical tool to identify patients who are most likely to achieve long-term improvement in physical function after total hip arthroplasty.,2012,1,1,Arthritis care & research,,,,,Judge A and Javaid MK and Arden NK and Cushnaghan J and Reading I and Croft P and Dieppe PA and Cooper C,https://pubmed.ncbi.nlm.nih.gov/22232080/,,,,"To develop a clinical risk prediction tool to identify patients most likely to experience long-term clinically meaningful functional improvement following total hip arthroplasty (THA). We studied 282 patients from 2 health districts in England (Portsmouth and North Staffordshire) who were ≥45 years of age and undergoing THA for primary osteoarthritis. Baseline data on age, sex, comorbidity, body mass index (BMI), functional status (Short Form 36 [SF-36]), and preoperative radiographic severity were collected by interview and examination. The outcome was a clinically significant (30-point) improvement in SF-36 physical function score assessed ~8 years after THA. Logistic regression modeling was used to identify predictors of functional improvement. Improvement in physical function was less likely in patients with better preoperative functioning (odds ratio [OR] 0.73 [95% confidence interval (95% CI) 0.60, 0.89]), older people (OR 0.94 [95% CI 0.90, 0.98]), women (OR 0.37 [95% CI 0.19, 0.72]), those with a previous hip injury (OR 0.14 [95% CI 0.03, 0.74]), and those with a greater number of painful joint sites (OR 0.61 [95% CI 0.46, 0.80]). Patients with worse radiographic grades were most likely to improve (OR 2.15 [95% CI 1.17, 3.93]). We found no influence of BMI or patient comorbidity on functional outcome. Predictors of good outcomes were the same as those of bad outcomes, acting in the opposite direction. A clinical risk prediction tool was developed to identify patients who are most likely to receive functional improvement following THA. This prediction tool has the potential to inform health care professionals and patients about functional improvement following THA (as distinct from driving rationing or commissioning decisions regarding who should have surgery); it requires introduction into clinical practice under research conditions to investigate its impact on decisions made by patients and clinicians.","RAYYAN-INCLUSION: {""Dhruv ""=>""Included""}",,,,
rayyan-637107112,Quality of life and functionality after total hip arthroplasty: a long-term follow-up study.,2011,1,1,BMC musculoskeletal disorders,,,,,Mariconda M and Galasso O and Costa GG and Recano P and Cerbasi S,https://pubmed.ncbi.nlm.nih.gov/21978244/,,,,"There is a lack of data on the long-term outcome of total hip arthroplasty procedures, as assessed by validated tools. We conducted a follow-up study to evaluate the quality of life and functionality of 250 patients an average of 16 years (range: 11-23 years) after total hip arthroplasty using a validated assessment set including the SF-36 questionnaire, Harris Hip Score, WOMAC score, Functional Comorbidity Index, and a study specific questionnaire. Models of multiple stepwise linear and logistic regression analysis were constructed to evaluate the relationships between several explanatory variables and these functional outcomes. The SF-36 physical indexes of these patients compared negatively with the normative values but positively with the results obtained in untreated subjects with severe hip osteoarthritis. Similar results were detected for the Harris Hip Score and WOMAC score. There was a 96% rate of post-surgical satisfaction. Hip functionality and comorbidities were the most important determinants of physical measures on the SF-36. Patients who had undergone total hip arthroplasty have impaired long-term self-reported physical quality of life and hip functionality but they still perform physically better than untreated patients with advanced hip osteoarthritis. However, the level of post-surgical satisfaction is high.","RAYYAN-INCLUSION: {""Dhruv ""=>""Included""}",,,,
rayyan-637107113,The importance of patient expectations as a determinant of satisfaction with waiting times for hip and knee replacement surgery.,2011,1,1,"Health policy (Amsterdam, Netherlands)",,,,,Conner-Spady BL and Sanmartin C and Johnston GH and McGurran JJ and Kehler M and Noseworthy TW,https://pubmed.ncbi.nlm.nih.gov/21680042/,,,,"The disconfirmation model hypothesizes that satisfaction is a function of a perceived discrepancy from an initial expectation. Our objectives were: (1) to test the disconfirmation model as it applies to patient satisfaction with waiting time (WT) and (2) to build an explanatory model of the determinants of satisfaction with WT for hip and knee replacement. We mailed 1000 questionnaires to 2 random samples: patients waiting or those who had received a joint replacement within the preceding 3-12 months. We used ordinal logistic regression analysis to build an explanatory model of the determinants of satisfaction. Of the 1330 returned surveys, 1240 contained patient satisfaction data. The sample was 57% female; mean age was 70 years (SD 11). Consistent with the disconfirmation model, when their WTs were longer than expected, both waiting (OR 5.77, 95% CI 3.57-9.32) and post-surgery patients (OR 6.57, 95% CI 4.21-10.26) had greater odds of dissatisfaction, adjusting for the other variables in the model. Compared to those who waited 3 months or less, post-surgery patients who waited 6 to 12 months (OR 2.59, 95% CI 1.27-5.27) and over 12 months (OR 3.30, 95% CI 1.65-6.58) had greater odds of being dissatisfied with their waiting time. Patients who felt they were treated unfairly had greater odds of being dissatisfied (OR 4.74, 95% CI 2.60-8.62). In patients on waiting lists and post-surgery for hip and knee replacement, satisfaction with waiting times is related to fulfillment of expectations about waiting, as well as a perception of fairness. Measures to modify expectations and increase perceived fairness, such as informing patients of a realistic WT and communication during the waiting period, may increase satisfaction with WTs.","RAYYAN-INCLUSION: {""Dhruv ""=>""Included""}",,,,
rayyan-637107114,Does pre-operative psychological distress affect patient satisfaction after primary total hip arthroplasty?,2011,1,1,BMC musculoskeletal disorders,,,,,Hossain M and Parfitt DJ and Beard DJ and Darrah C and Nolan J and Murray DW and Andrew G,https://pubmed.ncbi.nlm.nih.gov/21631923/,,,,There are concerns that pre-operative psychological distress might be associated with reduced patient satisfaction after total hip replacement (THR). We investigated this in a multi-centre prospective study between January 1999 and January 2002. We dichotomised the patients into the mentally distressed (MHS ≤ 56) and the not mentally distressed (MHS > 56) groups based on their pre-operative Mental Health Score (MHS) of SF36. 448 patients (340 not distressed and 108 distressed) completed the patient satisfaction survey. Patient satisfaction rate at five year was 96.66% (415/448). There was no difference in patient satisfaction or willingness to have the surgery between the two groups. None of pre-operative variables predicted five year patient satisfaction in logistic regression. Patient satisfaction after surgery may not be adversely affected by pre-operative psychological distress.,"RAYYAN-INCLUSION: {""Dhruv ""=>""Included""}",,,,
rayyan-637107117,"Simultaneous bilateral total knee arthroplasty with robotic and conventional techniques: a prospective, randomized study.",2011,1,1,"Knee surgery, sports traumatology, arthroscopy : official journal of the ESSKA",,,,,Song EK and Seon JK and Park SJ and Jung WB and Park HW and Lee GW,https://pubmed.ncbi.nlm.nih.gov/21311869/,,,,"The authors performed this study to compare the outcomes of robotic-assisted and conventional TKA in same patient simultaneously. It was hypothesized that the robotic-assisted procedure would produce better leg alignment and component orientation, and thus, improve patient satisfaction and clinical and radiological outcomes. Thirty patients underwent bilateral sequential total knee replacement. One knee was replaced by robotic-assisted implantation and the other by conventional implantation. Radiographic results showed significantly more postoperative leg alignment outliers of conventional sides than robotic-assisted sides (mechanical axis, coronal inclination of the femoral prosthesis, and sagittal inclination of the tibial prosthesis). Robotic-assisted sides had non-significantly better postoperative knee scores and ROMs. Robotic-assisted sides needed longer operation times (25 min, SD ± 18) and longer skin incisions. Nevertheless, postoperative bleeding was significantly less for robotic-assisted sides. The better alignment accuracy of robotic TKA and the good clinical results achieved may favorably influence clinical and radiological outcomes.","RAYYAN-INCLUSION: {""Dhruv ""=>""Included""}",,,,
rayyan-637107118,Total hip and total knee arthroplasties: trends and disparities revisited.,2010,1,1,"American journal of orthopedics (Belle Mead, N.J.)",,,,,Bang H and Chiu YL and Memtsoudis SG and Mandl LA and Della Valle AG and Mushlin AI and Marx RG and Mazumdar M,https://pubmed.ncbi.nlm.nih.gov/21290031/,,,,"Total joint arthroplasties are recognized as being effective in the treatment of joint disease and making a significant difference in patients' quality of life. Understanding the trends and disparities in use of these procedures is important for policy decisions. However, research on these issues has been limited because of the suboptimal samples used. To study trends and racial and economic disparities associated with total hip and total knee arthroplasties, we used a large national database, Nationwide Inpatient Sample, 1996-2005, which may be best suited for elucidating trends and disparities in treatment use. Primary and revision hip and knee arthroplasties were the primary outcomes. Rates of use were computed by count per 100,000 persons in the population. Logistic regression was used to examine the associations between disparity factors and each outcome, where regressors included age, sex, race, regional income, hospital characteristics, payer, comorbidities, and obesity. Between 1996 and 2005, primary arthroplasty rates have increased, but revision rates only minimally. Racial disparities were larger than income disparities. Our study also revealed that racial disparities were not confined to the elderly or to low-income populations. This may mean that there is an unmet need for these medical procedures among racial minorities.","RAYYAN-INCLUSION: {""Dhruv ""=>""Included""}",,,,
rayyan-637107119,Prevalence of clinically significant improvement following total knee replacement.,2011,1,1,The Journal of rheumatology,,,,,Alzahrani K and Gandhi R and Debeer J and Petruccelli D and Mahomed N,https://pubmed.ncbi.nlm.nih.gov/21239743/,,,,"Although total knee replacement (TKR) has a high reported success rate, the pain relief and functional improvement after surgery vary. The purpose of our retrospective cohort study was to determine the prevalence of patients showing no clinically important improvement 1 year after TKR, and patient factors that may predict this outcome. We reviewed primary TKR registry data that were collected from 2 academic hospitals: the Toronto Western Hospital and the Hamilton Health Sciences Henderson Hospital in Ontario, Canada. Relevant covariates including demographic data, body mass index, and comorbidity were recorded. Knee joint pain and functional status were assessed at baseline and at 1-year followup with the Western Ontario McMaster University Osteoarthritis Index (WOMAC) and Oxford Knee Score (OKS) to measure the change using the minimal clinically important difference (MCID). Logistic regression modeling was used to identify the predictors of interest. Overall, 11.7% (373/3177) of patients reported no clinically important improvement 1 year after surgery. Logistic regression modeling showed that a greater patient age independently predicted no clinically important improvement on the WOMAC scale 1 year after surgery (p = 0.0003), while being male independently predicted no clinically important improvement on the OKS 1 year after surgery (p = 0.008). Awareness of the prevalence of patients who may show no clinically important improvement and factors that predict this outcome will help patients and surgeons set realistic expectations of surgery.","RAYYAN-INCLUSION: {""Dhruv ""=>""Included""}",,,,
rayyan-637107122,"Social, educational, and occupational predictors of total hip replacement outcome.",2010,1,1,Osteoarthritis and cartilage,,,,,Schäfer T and Krummenauer F and Mettelsiefen J and Kirschner S and Günther KP,https://pubmed.ncbi.nlm.nih.gov/20546906/,,,,"There is limited evidence on social, educational, and occupational factors as predictors of response to total hip replacement (THR). We aimed to analyze these factors in a large population-based setting. Patients of the Dresden Hip Surgery Registry were recruited and the pre and post (6 months) operative functional status was assessed using the global Western Ontario and McMasters Universities Osteoarthritis Index (WOMAC) score (0-100 points). Non-response was defined a gain of <20 points in WOMAC score over a 6 months period and was analyzed with respect to six socioeconomic parameters. Multiple logistic regression modeling was applied to adjust for age, sex, BMI, co-morbidity, and preoperative functional status. Data from 1007 patients (mean age 61 years, STD 13; 55% women) were included. The average preoperative WOMAC score was 45.8 which increased to 84.4 after surgery. 38.2%, 36.6%, and 25.3% of the patients attended school for 8, 9, and 12 years, respectively. 54.1% were retired, 26.9% worked full time, and 6.7% received a disability pension. A 14.8% of the patients did not achieve a gain of > or =20 points in WOMAC score and were classified as non-responders. After control for confounders, significantly increased risks of non-response were found for widowed patients compared to singles [odds ratio (OR) 4.30, 1.45-12.71], those who lived alone (OR 1.70, 1.02-2.85), and patients with a disability pension compared to those who worked full time (OR 5.81, 2.33-14.46). The risk of non-response decreased with increasing length of school education (12 vs 8 years: OR 0.49, 0.27-0.89). Compared to workers, employees (OR 0.55, 0.33-0.90) and self-employed patients (OR 0.41, 0.18-0.94) showed significantly decreased risks of non-response. Socioeconomic parameters are independent predictors of response to THR. This can help to improve the health service by identifying subgroups which need special attention in order to increase the response rate.","RAYYAN-INCLUSION: {""Dhruv ""=>""Included""}",,,,
